class,arm,estimator,snr0,family,n_truths,PHYSICAL_END_TO_END_median_reduction,PHYSICAL_END_TO_END_ci_low,PHYSICAL_END_TO_END_ci_high,PHYSICAL_END_TO_END_improves,CLASS_CONDITIONAL_median_reduction,CLASS_CONDITIONAL_ci_low,CLASS_CONDITIONAL_ci_high,CLASS_CONDITIONAL_improves
L448_contrast,RESOLVED_PHYSICAL,RIDGE_IDENTITY,100.0,circular_hotspot_trajectory,6,0.10669213987932691,-0.0729745177049449,0.17668554289650393,False,0.1422803258251932,0.04672418973034034,0.180632693458481,True
L448_contrast,TOTAL_FLUX,RIDGE_IDENTITY,100.0,circular_hotspot_trajectory,6,0.016935451837896614,-0.06885164890967752,0.156452976860216,False,0.01615666664443673,-0.07368208265395036,0.08184148446369434,False
L448_contrast,UNRESOLVED_IMAGE,RIDGE_IDENTITY,100.0,circular_hotspot_trajectory,6,0.00013999864530093715,-7.342629007157106e-17,0.004513753970872803,False,0.00017039534777828701,-6.502374960145755e-17,0.004521528928786955,False
L448_contrast,RESOLVED_PHYSICAL,RIDGE_IDENTITY,100.0,flare_birth_motion_decay,6,0.14241377266010943,0.055113731221390475,0.4750902683000964,True,0.17059567163127612,0.0006005191779983182,0.4974516851258602,True
L448_contrast,TOTAL_FLUX,RIDGE_IDENTITY,100.0,flare_birth_motion_decay,6,0.08774277898938516,-0.06775438846761671,0.49028108989093955,False,0.1579689726073524,-0.11540089146127619,0.40774936173179077,False
L448_contrast,UNRESOLVED_IMAGE,RIDGE_IDENTITY,100.0,flare_birth_motion_decay,6,0.12303442382076117,0.004465748956267106,0.2869395199709798,True,0.11616393447900689,0.007332534256796646,0.27577580149070163,True
L448_contrast,RESOLVED_PHYSICAL,RIDGE_IDENTITY,100.0,m1_rotating_crescent,6,-0.04864664042312954,-0.13732823655208082,0.11469001340573647,False,0.08920111683836587,-0.06598458288808216,0.22843307700857196,False
L448_contrast,TOTAL_FLUX,RIDGE_IDENTITY,100.0,m1_rotating_crescent,6,0.004243463155748917,-0.13418171079940983,0.15947855243203068,False,-0.05331736524413294,-0.14062444997866902,0.09366962807266407,False
L448_contrast,UNRESOLVED_IMAGE,RIDGE_IDENTITY,100.0,m1_rotating_crescent,6,-0.0001922837683092636,-0.0012647255356659677,0.0,False,-0.00021462465748445188,-0.0014441968792035804,-5.7264553679642796e-05,False
L448_contrast,RESOLVED_PHYSICAL,RIDGE_IDENTITY,100.0,m2_structural_mode,6,0.09939274057387057,0.004169497304902731,0.20105749562870182,True,0.1640860437353392,0.09543611082100403,0.21523988617327675,True
L448_contrast,TOTAL_FLUX,RIDGE_IDENTITY,100.0,m2_structural_mode,6,-0.02517854042546217,-0.19564107895810395,0.06002269043580714,False,-0.041147457476151394,-0.16194601734290928,0.05431341378775395,False
L448_contrast,UNRESOLVED_IMAGE,RIDGE_IDENTITY,100.0,m2_structural_mode,6,1.5582096224349748e-05,-0.000899034383023671,0.0038138775598790253,False,1.2084041584452195e-05,-0.000818419240245737,0.00398122036192632,False
L448_contrast,RESOLVED_PHYSICAL,RIDGE_IDENTITY,100.0,plunging_feature,6,0.09522697465948052,0.0672387047359578,0.17457396963354146,True,0.08149217252993875,0.06138782341658103,0.10479124397088849,True
L448_contrast,TOTAL_FLUX,RIDGE_IDENTITY,100.0,plunging_feature,6,-0.07286169654777921,-0.10251768294851267,0.016838913410955305,False,-0.005462650286163046,-0.11289859113357857,0.06760147025533345,False
L448_contrast,UNRESOLVED_IMAGE,RIDGE_IDENTITY,100.0,plunging_feature,6,-6.2665977015019165e-06,-0.0005982790525659824,0.004874783493932265,False,-0.00030284072506110135,-0.002299836805378441,0.0010635903797912927,False
L448_contrast,RESOLVED_PHYSICAL,RIDGE_IDENTITY,100.0,two_hotspot_trajectories,6,-0.01660322526422604,-0.19163111611157646,0.2156902580129473,False,-0.014807727459784654,-0.17126417704478628,0.21225996117777363,False
L448_contrast,TOTAL_FLUX,RIDGE_IDENTITY,100.0,two_hotspot_trajectories,6,-0.039673725842094526,-0.12993995073350836,0.07699810831702573,False,-0.07706280086621674,-0.115995860023983,0.07375485910834635,False
L448_contrast,UNRESOLVED_IMAGE,RIDGE_IDENTITY,100.0,two_hotspot_trajectories,6,-0.0012551347657986155,-0.028009914415743464,0.0010508663574225177,False,-0.0012528528231948663,-0.03143009870921893,0.0010588954003568649,False
L448_contrast,RESOLVED_PHYSICAL,TSVD,100.0,circular_hotspot_trajectory,6,0.12134562177054851,-0.09615076617242933,0.20239468721466458,False,0.12329977272406652,0.021576252173051095,0.21046345965341573,True
L448_contrast,TOTAL_FLUX,TSVD,100.0,circular_hotspot_trajectory,6,0.09066741493958948,-0.010583070585847714,0.1453303667175612,False,0.04583073150472504,-0.01434920649900209,0.13535582572646354,False
L448_contrast,UNRESOLVED_IMAGE,TSVD,100.0,circular_hotspot_trajectory,6,-5.1519801573639366e-05,-0.007203263014094005,0.0055183310661175,False,-4.886042401400275e-05,-0.007153269511760609,0.0011413961728546935,False
L448_contrast,RESOLVED_PHYSICAL,TSVD,100.0,flare_birth_motion_decay,6,0.2644529761585731,0.039326008558083186,0.40258508737870946,True,0.2113653957214744,0.01752374063260284,0.3737455436430219,True
L448_contrast,TOTAL_FLUX,TSVD,100.0,flare_birth_motion_decay,6,0.1045161299518441,0.05777356216605473,0.4687545389924329,True,0.14640435572969257,0.07692126984940706,0.4276257055278282,True
L448_contrast,UNRESOLVED_IMAGE,TSVD,100.0,flare_birth_motion_decay,6,0.02371649356995201,0.001327904094101317,0.1921402829615302,True,0.048054995630008306,0.003952885630102822,0.3064360740480255,True
L448_contrast,RESOLVED_PHYSICAL,TSVD,100.0,m1_rotating_crescent,6,-0.01758856817156597,-0.0940880354288583,0.11488391303209693,False,0.12467023666012962,-0.04182242792109017,0.30512563771192003,False
L448_contrast,TOTAL_FLUX,TSVD,100.0,m1_rotating_crescent,6,0.09547521548515406,-0.033840690556456526,0.1603825190154819,False,0.052881212252579454,-0.04390239501187044,0.13189179004714288,False
L448_contrast,UNRESOLVED_IMAGE,TSVD,100.0,m1_rotating_crescent,6,-6.568482223387208e-05,-0.00027208891370328363,0.0009794084068234779,False,-4.9510724427136956e-05,-0.0002378912586024313,0.001542106426002366,False
L448_contrast,RESOLVED_PHYSICAL,TSVD,100.0,m2_structural_mode,6,0.13211902356243777,0.09131310138794145,0.18106334951561703,True,0.16776828555247963,0.09293939231296428,0.27391750898587963,True
L448_contrast,TOTAL_FLUX,TSVD,100.0,m2_structural_mode,6,0.02202919591822719,-0.01184666093731511,0.09339737631932554,False,0.025125413015264803,-0.0007774958298096146,0.09254576656542053,False
L448_contrast,UNRESOLVED_IMAGE,TSVD,100.0,m2_structural_mode,6,4.5879862965111905e-05,-0.0009279921156637747,0.00014893750243602955,False,2.0997754507316992e-05,-0.000901595326753783,0.00018402321511776785,False
L448_contrast,RESOLVED_PHYSICAL,TSVD,100.0,plunging_feature,6,0.05819458327557979,0.01817485532768569,0.10170154669018659,True,0.06812577113033266,0.03848538692249495,0.1280365166559956,True
L448_contrast,TOTAL_FLUX,TSVD,100.0,plunging_feature,6,0.01956789124843044,-0.027796513390467258,0.028619634880989217,False,0.02203870088619577,-0.008452445869609882,0.04391091005558008,False
L448_contrast,UNRESOLVED_IMAGE,TSVD,100.0,plunging_feature,6,0.0017017309731425076,-0.006248917998119384,0.009882761664001882,False,0.00024338523158048,-0.009337190961205352,0.007092768050654046,False
L448_contrast,RESOLVED_PHYSICAL,TSVD,100.0,two_hotspot_trajectories,6,-0.02822807649032886,-0.12782348703300164,0.17323582629837503,False,-0.004510430920988311,-0.1444372163381893,0.18541112355328296,False
L448_contrast,TOTAL_FLUX,TSVD,100.0,two_hotspot_trajectories,6,0.040071092425531946,-0.17007077418711253,0.07181325755579557,False,0.042794307948483226,-0.2006124563235623,0.07344737267317913,False
L448_contrast,UNRESOLVED_IMAGE,TSVD,100.0,two_hotspot_trajectories,6,-0.0016675678377237736,-0.029240697411427236,0.01871540337249583,False,-0.0016249632626557787,-0.02612401578888702,0.00789251832737281,False
L448_contrast,RESOLVED_PHYSICAL,RIDGE_IDENTITY,1000.0,circular_hotspot_trajectory,6,0.13311263971851606,-0.059849911111504214,0.21039033331724474,False,0.1433584998279236,0.08424085779266617,0.21343481152501456,True
L448_contrast,TOTAL_FLUX,RIDGE_IDENTITY,1000.0,circular_hotspot_trajectory,6,0.13077136954008295,0.04937247322243175,0.1856483698338737,True,0.0991674790156653,0.033035244929790666,0.14712579319726488,True
L448_contrast,UNRESOLVED_IMAGE,RIDGE_IDENTITY,1000.0,circular_hotspot_trajectory,6,0.0,-0.0041815137015658406,0.0002847370549856603,False,0.0,-0.0041815137015658406,0.00031888728037186647,False
L448_contrast,RESOLVED_PHYSICAL,RIDGE_IDENTITY,1000.0,flare_birth_motion_decay,6,0.18446833428854514,0.13708899536005967,0.3004489732948483,True,0.2556408042649397,0.10985081560212709,0.3221738933688655,True
L448_contrast,TOTAL_FLUX,RIDGE_IDENTITY,1000.0,flare_birth_motion_decay,6,0.11633616795903681,-0.031295511208113067,0.5124022824525958,False,0.1719850945063937,-0.0876372428918781,0.4347549694385031,False
L448_contrast,UNRESOLVED_IMAGE,RIDGE_IDENTITY,1000.0,flare_birth_motion_decay,6,0.12148824599114817,0.001039846292099292,0.29132737775265793,True,0.10482591340466611,0.002280320896285503,0.28121409702651107,True
L448_contrast,RESOLVED_PHYSICAL,RIDGE_IDENTITY,1000.0,m1_rotating_crescent,6,-0.05561803697297801,-0.13455903032135616,0.11639298456324361,False,0.08464443691212753,-0.06517308850534995,0.23213258368243953,False
L448_contrast,TOTAL_FLUX,RIDGE_IDENTITY,1000.0,m1_rotating_crescent,6,0.0226226275905183,-0.1423110353257839,0.16019600985630333,False,-0.06113356274367483,-0.14907637165730198,0.10711140989780617,False
L448_contrast,UNRESOLVED_IMAGE,RIDGE_IDENTITY,1000.0,m1_rotating_crescent,6,0.0,-0.0003982953602373706,0.0005989323959747506,False,-9.622785705174367e-05,-0.00043012478253212096,0.0005811143609846899,False
L448_contrast,RESOLVED_PHYSICAL,RIDGE_IDENTITY,1000.0,m2_structural_mode,6,0.09556573580089102,-0.001411408948575079,0.20064675152064584,False,0.17315631950945487,0.08234678398233586,0.2089654562848573,True
L448_contrast,TOTAL_FLUX,RIDGE_IDENTITY,1000.0,m2_structural_mode,6,-0.030663086104200807,-0.2029462260900733,0.044678901475975676,False,-0.04520988528159753,-0.1659067121881091,0.04295486357794934,False
L448_contrast,UNRESOLVED_IMAGE,RIDGE_IDENTITY,1000.0,m2_structural_mode,6,0.00025188021806131055,0.0,0.007067428498816308,False,0.00027478456047594824,0.0,0.007284360192275661,False
L448_contrast,RESOLVED_PHYSICAL,RIDGE_IDENTITY,1000.0,plunging_feature,6,0.09989156557554742,0.05864098057066566,0.1688423341493057,True,0.07904361586613665,0.053716183610178526,0.11089666593073409,True
L448_contrast,TOTAL_FLUX,RIDGE_IDENTITY,1000.0,plunging_feature,6,-0.08070170323303996,-0.10672806236725767,-0.04134165766083031,False,-0.05407275853250491,-0.1266681730559702,0.06681124549362455,False
L448_contrast,UNRESOLVED_IMAGE,RIDGE_IDENTITY,1000.0,plunging_feature,6,0.00012841776857302567,-0.0064270590429607415,0.0030893807201918134,False,4.408897673329583e-05,-0.006295698150989934,0.0014182851034105237,False
L448_contrast,RESOLVED_PHYSICAL,RIDGE_IDENTITY,1000.0,two_hotspot_trajectories,6,-0.01762204541012818,-0.16736368030603974,0.2111888788915555,False,-0.004667989811465191,-0.16540401401329025,0.2175791587883566,False
L448_contrast,TOTAL_FLUX,RIDGE_IDENTITY,1000.0,two_hotspot_trajectories,6,-0.02871829127266295,-0.1950251012255878,0.08186790572699354,False,-0.04809083741981241,-0.17088637962206676,0.07905831936225204,False
L448_contrast,UNRESOLVED_IMAGE,RIDGE_IDENTITY,1000.0,two_hotspot_trajectories,6,3.0343616376115902e-05,-0.024691201418958097,0.0027731236303306216,False,0.0,-0.008746687872402847,9.10521912151466e-05,False
L448_contrast,RESOLVED_PHYSICAL,TSVD,1000.0,circular_hotspot_trajectory,6,0.16668614092167133,-0.08809446325559325,0.19609858535414415,False,0.169967897581392,0.02896801129012856,0.20377348658339678,True
L448_contrast,TOTAL_FLUX,TSVD,1000.0,circular_hotspot_trajectory,6,0.15475134106008506,0.0970915978028217,0.19827603609932393,True,0.12593333992627337,0.05995045208963094,0.19909468688435908,True
L448_contrast,UNRESOLVED_IMAGE,TSVD,1000.0,circular_hotspot_trajectory,6,0.0,-0.0027047640178883554,0.0028275533718454754,False,0.0,-0.002685880244060267,0.002642868126397341,False
L448_contrast,RESOLVED_PHYSICAL,TSVD,1000.0,flare_birth_motion_decay,6,0.2674862044422721,0.050102312279601276,0.3530867382598809,True,0.22717847513573397,0.025824106077982856,0.3944270448073738,True
L448_contrast,TOTAL_FLUX,TSVD,1000.0,flare_birth_motion_decay,6,0.15911678278175934,0.09159432866354142,0.5197719572941308,True,0.20385068607360926,0.07371596477568966,0.4719523587367052,True
L448_contrast,UNRESOLVED_IMAGE,TSVD,1000.0,flare_birth_motion_decay,6,0.025553723305864078,0.0014194371099420142,0.19008060936855287,True,0.04933119736476148,0.00381221861788737,0.30536202154895387,True
L448_contrast,RESOLVED_PHYSICAL,TSVD,1000.0,m1_rotating_crescent,6,-0.012052016386984851,-0.09179419007242401,0.11406192341566485,False,0.1295379480527086,-0.03980741678994065,0.306566320648918,False
L448_contrast,TOTAL_FLUX,TSVD,1000.0,m1_rotating_crescent,6,0.09837857448454523,-0.03241058943438833,0.16544752568119542,False,0.055720182986455785,-0.04178811326714001,0.13424742954354224,False
L448_contrast,UNRESOLVED_IMAGE,TSVD,1000.0,m1_rotating_crescent,6,0.0,-0.00026104821045138613,0.00017539014264779677,False,0.0,-0.000251620254845508,0.00036255747542317447,False
L448_contrast,RESOLVED_PHYSICAL,TSVD,1000.0,m2_structural_mode,6,0.12054567377437121,0.07778856381414045,0.1784581407150875,True,0.15209633931766048,0.08522397887578541,0.27446731083801584,True
L448_contrast,TOTAL_FLUX,TSVD,1000.0,m2_structural_mode,6,-0.00021241759242959465,-0.01908730208215891,0.10286923857340159,False,0.006341680530671485,-0.008791534301489889,0.10354116472746373,False
L448_contrast,UNRESOLVED_IMAGE,TSVD,1000.0,m2_structural_mode,6,0.0,-0.0031106147367929186,0.00015309703102466598,False,0.0,-0.0032887879600908593,0.00015009475126183863,False
L448_contrast,RESOLVED_PHYSICAL,TSVD,1000.0,plunging_feature,6,0.0811290490705604,0.030063573028608792,0.12715985847955763,True,0.08659709899272912,0.04078422373191164,0.15993371195572642,True
L448_contrast,TOTAL_FLUX,TSVD,1000.0,plunging_feature,6,0.030267919504720832,0.008235252901309751,0.04946250557157855,True,0.03333511940868051,0.012731874539251207,0.08845156921520926,True
L448_contrast,UNRESOLVED_IMAGE,TSVD,1000.0,plunging_feature,6,0.005322034064099673,-0.0047428920209036975,0.027515478680943155,False,-0.0031903137157133334,-0.00479728707862145,0.020413526295171885,False
L448_contrast,RESOLVED_PHYSICAL,TSVD,1000.0,two_hotspot_trajectories,6,-0.03440433267013359,-0.13189142185442737,0.1806625572185689,False,-0.00905835120569583,-0.1554073017540697,0.19281630844317807,False
L448_contrast,TOTAL_FLUX,TSVD,1000.0,two_hotspot_trajectories,6,-0.0053348759960996795,-0.15433633923237378,0.07784663264011499,False,-0.0011934656258174008,-0.18022691321488626,0.0796267507825404,False
L448_contrast,UNRESOLVED_IMAGE,TSVD,1000.0,two_hotspot_trajectories,6,-0.0018209912748890693,-0.03403113617145454,0.02066981273183645,False,-0.001818559625301432,-0.030604833634277538,0.008772497740670454,False
L896_radial_enriched,RESOLVED_PHYSICAL,RIDGE_IDENTITY,100.0,circular_hotspot_trajectory,6,0.06570738396580257,-0.10757165560213255,0.17374238007752213,False,0.07074265479014533,-0.10815618777145583,0.17374238007752213,False
L896_radial_enriched,TOTAL_FLUX,RIDGE_IDENTITY,100.0,circular_hotspot_trajectory,6,-0.05438366333957195,-0.17448844563946664,0.11375341486201848,False,-0.060205270591883436,-0.17890559826474622,0.1138064747396954,False
L896_radial_enriched,UNRESOLVED_IMAGE,RIDGE_IDENTITY,100.0,circular_hotspot_trajectory,6,0.0002597031884627776,-0.0012973804706265027,0.0018584216073543047,False,0.0004338737011425426,-0.0012973804706265027,0.0019036991918557821,False
L896_radial_enriched,RESOLVED_PHYSICAL,RIDGE_IDENTITY,100.0,flare_birth_motion_decay,6,0.2825322923746593,0.019130717086768067,0.4664934843648959,True,0.26015642429613944,0.010232988505260662,0.48558428343863425,True
L896_radial_enriched,TOTAL_FLUX,RIDGE_IDENTITY,100.0,flare_birth_motion_decay,6,0.06523332677456894,-0.05723138372031304,0.3841553179176349,False,0.08977881353298589,-0.0672605711573815,0.4023402123757953,False
L896_radial_enriched,UNRESOLVED_IMAGE,RIDGE_IDENTITY,100.0,flare_birth_motion_decay,6,0.1197724169156018,0.0020505948735080144,0.3300726378738065,True,0.1568773326724257,0.002754822914977812,0.3091430518489716,True
L896_radial_enriched,RESOLVED_PHYSICAL,RIDGE_IDENTITY,100.0,m1_rotating_crescent,6,0.177628064349818,0.01094446343509728,0.29377229157804063,True,0.17552068094868212,0.01094446343509728,0.288939607186834,True
L896_radial_enriched,TOTAL_FLUX,RIDGE_IDENTITY,100.0,m1_rotating_crescent,6,-0.012152038023504778,-0.1808155978602598,0.11205341706089722,False,-0.012152038023504778,-0.1880768325745436,0.11205341706089722,False
L896_radial_enriched,UNRESOLVED_IMAGE,RIDGE_IDENTITY,100.0,m1_rotating_crescent,6,0.0,-0.0014677918184385214,0.0005182123688203364,False,0.0,-0.0014677918184385214,0.0005979593241500087,False
L896_radial_enriched,RESOLVED_PHYSICAL,RIDGE_IDENTITY,100.0,m2_structural_mode,6,0.23338387862178991,0.06199189671419457,0.3525119270329511,True,0.23763030850591393,0.06199189671419457,0.3525119270329511,True
L896_radial_enriched,TOTAL_FLUX,RIDGE_IDENTITY,100.0,m2_structural_mode,6,-0.00017601690781574378,-0.18690390532067658,0.05893908583772171,False,-0.00017601690781574378,-0.18690390532067658,0.048639491934147565,False
L896_radial_enriched,UNRESOLVED_IMAGE,RIDGE_IDENTITY,100.0,m2_structural_mode,6,9.785370136332785e-05,-7.508664291388161e-06,0.005276553403468116,False,9.785370136332785e-05,-7.508664291388161e-06,0.005276553403468116,False
L896_radial_enriched,RESOLVED_PHYSICAL,RIDGE_IDENTITY,100.0,plunging_feature,6,0.10811028243900556,0.07404427100424796,0.21292867282431266,True,0.11058850442704073,0.07460230427975323,0.2098632023895745,True
L896_radial_enriched,TOTAL_FLUX,RIDGE_IDENTITY,100.0,plunging_feature,6,-0.03857483722345738,-0.09627848540240165,0.030276333569686856,False,-0.040510042993539476,-0.09650908244633194,0.024031313890107958,False
L896_radial_enriched,UNRESOLVED_IMAGE,RIDGE_IDENTITY,100.0,plunging_feature,6,-0.0004734374769801465,-0.001161142869148433,0.0034975513147054234,False,-0.0005336312722345137,-0.0013234536211372727,0.003991909599749151,False
L896_radial_enriched,RESOLVED_PHYSICAL,RIDGE_IDENTITY,100.0,two_hotspot_trajectories,6,0.13317600814807162,-0.01269721121260304,0.2687383194507472,False,0.16185637034536376,-0.0169437809753046,0.2709152147812266,False
L896_radial_enriched,TOTAL_FLUX,RIDGE_IDENTITY,100.0,two_hotspot_trajectories,6,-0.04891706672429533,-0.2374503637409043,0.08551038633065466,False,-0.049431663416246045,-0.31679247094258156,0.07388188305614343,False
L896_radial_enriched,UNRESOLVED_IMAGE,RIDGE_IDENTITY,100.0,two_hotspot_trajectories,6,2.2462891469206722e-05,-0.00670166004753191,0.01115630936592098,False,0.0,-0.015154453617921768,0.0013896296526808446,False
L896_radial_enriched,RESOLVED_PHYSICAL,TSVD,100.0,circular_hotspot_trajectory,6,0.07850510757684565,-0.10978136759729601,0.14861622258806984,False,0.07879623138854405,-0.10999282410095342,0.14861622258806984,False
L896_radial_enriched,TOTAL_FLUX,TSVD,100.0,circular_hotspot_trajectory,6,0.10842012316095634,-0.03989227831261443,0.23288500604057746,False,0.10842012316095634,-0.03989227831261443,0.22328024812445152,False
L896_radial_enriched,UNRESOLVED_IMAGE,TSVD,100.0,circular_hotspot_trajectory,6,-0.026042531020546843,-0.2012403464870191,0.18446153992072947,False,-0.028268478368080614,-0.2014107818860183,0.18446153992072947,False
L896_radial_enriched,RESOLVED_PHYSICAL,TSVD,100.0,flare_birth_motion_decay,6,0.23291776165729675,0.06233063284862585,0.31456560300391495,True,0.19252723726675608,0.04127060597781197,0.3022407360863974,True
L896_radial_enriched,TOTAL_FLUX,TSVD,100.0,flare_birth_motion_decay,6,0.0764738919018905,-0.22973476694691097,0.4652340031832084,False,0.08221856206199034,-0.2767850540740079,0.48692778409923787,False
L896_radial_enriched,UNRESOLVED_IMAGE,TSVD,100.0,flare_birth_motion_decay,6,-0.028645985778964964,-0.12734484358600703,0.2071252034013915,False,-0.11995644379087228,-0.16035203899198683,0.1472282935866198,False
L896_radial_enriched,RESOLVED_PHYSICAL,TSVD,100.0,m1_rotating_crescent,6,0.12006452059289144,0.043704321590227746,0.12821168311315728,True,0.11738401272572332,0.043704321590227746,0.12821168311315728,True
L896_radial_enriched,TOTAL_FLUX,TSVD,100.0,m1_rotating_crescent,6,0.021915676959874654,-0.12468343841444302,0.17245509274114368,False,0.00987950613275918,-0.12468343841444302,0.17245509274114368,False
L896_radial_enriched,UNRESOLVED_IMAGE,TSVD,100.0,m1_rotating_crescent,6,-0.07643652446901827,-0.27468158957569677,0.009842328755400934,False,-0.08553848432184377,-0.27468158957569677,0.009842328755400934,False
L896_radial_enriched,RESOLVED_PHYSICAL,TSVD,100.0,m2_structural_mode,6,0.22335032773804675,-0.04189248770436074,0.337338121270747,False,0.22732704081782729,-0.04189248770436074,0.337338121270747,False
L896_radial_enriched,TOTAL_FLUX,TSVD,100.0,m2_structural_mode,6,-0.03419397764422803,-0.2359704584644899,0.056274566646384104,False,-0.03419397764422803,-0.2359704584644899,0.049337428661619116,False
L896_radial_enriched,UNRESOLVED_IMAGE,TSVD,100.0,m2_structural_mode,6,0.11906609840213225,0.05665957067669487,0.34368766630711844,True,0.11906609840213225,0.05665957067669487,0.3472899221243849,True
L896_radial_enriched,RESOLVED_PHYSICAL,TSVD,100.0,plunging_feature,6,0.0986781173883779,0.04244326296604482,0.23555928843460588,True,0.10090392862305839,0.04259728727363584,0.23630982395967798,True
L896_radial_enriched,TOTAL_FLUX,TSVD,100.0,plunging_feature,6,0.05425722936532349,-0.007086162180517816,0.10077312172085495,False,0.05328082357476481,-0.007825021156336848,0.09532921601970436,False
L896_radial_enriched,UNRESOLVED_IMAGE,TSVD,100.0,plunging_feature,6,0.08839984005488663,-0.018601555347181324,0.15872884433766576,False,0.09127181718110766,-0.019747005069820175,0.1579811918835401,False
L896_radial_enriched,RESOLVED_PHYSICAL,TSVD,100.0,two_hotspot_trajectories,6,0.12735347444766054,0.05937556611219624,0.2788382703105908,True,0.13966045954546585,0.0596430057599114,0.2802408331401122,True
L896_radial_enriched,TOTAL_FLUX,TSVD,100.0,two_hotspot_trajectories,6,0.011858148107417463,-0.12524207918822394,0.062399577155787436,False,0.011157080796097962,-0.1285031396735608,0.0573334879358068,False
L896_radial_enriched,UNRESOLVED_IMAGE,TSVD,100.0,two_hotspot_trajectories,6,0.03040004749942892,-0.16691794407721178,0.28539081113375386,False,-0.006984454902181707,-0.14633121869688015,0.2809996570642267,False
L896_radial_enriched,RESOLVED_PHYSICAL,RIDGE_IDENTITY,1000.0,circular_hotspot_trajectory,6,0.09767063014249255,-0.10224189869026175,0.1828010620308872,False,0.10298439025958885,-0.10282291639669157,0.1828010620308872,False
L896_radial_enriched,TOTAL_FLUX,RIDGE_IDENTITY,1000.0,circular_hotspot_trajectory,6,0.05529718344441081,-0.04271833289107974,0.14949047322765463,False,0.041141315486440844,-0.04271833289107974,0.14965212481475174,False
L896_radial_enriched,UNRESOLVED_IMAGE,RIDGE_IDENTITY,1000.0,circular_hotspot_trajectory,6,0.0,0.0,0.0007766197474967707,False,0.0,0.0,0.0008757200218599674,False
L896_radial_enriched,RESOLVED_PHYSICAL,RIDGE_IDENTITY,1000.0,flare_birth_motion_decay,6,0.2692913982744948,0.1275645292411309,0.3796912139322317,True,0.27912248784422244,0.13285555032582577,0.37279020561372567,True
L896_radial_enriched,TOTAL_FLUX,RIDGE_IDENTITY,1000.0,flare_birth_motion_decay,6,0.10518569236209954,-0.08638652107133443,0.49944287311048385,False,0.11471746972374944,-0.11087032006054645,0.5117248409456266,False
L896_radial_enriched,UNRESOLVED_IMAGE,RIDGE_IDENTITY,1000.0,flare_birth_motion_decay,6,0.10474307149066736,0.0037780289185907505,0.3472408549472461,True,0.137712221329542,0.0042708246479346455,0.32782217623755905,True
L896_radial_enriched,RESOLVED_PHYSICAL,RIDGE_IDENTITY,1000.0,m1_rotating_crescent,6,0.17415337963980138,0.022823318595934554,0.2849491880065501,True,0.16907415010537763,0.022823318595934554,0.2849491880065501,True
L896_radial_enriched,TOTAL_FLUX,RIDGE_IDENTITY,1000.0,m1_rotating_crescent,6,-0.012430448861537217,-0.1387425297985352,0.13434752880764908,False,-0.012430448861537217,-0.14646399330749535,0.13434752880764908,False
L896_radial_enriched,UNRESOLVED_IMAGE,RIDGE_IDENTITY,1000.0,m1_rotating_crescent,6,0.0,-0.0005560491747107416,0.0007427602385389916,False,0.00018247655077683217,0.0,0.0011170015496548577,False
L896_radial_enriched,RESOLVED_PHYSICAL,RIDGE_IDENTITY,1000.0,m2_structural_mode,6,0.23625646471111794,0.0545762813339066,0.35358184869895126,True,0.24074435294966734,0.0545762813339066,0.35358184869895126,True
L896_radial_enriched,TOTAL_FLUX,RIDGE_IDENTITY,1000.0,m2_structural_mode,6,-0.030560730723458582,-0.1940499369862517,0.030215758044178576,False,-0.030560730723458582,-0.1940499369862517,0.020849485626527494,False
L896_radial_enriched,UNRESOLVED_IMAGE,RIDGE_IDENTITY,1000.0,m2_structural_mode,6,0.0,-0.0015489050227938434,0.005984481201200665,False,0.0,-0.0015489050227938434,0.005984481201200665,False
L896_radial_enriched,RESOLVED_PHYSICAL,RIDGE_IDENTITY,1000.0,plunging_feature,6,0.10994073617743917,0.06478946788907267,0.21379333865561095,True,0.11347584071723851,0.06870462487970362,0.2109996850062663,True
L896_radial_enriched,TOTAL_FLUX,RIDGE_IDENTITY,1000.0,plunging_feature,6,-0.043925074754915513,-0.0961212306190831,-0.015097755094460555,False,-0.04367486681984164,-0.0967885499850529,-0.014834086181514033,False
L896_radial_enriched,UNRESOLVED_IMAGE,RIDGE_IDENTITY,1000.0,plunging_feature,6,0.0,-0.002968961792751435,0.003186930438137816,False,0.0,-0.003135214379245081,0.003898007496491829,False
L896_radial_enriched,RESOLVED_PHYSICAL,RIDGE_IDENTITY,1000.0,two_hotspot_trajectories,6,0.12928849877580426,0.0024179947044711478,0.2716843380347529,True,0.16299158835908106,-0.03819037126495007,0.2748337285934253,False
L896_radial_enriched,TOTAL_FLUX,RIDGE_IDENTITY,1000.0,two_hotspot_trajectories,6,-0.05984681904297015,-0.2564509169953708,0.03243790932550901,False,-0.06022164865789749,-0.3320177736713129,0.019391163612815485,False
L896_radial_enriched,UNRESOLVED_IMAGE,RIDGE_IDENTITY,1000.0,two_hotspot_trajectories,6,-0.0001065410937441696,-0.027854971499721902,0.0,False,-0.00017071953028715512,-0.05266631592688866,0.0,False
L896_radial_enriched,RESOLVED_PHYSICAL,TSVD,1000.0,circular_hotspot_trajectory,6,0.08232714490000163,-0.10907955474674264,0.16112289866413917,False,0.08230665003005355,-0.10930887120490781,0.16112289866413917,False
L896_radial_enriched,TOTAL_FLUX,TSVD,1000.0,circular_hotspot_trajectory,6,0.1988341656905428,0.050152062766102797,0.23946109982875122,True,0.1888536835301341,0.050152062766102797,0.2398474210462689,True
L896_radial_enriched,UNRESOLVED_IMAGE,TSVD,1000.0,circular_hotspot_trajectory,6,-0.0821749286074891,-0.19361000405703124,0.18251896137610502,False,-0.08270288897748293,-0.19377689243605237,0.18251896137610502,False
L896_radial_enriched,RESOLVED_PHYSICAL,TSVD,1000.0,flare_birth_motion_decay,6,0.20853943383575313,0.1141518145984866,0.3313688901703631,True,0.19913185642495884,0.08206345493815606,0.31442359438365197,True
L896_radial_enriched,TOTAL_FLUX,TSVD,1000.0,flare_birth_motion_decay,6,0.11870606949822501,-0.16156107009172238,0.4993096016322113,False,0.12198986615998841,-0.21498542493108133,0.5169270705037149,False
L896_radial_enriched,UNRESOLVED_IMAGE,TSVD,1000.0,flare_birth_motion_decay,6,0.04300827970936611,-0.11459631867336015,0.2645064842327083,False,-0.023356624375149578,-0.14308767858472843,0.21171809678785827,False
L896_radial_enriched,RESOLVED_PHYSICAL,TSVD,1000.0,m1_rotating_crescent,6,0.10801660768534568,0.034949603546487074,0.1178752298483966,True,0.10637987594690175,0.034949603546487074,0.1178752298483966,True
L896_radial_enriched,TOTAL_FLUX,TSVD,1000.0,m1_rotating_crescent,6,0.015567351805590778,-0.12452442421643398,0.17330238838874618,False,0.0037074073404642395,-0.12452442421643398,0.17330238838874618,False
L896_radial_enriched,UNRESOLVED_IMAGE,TSVD,1000.0,m1_rotating_crescent,6,-0.11025899290991291,-0.29319041296874515,-0.022419489093921205,False,-0.11806439771464537,-0.29319041296874515,-0.022419489093921205,False
L896_radial_enriched,RESOLVED_PHYSICAL,TSVD,1000.0,m2_structural_mode,6,0.2242171217747258,-0.06322371523528905,0.32879552220036046,False,0.22808097355679413,-0.06322371523528905,0.32879552220036046,False
L896_radial_enriched,TOTAL_FLUX,TSVD,1000.0,m2_structural_mode,6,-0.046425083683893864,-0.23878262405569428,0.05415641994777564,False,-0.046425083683893864,-0.23878262405569428,0.04719519880665298,False
L896_radial_enriched,UNRESOLVED_IMAGE,TSVD,1000.0,m2_structural_mode,6,0.11771639029319873,0.03748767984849488,0.2743058842578665,True,0.11771639029319873,0.03748767984849488,0.27842578028676757,True
L896_radial_enriched,RESOLVED_PHYSICAL,TSVD,1000.0,plunging_feature,6,0.12046759862278686,0.05414595653804571,0.23631630280613689,True,0.12314391655671272,0.054585348125282755,0.23625142141648886,True
L896_radial_enriched,TOTAL_FLUX,TSVD,1000.0,plunging_feature,6,0.03201343022975959,-0.0163763707154473,0.10287634272739819,False,0.03325250751198347,-0.016244769191874932,0.0983114771548588,False
L896_radial_enriched,UNRESOLVED_IMAGE,TSVD,1000.0,plunging_feature,6,0.09600265299415935,-0.015717843631925132,0.1619423644304499,False,0.10194312113938092,-0.01630276629121244,0.16139116275192356,False
L896_radial_enriched,RESOLVED_PHYSICAL,TSVD,1000.0,two_hotspot_trajectories,6,0.1326457603204229,0.05009016601623898,0.2825800501331332,True,0.15688924293049353,0.05783784182162058,0.28838202497603505,True
L896_radial_enriched,TOTAL_FLUX,TSVD,1000.0,two_hotspot_trajectories,6,0.007922736752963878,-0.1391992396081208,0.03519899292893389,False,0.00014133736422771836,-0.14104870829568755,0.04005827428300404,False
L896_radial_enriched,UNRESOLVED_IMAGE,TSVD,1000.0,two_hotspot_trajectories,6,0.011561840913534675,-0.18875327683218218,0.28330475712508996,False,-0.020736046655467865,-0.16193032027989684,0.2801402128778281,False
