family,split,regime,generative_radial_cells,generative_azimuthal_cells,generative_ages_scored,index,truth_seed,contrast_fraction,peak_fraction_of_background,min_total,min_background,zero_mean_max_abs,azimuthal_mean_max_abs,positivity_scale
circular_hotspot_trajectory,selection,oracle_known,0.039105791234564084,0.0023546599152656006,61,0,7730451268865837719,0.048860884059622224,0.7899054182410186,0.19204529590020994,0.26762685010903714,3.1357490579601685e-18,4.683753385137379e-17,1.0
circular_hotspot_trajectory,selection,oracle_known,0.10728944026495234,0.009104255053905216,61,1,8497157164746860744,0.10077695347277595,0.5934650821707628,0.1911453375144786,0.1911453375144786,4.512991542970912e-18,6.071532165918825e-17,1.0
circular_hotspot_trajectory,selection,oracle_known,0.005815873470037097,0.003245051323528617,61,2,6028530031131473541,0.09974537438399211,0.6879911177212572,0.40659506927663447,0.40659506927663447,8.69587781183186e-18,1.1102230246251565e-16,1.0
circular_hotspot_trajectory,selection,oracle_known,0.1222735969056664,0.0030766306720385866,61,3,4852923277069843527,0.030583770195369682,0.6733642920906489,0.284538402984557,0.4079184902384311,3.001884765065937e-18,4.336808689942018e-17,1.0
circular_hotspot_trajectory,selection,oracle_known,0.05658248753383333,0.003674877639649831,61,4,2694870209708393951,0.04947954495952675,0.7012127943529585,0.21741460592922118,0.21741460592922118,4.22079495537705e-18,5.2909066017292616e-17,1.0
circular_hotspot_trajectory,selection,oracle_known,0.00608862568855627,0.007397909311944426,61,5,6771220208772450107,0.016250337197343704,0.5728818737468633,0.19538602860084697,0.19538602860095888,1.3823722455797378e-18,2.0383000842727483e-17,1.0
circular_hotspot_trajectory,selection,oracle_known,0.17118412936699112,0.004334994579587988,61,6,8430421313386786920,0.02174324543832383,0.4974428755067805,0.18656162875860594,0.1930786552210031,7.792704148715329e-19,1.734723475976807e-17,1.0
circular_hotspot_trajectory,selection,oracle_known,0.19211281179738993,0.004500131843200174,61,7,7701346100861936227,0.024188191767207663,0.34533021663960717,0.31998193093953986,0.3199819310126256,2.105724023196267e-18,2.949029909160572e-17,1.0
circular_hotspot_trajectory,pilot,oracle_known,0.05419907651887096,0.0032541111823310193,61,0,5809286653534273400,0.11584983780239778,0.6957985206365286,0.4157400306869983,0.4157400306869983,1.1385816876992305e-17,1.231653667943533e-16,1.0
circular_hotspot_trajectory,pilot,oracle_known,0.284204446069222,0.0025816862920756663,61,1,7746487538076232313,0.02600182318551863,0.7011316700811586,0.19714779111317865,0.26123182042692805,1.300195574035351e-18,3.252606517456513e-17,1.0
circular_hotspot_trajectory,pilot,oracle_known,0.18437762255091383,0.003135219442979054,61,2,2903837814782815540,0.02232353931232985,0.3828445968933143,0.24109457814898844,0.24109457814898844,2.0227146780433262e-18,3.686287386450715e-17,1.0
circular_hotspot_trajectory,pilot,oracle_known,0.18203555209801806,0.00596222601145374,61,3,4603759326221825254,0.02431707535765256,0.5220459496672194,0.23705252099125781,0.23705252147918213,1.338311733332953e-18,2.5370330836160804e-17,1.0
circular_hotspot_trajectory,pilot,oracle_known,0.04793151393139379,0.004689889355555069,61,4,4203717154962743655,0.04133830125872764,0.47939422023603856,0.3583579715283512,0.3583579715283512,4.3260622696164585e-18,6.288372600415926e-17,1.0
circular_hotspot_trajectory,pilot,oracle_known,0.07119503493620438,0.008746462069259452,61,5,2445782061194557265,0.0575539593388984,0.7117022111750498,0.3216311397523351,0.3216311397523351,4.248700314706846e-18,6.375108774214766e-17,1.0
circular_hotspot_trajectory,pilot,oracle_known,0.056212308934701354,0.0068977365499156935,61,6,444029954697296541,0.08077182130995827,0.4091606507388748,0.20957098907379737,0.20957098907379737,4.092863203758108e-18,3.187554387107383e-17,1.0
circular_hotspot_trajectory,pilot,oracle_known,0.021340020076772832,0.006535774454192548,61,7,5001347991549469063,0.02379590765475332,0.41918738215676504,0.2853554927438533,0.28535549274385374,9.757819762403263e-19,1.5612511283791264e-17,1.0
two_hotspot_trajectories,selection,oracle_known,0.0027152015409614514,0.003352895486370507,61,0,4600534593729513544,0.033730036811569226,0.39329446211189123,0.22607765356025178,0.2335504473162516,2.0452636215414647e-18,2.667137344314341e-17,1.0
two_hotspot_trajectories,selection,oracle_known,0.18651963322758286,0.003719537609719597,61,1,9018983324504137075,0.025129486537390312,0.34401771001059955,0.3337690479892504,0.3416482015234358,1.429791614965259e-18,2.2551405187698492e-17,1.0
two_hotspot_trajectories,selection,oracle_known,0.1971742540644515,0.12584648273751103,61,2,33713436288145854,0.10380556783493783,0.5734888801372002,0.1791895830488253,0.1791895830488253,5.041540104480976e-18,6.548581121812447e-17,1.0
two_hotspot_trajectories,selection,oracle_known,0.1840083141876728,0.01037868672714307,61,3,9037946883235744307,0.020177645242534233,0.32013552522243693,0.31637517182078234,0.31637517182078595,1.216336003534725e-18,1.22514845490862e-17,1.0
two_hotspot_trajectories,selection,oracle_known,0.058969922472712356,0.008137194396687359,61,4,3787069546011409807,0.113563237811393,0.588476427649893,0.306576912617015,0.306576912617015,8.348353005825628e-18,7.567731163948821e-17,1.0
two_hotspot_trajectories,selection,oracle_known,0.02793414083959693,0.002868442946114659,61,5,4436817060572819312,0.0705496689194663,0.4103795984014994,0.27401291145070145,0.27401291145070145,4.7984416461956114e-18,5.2475385148298415e-17,1.0
two_hotspot_trajectories,selection,oracle_known,0.08259471208874494,0.0030893249716349284,61,6,4678824006682813293,0.2662974678175328,0.755110671907901,0.19295804383585202,0.2397976479326384,2.6503660919587058e-17,1.6219664500383146e-16,1.0
two_hotspot_trajectories,selection,oracle_known,0.10902042714517882,0.003134346185782937,61,7,7648264487883263985,0.11574099797548314,0.6065376998794176,0.3802043610907967,0.3802043610907967,1.286812453468733e-17,1.231653667943533e-16,1.0
two_hotspot_trajectories,pilot,oracle_known,0.20896695655965974,0.003534442529856817,61,0,6556299623549247645,0.07111689403777713,0.7058780851618084,0.20133215021021267,0.20133215021021267,4.221400347481043e-18,5.724587470723463e-17,1.0
two_hotspot_trajectories,pilot,oracle_known,0.11256417509286425,0.002836390951372613,61,1,8104007394158444299,0.07535662246356424,0.4498477202703398,0.18410477175982437,0.18870364082190288,4.191966055961532e-18,4.683753385137379e-17,1.0
two_hotspot_trajectories,pilot,oracle_known,0.05287705758380585,0.0026772404544296493,61,2,2563100660348059338,0.08417748791627516,0.6177277730191912,0.2028361492355803,0.22473756230974745,9.759513618264049e-18,9.84455572616838e-17,1.0
two_hotspot_trajectories,pilot,oracle_known,0.223675734772086,0.06487196971575618,61,3,6628064437374288670,0.06295766944818447,0.4669856468597775,0.32931317493394757,0.32931317493394757,7.014279836212861e-18,5.637851296924623e-17,1.0
two_hotspot_trajectories,pilot,oracle_known,0.22092727683515856,0.004121930664920459,61,4,2346969807676511132,0.06359618915349187,0.6852679390727513,0.2816496422585532,0.28165075405840145,5.2270403175062874e-18,6.288372600415926e-17,1.0
two_hotspot_trajectories,pilot,oracle_known,0.11126623786801329,0.00897038870823646,61,5,4403101011614426816,0.02893380535037125,0.6267218782106484,0.2389263124339063,0.2784803239377985,1.1384122806049087e-18,2.0477868532819965e-17,1.0
two_hotspot_trajectories,pilot,oracle_known,0.13706016803170995,0.003679134764617304,61,6,849388975557919553,0.03108281448858171,0.6154760647419988,0.1868471014430598,0.21543892314490204,2.862959985991872e-18,3.0574501264091225e-17,1.0
two_hotspot_trajectories,pilot,oracle_known,0.0030162271898660706,0.010485170329257235,61,7,4544193244254679242,0.02127757698503759,0.3489737384154572,0.17579253915964355,0.1757925391615783,1.1173104900932456e-18,1.235990476633475e-17,1.0
m1_rotating_crescent,selection,oracle_known,0.2563707100497888,0.0006248529712551042,61,0,3931947579445605105,0.060235296729709294,0.7056474692571877,0.13565276871193394,0.40531336265298634,1.809262375326508e-18,4.9439619065339e-17,1.0
m1_rotating_crescent,selection,oracle_known,0.10782997939972387,0.0007118475603684736,61,1,3590700497226459000,0.32814866596111014,0.6976319661116892,0.2736993351317891,0.2950024777860056,1.7134310068759835e-17,1.403008433173078e-16,1.0
m1_rotating_crescent,selection,oracle_known,0.2231847577876799,0.0006267689287418474,61,2,1500210056725882059,0.014865580920615792,0.3219725464800077,0.17408824221799735,0.256756922325512,3.52365706057789e-19,9.540979117872439e-18,1.0
m1_rotating_crescent,selection,oracle_known,0.08735559284078688,0.0006253086604983836,61,3,5631138916767260112,0.0508451314142184,0.5646934456529751,0.13282356310593987,0.23366728291621447,1.8665098911687555e-18,2.42861286636753e-17,1.0
m1_rotating_crescent,selection,oracle_known,0.06305529594308627,0.0006350751448385783,61,4,9170364004469471327,0.09243672078075774,0.44485347005628995,0.2265260320734299,0.22713062589100036,2.602105803007645e-18,2.7321894746634712e-17,1.0
m1_rotating_crescent,selection,oracle_known,0.07499659733152639,0.0006461854129911384,61,5,1390277392444107657,0.11186431687992311,0.48773766116059947,0.2760267038359442,0.33620369165360975,4.775783514856559e-18,5.74356100874196e-17,1.0
m1_rotating_crescent,selection,oracle_known,0.05711775436426313,0.0006463227948278913,61,6,6521852705387137854,0.1365667955682824,0.6541282624455831,0.2302346171994452,0.41896525356045844,7.125462836707339e-18,1.1492543028346347e-16,1.0
m1_rotating_crescent,selection,oracle_known,0.09724419642672956,0.0006290512874849318,61,7,6671092031564374233,0.05155458782007395,0.502377148014506,0.17449519144935755,0.317411651094615,1.0068310070253042e-18,1.9949319973733282e-17,1.0
m1_rotating_crescent,pilot,oracle_known,0.10403101043624091,0.0006659974634673629,61,0,5083906725258028067,0.13186849694635053,0.4782302300364899,0.2286336305035107,0.23914917825806792,4.443926226972768e-18,6.505213034913027e-17,1.0
m1_rotating_crescent,pilot,oracle_known,0.0796578194929581,0.0006408774322027866,61,1,7668428059307462989,0.12170683678272753,0.7151485825239825,0.1459151958342096,0.29733549058340447,3.768433038722131e-18,5.0306980803327406e-17,1.0
m1_rotating_crescent,pilot,oracle_known,0.08050944081949088,0.0006199919859405889,61,2,7162933338165701640,0.03508805096181714,0.34447418691012754,0.3033131175049848,0.3729762494960583,1.0428573590258146e-18,2.6020852139652106e-17,1.0
m1_rotating_crescent,pilot,oracle_known,0.07693924137544796,0.0006318058914859654,61,3,2038623900308521443,0.046439895537574855,0.5272905029121616,0.10961984585029654,0.18924067862599736,1.641735140236046e-18,2.8406096919120216e-17,1.0
m1_rotating_crescent,pilot,oracle_known,0.30864581408659636,0.0006246529043529714,61,4,9078144636738874842,0.020365932900485946,0.3283735839559232,0.1725577308616611,0.2569251696174152,9.78350919675069e-19,1.723881454251952e-17,1.0
m1_rotating_crescent,pilot,oracle_known,0.09055769770039883,0.0006256614297062441,61,5,3615919390742457099,0.03151948455883944,0.5189304567128465,0.14317167362884534,0.26129121366083163,8.4790644182749e-19,1.9081958235744878e-17,1.0
m1_rotating_crescent,pilot,oracle_known,0.10544069651539573,0.0006354741299791598,61,6,5748128338382971360,0.08158518829319154,0.5191358202882401,0.24733387559293418,0.33605402945610385,3.488623273299278e-18,4.423544863740858e-17,1.0
m1_rotating_crescent,pilot,oracle_known,0.1003783020425903,0.0006288345545350729,61,7,9134894148463474723,0.05263797399977937,0.4638055240463402,0.321033021181859,0.38551891336617394,2.1329619821685844e-18,3.9898639947466563e-17,1.0
m2_structural_mode,selection,oracle_known,0.06448977260531716,0.0024901849079127726,61,0,9028950351643363958,0.08174329967157135,0.5596433338394704,0.1651874625674846,0.2859133240880641,1.8791425934836653e-18,2.4936649967166602e-17,1.0
m2_structural_mode,selection,oracle_known,0.11600568155305724,0.002490615734860188,61,1,7128718838502595317,0.028168677421957153,0.5129694511080787,0.11698841486742838,0.24004517543182743,3.1170946876205535e-19,9.107298248878237e-18,1.0
m2_structural_mode,selection,oracle_known,0.11521908527728542,0.0025092162321265223,61,2,5166448964094638148,0.06660546153434553,0.47313143052024914,0.24322757067105902,0.2939902078943891,2.097307595365263e-18,1.9949319973733282e-17,1.0
m2_structural_mode,selection,oracle_known,0.10520536328496528,0.002513943153884617,61,3,6516310878767862000,0.04813148949730544,0.34186860114224155,0.19581648098631493,0.19890680450950038,8.804311916667414e-19,9.107298248878237e-18,1.0
m2_structural_mode,selection,oracle_known,0.08235081278906031,0.002502678673485559,61,4,5436304528446850502,0.06540767754042107,0.36756391681709044,0.2087717871190798,0.2087718492741682,1.4359327363109976e-18,1.7536970139953034e-17,1.0
m2_structural_mode,selection,oracle_known,0.08889431988289911,0.0025124174598231044,61,5,7861843154552833145,0.12690629490873012,0.7237105472094905,0.15291734057950285,0.3407918147757285,2.0577588050795376e-18,3.5561831257524545e-17,1.0
m2_structural_mode,selection,oracle_known,0.04969455471816429,0.002482998251297871,61,6,3568688602614529261,0.06740366405786764,0.6986451951136533,0.12799995240877982,0.2491283309902229,3.310912824474151e-18,2.6020852139652106e-17,1.0
m2_structural_mode,selection,oracle_known,0.03127165639924107,0.0024969997408423243,61,7,2799831342093686926,0.03780520876902614,0.3615618902127348,0.28239927249764385,0.3277618491176806,8.522044804439819e-19,1.1275702593849246e-17,1.0
m2_structural_mode,pilot,oracle_known,0.1284913788913032,0.0024992969587297694,61,0,7397641128324176062,0.030469994771211626,0.44595691088412176,0.1644203465459331,0.2660374473848561,5.194691897415911e-19,9.107298248878237e-18,1.0
m2_structural_mode,pilot,oracle_known,0.013558191640897011,0.0025154147313052396,61,1,6771468299865211275,0.09603441317926671,0.7604163914729906,0.10760591481594223,0.30957239553706895,2.549215855245873e-18,3.8163916471489756e-17,1.0
m2_structural_mode,pilot,oracle_known,0.08337663397200046,0.00250314173762375,61,2,4397447943180792766,0.03784775878780046,0.5306613569411276,0.18983089958325938,0.31693002026195305,8.7791413274812e-19,2.47198095326695e-17,1.0
m2_structural_mode,pilot,oracle_known,0.12306130246036301,0.0024981569807812354,61,3,8329559156606626149,0.06154852226580022,0.7349391284135576,0.0848359594627025,0.21744013614151836,1.1186410101085372e-18,2.3852447794681098e-17,1.0
m2_structural_mode,pilot,oracle_known,0.07363136038029895,0.002512375972421311,61,4,2697031045935241357,0.04619500106145119,0.3583143670023877,0.25996993065029855,0.2599700154176922,1.1294126400557337e-18,1.8106176280507924e-17,1.0
m2_structural_mode,pilot,oracle_known,0.194401895811031,0.0024909683925558226,61,5,9117526516997252942,0.03921112726743691,0.7119023131792288,0.07345863601501723,0.22504184412423514,7.99579663500135e-19,1.8214596497756474e-17,1.0
m2_structural_mode,pilot,oracle_known,0.1448792457585324,0.0024928232828227265,61,6,8516330241957727067,0.027330608452212142,0.4736642715376599,0.12842206759647296,0.21958674826532315,4.219911544017446e-19,8.673617379884035e-18,1.0
m2_structural_mode,pilot,oracle_known,0.11006298447693495,0.002505777953845724,61,7,3507098630926382335,0.07336198642008745,0.7244419731237615,0.07204016196908034,0.20352947134362886,1.4087216704023083e-18,1.3877787807814457e-17,1.0
flare_birth_motion_decay,selection,oracle_known,0.04363235868131757,0.4970187659924304,24,0,9190661984716380760,0.061212592229660856,0.4578099186978631,0.2789979493082544,0.2789979493082544,6.144271120264288e-18,1.0928757898653885e-16,1.0
flare_birth_motion_decay,selection,oracle_known,0.19010067842018874,0.029456546128096013,35,1,8150942674106908245,0.005828585996462033,0.45290170497093984,0.24338531945190153,0.24338531953355202,6.708500942254059e-19,9.107298248878237e-18,1.0
flare_birth_motion_decay,selection,oracle_known,0.0243631979332364,0.034495517445001324,20,2,8850432352822456431,0.009451532938577138,0.5888777902712342,0.25436346768363804,0.25436432475205,5.471833065421313e-19,1.3444106938820255e-17,1.0
flare_birth_motion_decay,selection,oracle_known,0.31840703225690165,0.02584601328842205,28,3,3800257852703766407,0.007012482389637859,0.48256749922753234,0.2063717311473796,0.22992696503099846,2.168404344971009e-19,3.7947076036992655e-18,1.0
flare_birth_motion_decay,selection,oracle_known,0.1409416924638763,0.05873487218263704,27,4,4791131197268813805,0.03558052211251076,0.7720687562951924,0.32930011781903956,0.329300117819044,2.642161080667639e-18,6.505213034913027e-17,1.0
flare_birth_motion_decay,selection,oracle_known,0.19594683850693187,0.030850480196357784,27,5,2992846194152836495,0.013192087180672133,0.669256651615319,0.27801463458014325,0.2780146345801433,2.222098292893051e-18,2.992397996059992e-17,1.0
flare_birth_motion_decay,selection,oracle_known,0.14968065371556985,0.01618272506941717,24,6,4151240196513404452,0.016776275326271635,0.7938812732888001,0.1570810667237894,0.2671969049229662,3.0357660829594124e-18,5.117434254131581e-17,1.0
flare_birth_motion_decay,selection,oracle_known,0.09481203517089609,0.042144179454431406,29,7,1933897506617363991,0.017307917607658665,0.7612042867984953,0.22835920599226095,0.22835922457374558,2.1014887235590615e-18,2.7755575615628914e-17,1.0
flare_birth_motion_decay,pilot,oracle_known,0.011226594135387636,0.08859864673876687,32,0,1554395999331819369,0.02875732380159634,0.5712939996606692,0.3242807816743422,0.3242807816743422,2.872991931057579e-18,5.724587470723463e-17,1.0
flare_birth_motion_decay,pilot,oracle_known,0.007172634489961922,0.10066659422547734,19,1,5023736065443373307,0.023695381523922775,0.6333000707512731,0.30898183716128175,0.30898183716128175,3.3857925222449014e-18,5.0306980803327406e-17,1.0
flare_birth_motion_decay,pilot,oracle_known,0.21835984771230968,0.02855608095692454,23,2,996305887854032376,0.012514779580567861,0.589312939488863,0.42428179843387076,0.4382637987066992,8.13151628152438e-19,1.680513367352532e-17,1.0
flare_birth_motion_decay,pilot,oracle_known,0.13218900142119056,0.031971348593598514,27,3,2360276583413958450,0.008404026473401743,0.6078197135995602,0.19446621334719785,0.20555538986329192,4.336808692466373e-19,7.15573433840433e-18,1.0
flare_birth_motion_decay,pilot,oracle_known,0.09539825234829755,0.11621901009443918,35,4,5956491456615804949,0.0195657898439538,0.375894410598768,0.46880811931214217,0.46880811931214217,2.609496757878264e-18,4.8518047218726323e-17,1.0
flare_birth_motion_decay,pilot,oracle_known,0.0946084114456996,0.022931477702654943,31,5,6128511817296779298,0.0049038234226844194,0.3193885642195765,0.3565445990341821,0.3565581861086982,5.421010862175087e-19,6.613633252161577e-18,1.0
flare_birth_motion_decay,pilot,oracle_known,0.056875350133776544,0.31740609528235897,33,6,7836552284701323803,0.06417362391386638,0.6913411921797099,0.21202727136184019,0.21202727136184019,4.082698805765728e-18,5.551115123125783e-17,1.0
flare_birth_motion_decay,pilot,oracle_known,0.22869055278111172,0.01836134544770525,21,7,2956474995616109734,0.007019887080488235,0.3585072164206329,0.2726082543230156,0.31890986293260715,5.556536133893547e-19,9.107298248878237e-18,1.0
plunging_feature,selection,oracle_known,0.11543664957852363,0.10916717417994284,61,0,5307158374115479002,0.07890554143656517,0.596250684056812,0.27881879628835493,0.27881879628835493,5.231275482242559e-18,8.239936510889834e-17,1.0
plunging_feature,selection,oracle_known,0.11559656409612991,0.009724094455661072,61,1,3607451840500974784,0.10698429363031096,0.5930188268222369,0.2944921910656315,0.2944921910656315,8.07730618516847e-18,8.890457814381136e-17,1.0
plunging_feature,selection,oracle_known,0.11730211489920096,0.009227895491108955,61,2,3022443294234864029,0.13785741430523557,0.7173836248349958,0.24325511546119172,0.24325511546119172,9.540979117872462e-18,1.3183898417423734e-16,1.0
plunging_feature,selection,oracle_known,0.09549999994861648,0.025355786889697807,61,3,4973099834688386498,0.07378689806881225,0.5548042631056879,0.19121713003075652,0.19121713003075652,3.63207727782644e-18,6.21247844834194e-17,1.0
plunging_feature,selection,oracle_known,0.10463894210549177,0.01675594592555439,61,4,300956615062106963,0.10762683314522743,0.45740639690138574,0.19224821722495672,0.19224821722495672,6.118966010965066e-18,1.0408340855860843e-16,1.0
plunging_feature,selection,oracle_known,0.05397731134499394,0.19325666231889344,61,5,6967140779898078718,0.11163118312014703,0.590038751382579,0.3349586878131356,0.3349586878131356,4.9873299934333204e-18,6.418476861114186e-17,1.0
plunging_feature,selection,oracle_known,0.12185189149435492,0.00897566173909739,61,6,6922234256191171961,0.1816464758459654,0.7739911004874633,0.1854474772436369,0.1854474772436369,1.3926915718755206e-17,1.8908485888147197e-16,1.0
plunging_feature,selection,oracle_known,0.04840116252118913,0.004216587588738999,61,7,8540470565821277424,0.11332872446887331,0.6042211326831636,0.3116698674774827,0.3116698674774827,8.336498266876824e-18,1.2836953722228372e-16,1.0
plunging_feature,pilot,oracle_known,0.05588259787935517,0.005841563387174362,61,0,3165071913346705677,0.06258462419905195,0.300998618067001,0.31540971219760844,0.31540971219760844,7.748657401482343e-18,8.153200337090993e-17,1.0
plunging_feature,pilot,oracle_known,0.10775644342644775,0.11332069929394496,61,1,5538700285550580541,0.05986178218241475,0.5241422716181774,0.2150084972985042,0.2150084972985042,4.228388472693467e-18,7.3075226425523e-17,1.0
plunging_feature,pilot,oracle_known,0.09248856898866788,0.042155492550404336,61,2,2145143819117785114,0.10052722474096763,0.4762530505787646,0.3126450225043121,0.3126450225043121,5.31396707371826e-18,9.454242944073599e-17,1.0
plunging_feature,pilot,oracle_known,0.10304362915412978,0.04582896277974354,61,3,8041315047582882846,0.09015865418699344,0.47876514931978037,0.2077190956777764,0.2077190956777764,4.258881658794622e-18,5.4643789493269423e-17,1.0
plunging_feature,pilot,oracle_known,0.11771424209192129,0.03356326574000809,61,4,5562942245638818374,0.11725227864166946,0.6936197740236771,0.30903835918966643,0.30903835918966643,7.447113672259809e-18,1.1449174941446927e-16,1.0
plunging_feature,pilot,oracle_known,0.11424150616908843,0.3194922304066732,61,5,4314164504006533445,0.08696569408426165,0.5576349131463705,0.4554817548495874,0.4554817548495874,6.993104012531504e-18,6.158268339717665e-17,1.0
plunging_feature,pilot,oracle_known,0.1036839568019392,0.09016714616739441,61,6,7780354929282356226,0.06858463448699346,0.3332225586328148,0.25357626742669326,0.25357626742669326,3.327992449762146e-18,5.084908188957016e-17,1.0
plunging_feature,pilot,oracle_known,0.0749363761572196,0.018501593203050976,61,7,4462694388959705138,0.07590117223830269,0.574994178521,0.22895974565646002,0.22895974565646002,6.4374503991326826e-18,1.2576745200831851e-16,1.0
circular_hotspot_trajectory,selection,estimated_from_data,0.324432754426061,0.002912238516389232,61,0,4996590990621744459,0.015842318218709305,0.4154708639355244,0.17328543323738488,0.2151087205462493,1.5517643593698782e-18,2.5695591487906455e-17,1.0
circular_hotspot_trajectory,selection,estimated_from_data,0.12722911124084096,0.008473596110460922,61,1,1665831284099412482,0.04940365940611997,0.5649243975268594,0.30697347104218786,0.30697347104218786,4.506109400274471e-18,6.765421556309548e-17,1.0
circular_hotspot_trajectory,selection,estimated_from_data,0.03404005483694618,0.012005200885867338,61,2,6295517799393546427,0.054827743204009766,0.5238850613102262,0.32762424986509064,0.32762424986509064,4.838225724936962e-18,5.38509666546394e-17,1.0
circular_hotspot_trajectory,selection,estimated_from_data,0.09957176118008437,0.012351264637234195,61,3,8934441945533995476,0.013467523882318413,0.4159963518268477,0.22179997714177405,0.22180033162938492,6.243691612322044e-19,1.1384122811097797e-17,1.0
circular_hotspot_trajectory,selection,estimated_from_data,0.1204188683247038,0.0072261521459074775,61,4,3999452142354432625,0.020226742467094667,0.3195624038180922,0.3418992397049591,0.3418992398665833,1.3374650236135633e-18,1.951563910473908e-17,1.0
circular_hotspot_trajectory,selection,estimated_from_data,0.010707279968510982,0.0023910165703025696,61,5,6260379030961268337,0.029613027070532878,0.6766265538181259,0.18587496544912524,0.2195613564317651,1.668774020149073e-18,3.7025504190379976e-17,1.0
circular_hotspot_trajectory,selection,estimated_from_data,0.13363205047654053,0.0032655401299013518,61,6,2035322425165538495,0.026525799946152083,0.5010474404432166,0.21023570535081426,0.24183073096060673,1.0706198668274376e-18,1.951563910473908e-17,1.0
circular_hotspot_trajectory,selection,estimated_from_data,0.008241524116905067,0.004447522058295888,61,7,4935962449230843777,0.011149781534189574,0.307956076790379,0.1930092740582637,0.19300927702222018,7.18839804641532e-19,1.0625181290357943e-17,1.0
circular_hotspot_trajectory,pilot,estimated_from_data,0.12826657902153923,0.009394818738642362,61,0,7757050372711884034,0.01602870878424316,0.5098059869487961,0.3085627295878335,0.30857245032128644,8.131516293641283e-19,1.3660947373317356e-17,1.0
circular_hotspot_trajectory,pilot,estimated_from_data,0.15487987827531802,0.0063951191866103005,61,1,2267723893484889725,0.030079439261503395,0.7007725806202991,0.27561375046614245,0.27561375046614245,2.7054232336438313e-18,4.9873299934333204e-17,1.0
circular_hotspot_trajectory,pilot,estimated_from_data,0.19603914524613056,0.0045331426865393085,61,2,5264552862020708881,0.02650797823417066,0.6478064760890372,0.2936572935479028,0.33623912480065066,1.2468324981563817e-18,2.656295322589486e-17,1.0
circular_hotspot_trajectory,pilot,estimated_from_data,0.14343274535708533,0.0030711983658251035,61,3,8258742820980097723,0.03050279333637021,0.3722274777957113,0.18738290501180555,0.18738290501180555,1.431566977204345e-18,2.3635607360183997e-17,1.0
circular_hotspot_trajectory,pilot,estimated_from_data,0.08166678673304936,0.005369929793177706,61,4,8130420777034133625,0.02156850096587934,0.44650074154897673,0.19290278441430647,0.19290278441430647,2.6156310719790945e-18,4.445228907190568e-17,1.0
circular_hotspot_trajectory,pilot,estimated_from_data,0.12497160927228823,0.004166881077503471,61,5,5052451146571390025,0.023053030844217247,0.313210904068201,0.41476248686253714,0.41476248686253714,1.1672114013170175e-18,1.9949319973733282e-17,1.0
circular_hotspot_trajectory,pilot,estimated_from_data,0.07536614308175031,0.0041619768299415265,61,6,3085329448788245400,0.05160038306653516,0.32645452166947453,0.3456982311554709,0.3456982311554709,4.201283434537201e-18,3.469446951953614e-17,1.0
circular_hotspot_trajectory,pilot,estimated_from_data,0.09558000925543102,0.006152088709995767,61,7,2852500807921898065,0.026219577822442625,0.4580606268595187,0.35766276587155993,0.3576627946980376,2.4004913886755446e-18,4.5102810375396984e-17,1.0
two_hotspot_trajectories,selection,estimated_from_data,0.05256565738781021,0.008381819469640242,61,0,8439690329757253294,0.022569371001141043,0.5629247894959226,0.19255013610944838,0.2149366922539518,2.0599834039394224e-18,4.3042826247674526e-17,1.0
two_hotspot_trajectories,selection,estimated_from_data,0.3314531816087553,0.06392955321623828,61,1,638889178943561269,0.106695058062022,0.5463527507316623,0.26400969088740905,0.26400969088740905,1.1287561055110806e-17,6.201636426617085e-17,1.0
two_hotspot_trajectories,selection,estimated_from_data,0.11784863291832925,0.003105022822362119,61,2,2054759031539173825,0.054472453976652964,0.583092875139888,0.19535899643766444,0.19535899643766444,4.975220069265544e-18,4.683753385137379e-17,1.0
two_hotspot_trajectories,selection,estimated_from_data,0.1440976122584194,0.27969270764837895,61,3,6162855007507193648,0.036454107435411776,0.6342080580308945,0.15430758211253393,0.28963273244113774,8.124740038873247e-18,1.3357370765021415e-16,1.0
two_hotspot_trajectories,selection,estimated_from_data,0.3080185176636703,0.8489447224237923,61,4,2544726603047244302,0.05660264412248569,0.3774031190707588,0.3073113207968765,0.3073113207968765,5.899882262646721e-18,4.163336342344337e-17,1.0
two_hotspot_trajectories,selection,estimated_from_data,0.03890833678650288,0.00918520741060595,61,5,8451605382229588826,0.02580465544239784,0.3577709811701415,0.39144127407296775,0.3914412879451477,1.3552791853864822e-18,1.4040418133687282e-17,1.0
two_hotspot_trajectories,selection,estimated_from_data,0.10835053036434296,0.006543135943601505,61,6,3651605429241805046,0.09483161240306358,0.6279571811566678,0.19296470709301594,0.23260337909326903,4.441840775401551e-18,5.2909066017292616e-17,1.0
two_hotspot_trajectories,selection,estimated_from_data,0.17761957481676915,0.009776190800600331,61,7,3100410745343406261,0.039268569218132675,0.6780546396114153,0.27291877779394114,0.2821819107040332,2.4563955413828944e-18,3.404394821604484e-17,1.0
two_hotspot_trajectories,pilot,estimated_from_data,0.08999177774109177,0.013042503594681712,61,0,8709785396191439251,0.05664272850739897,0.7883139446555101,0.23827922934967333,0.23827922935033258,3.6524052413799305e-18,5.0523821237824507e-17,1.0
two_hotspot_trajectories,pilot,estimated_from_data,0.053280466293417504,0.19160848179570522,61,1,6133741432161492574,0.021618949312118024,0.7889710552725927,0.21374565744055896,0.284313136079263,1.707618421668811e-18,2.8189256484623115e-17,1.0
two_hotspot_trajectories,pilot,estimated_from_data,0.03668778750195385,0.004764309530024473,61,2,8851479567895168680,0.031425045119126416,0.488588688118437,0.3125527117982597,0.373115334735007,2.7382457602363394e-18,2.992397996059992e-17,1.0
two_hotspot_trajectories,pilot,estimated_from_data,0.022782774921233855,0.004698478466860888,61,3,1704019994160268467,0.04007454034196322,0.5847385411461162,0.17876068497969658,0.23410011356034854,2.650882252660939e-18,4.2934406030425976e-17,1.0
two_hotspot_trajectories,pilot,estimated_from_data,0.09584592487980001,0.010105099610649418,61,4,6343732170981066395,0.0500676988453265,0.332852225221621,0.2427180818330597,0.2427180818330597,2.683402858443461e-18,2.6237692574149207e-17,1.0
two_hotspot_trajectories,pilot,estimated_from_data,0.11961098240589396,0.0038297543583224315,61,5,4653978713401106885,0.057538118325836725,0.6746571947858722,0.3945384113928686,0.40153737244070375,6.516673157010854e-18,8.673617379884035e-17,1.0
two_hotspot_trajectories,pilot,estimated_from_data,0.049934670631989066,0.0036469612918658776,61,6,1843108405357291109,0.09122141527927949,0.422058650757379,0.2552019158002061,0.2870448966726365,9.894827131587923e-18,6.678685382510707e-17,1.0
two_hotspot_trajectories,pilot,estimated_from_data,0.0871295278877606,0.0056083811121445185,61,7,1186815406211195980,0.033201569950455756,0.3189615828642616,0.33756215392603783,0.3375713013456805,3.2391333996392496e-18,4.7921736023859296e-17,1.0
m1_rotating_crescent,selection,estimated_from_data,0.03121590837438106,0.0006314850453895291,61,0,1876293970835476876,0.05013219462540795,0.7630976288127999,0.055272959060493926,0.19105842714835103,1.1452977971521564e-18,2.2551405187698492e-17,1.0
m1_rotating_crescent,selection,estimated_from_data,0.10839549087779232,0.0006614322744200002,61,1,1385487094226471283,0.08352841089668,0.41971400948048404,0.2340642853315407,0.23406428533230597,2.642189931218223e-18,4.423544863740858e-17,1.0
m1_rotating_crescent,selection,estimated_from_data,0.04594007968353449,0.000639873750977348,61,2,2943855492056039116,0.13424644307439906,0.5186821327249743,0.3795915738347485,0.4584997563669012,5.772364099415546e-18,6.873841773558098e-17,1.0
m1_rotating_crescent,selection,estimated_from_data,0.07799322323714387,0.0006260162841886624,61,3,9167468899337951491,0.03300181903881867,0.5550784829535487,0.12223606750615343,0.23684220371807324,1.502135952459746e-18,2.0383000842727483e-17,1.0
m1_rotating_crescent,selection,estimated_from_data,0.1158709823616285,0.0006394094303566482,61,4,7932014792093602857,0.04450651752354307,0.36875945759430995,0.27029678667672585,0.27788388683653453,1.4727454522372933e-18,2.7755575615628914e-17,1.0
m1_rotating_crescent,selection,estimated_from_data,0.11016481135900327,0.0006319810263903082,61,5,7171344342050132401,0.06651248961423932,0.494905627315099,0.12539250898026477,0.1709470252844937,1.9105159013721637e-18,2.573624906937466e-17,1.0
m1_rotating_crescent,selection,estimated_from_data,0.10513243788023167,0.0007038051169750937,61,6,6509831392054031555,0.1893898687001985,0.5147403619785695,0.24299714763911892,0.24299715624291351,9.104027166579019e-18,7.719519468096792e-17,1.0
m1_rotating_crescent,selection,estimated_from_data,0.03814499589892449,0.0006292392550345974,61,7,8813565800587479647,0.10983142153080613,0.5649188283133596,0.2303763224877881,0.28699983218334846,4.502985966281471e-18,4.2500725161431774e-17,1.0
m1_rotating_crescent,pilot,estimated_from_data,0.11654812379394398,0.0006285536567392037,61,0,1368499085525716176,0.024708553696434245,0.40514506731111766,0.1597154223097486,0.2326067405039346,7.524136181409473e-19,1.6479873021779667e-17,1.0
m1_rotating_crescent,pilot,estimated_from_data,0.11072917771206207,0.0006452982623224744,61,1,1590774228672007398,0.10126837956799657,0.5271429427263923,0.3223579741906806,0.3570728468973403,3.163337177671845e-18,4.336808689942018e-17,1.0
m1_rotating_crescent,pilot,estimated_from_data,0.06313439325340443,0.0007113660424699519,61,2,5045769021544166084,0.14614927647924233,0.3958531508989459,0.21766318885680036,0.21766790095773147,4.862597774505224e-18,4.7704895589362195e-17,1.0
m1_rotating_crescent,pilot,estimated_from_data,0.03452381088474198,0.0006367270900167919,61,3,2466672816383395246,0.04373482871902962,0.4188134853725309,0.2889751451665614,0.3263188653291855,1.550272964843532e-18,3.165870343657673e-17,1.0
m1_rotating_crescent,pilot,estimated_from_data,0.11473259963469778,0.0006198927320166168,61,4,8697142910377249866,0.05303804305734107,0.7459421880543304,0.0601227514531987,0.19451876589947634,1.6156293201038724e-18,2.42861286636753e-17,1.0
m1_rotating_crescent,pilot,estimated_from_data,0.16136977245996592,0.0006245741948468001,61,5,9220472435840467906,0.017160244114996066,0.35489141803789975,0.14108720742083644,0.21870303909416172,5.285485590864677e-19,1.1709383462843448e-17,1.0
m1_rotating_crescent,pilot,estimated_from_data,0.10690049187686178,0.0006635182636113825,61,6,5371203514478396086,0.1281829493853951,0.4906237938183808,0.21983165619516376,0.2354099718633511,5.558968872169729e-18,5.659535340374333e-17,1.0
m1_rotating_crescent,pilot,estimated_from_data,0.1074702229321554,0.000670803391685177,61,7,993647281167207788,0.24426670416384566,0.7324497456000623,0.16480224370226593,0.26638896192579997,8.113062462861896e-18,8.760353553682876e-17,1.0
m2_structural_mode,selection,estimated_from_data,0.022074462264450635,0.0024945091441943745,61,0,3934404567546129707,0.04044406966918717,0.6828994210215175,0.09762894627614757,0.26932370580434545,7.636928451938839e-19,1.5612511283791264e-17,1.0
m2_structural_mode,selection,estimated_from_data,0.1420799923567671,0.002495182891085993,61,1,1565521707822226740,0.058682505465866265,0.6546181781495428,0.15205297315451288,0.3903761741077338,1.4449759255162377e-18,1.9081958235744878e-17,1.0
m2_structural_mode,selection,estimated_from_data,0.06794882895619622,0.002892336978043616,61,2,15699672821206607,0.39292528049694625,0.7862353615256548,0.1982349707835005,0.28108427166095135,1.4950037740213243e-17,7.979727989493313e-17,1.0
m2_structural_mode,selection,estimated_from_data,0.10563340944196137,0.0024987846038648284,61,3,1124794587214090606,0.03738517169057448,0.49934271367972405,0.16691128181744097,0.33308518785847585,5.503694802482557e-19,1.214306433183765e-17,1.0
m2_structural_mode,selection,estimated_from_data,0.07398410701478858,0.0025602882485591624,61,4,7260223390022259413,0.1252861484988913,0.3478232190436908,0.29805262331749877,0.2980526233440377,2.6783718425753254e-18,1.951563910473908e-17,1.0
m2_structural_mode,selection,estimated_from_data,0.20859156404103674,0.0024931126032475895,61,5,4247044136887848609,0.026715162432363822,0.396369477889834,0.13112229054178032,0.18382550877534493,3.9616326512178037e-19,1.0083080204115191e-17,1.0
m2_structural_mode,selection,estimated_from_data,0.10572991401754571,0.0025124559610476245,61,6,3358690601352104212,0.11915612395824085,0.7167251706600903,0.12303027228478519,0.2801860436260103,5.065892299291157e-18,2.949029909160572e-17,1.0
m2_structural_mode,selection,estimated_from_data,0.1045979230337672,0.0025213330544280373,61,7,2942856751887435248,0.13427672205389612,0.6493026183111618,0.16038019681335103,0.2566972305095874,4.2937046701133975e-18,2.6020852139652106e-17,1.0
m2_structural_mode,pilot,estimated_from_data,0.04455942969437018,0.0024946323791455536,61,0,2928569987613736805,0.0426498582631979,0.7043764748573712,0.07857497871194258,0.23130441984249833,1.2387787060229958e-18,1.3877787807814457e-17,1.0
m2_structural_mode,pilot,estimated_from_data,0.0780919077133091,0.0028418997087616086,61,1,6673327007182613005,0.21095034779167335,0.44582645030173873,0.3235348171855927,0.32353481718566957,7.752318505297012e-18,7.45931094670027e-17,1.0
m2_structural_mode,pilot,estimated_from_data,0.12102449348150773,0.0024955408869386593,61,2,7863972111060403277,0.023240116067207894,0.30521138321877384,0.1524799601631433,0.2021356336972728,3.9699758017658295e-19,5.421010862427522e-18,1.0
m2_structural_mode,pilot,estimated_from_data,0.0642161936680434,0.0025208317692142373,61,3,7169522685992022104,0.08811157583321105,0.7066276240555458,0.12237231404436377,0.2461776725277359,2.7295644221596533e-18,2.7755575615628914e-17,1.0
m2_structural_mode,pilot,estimated_from_data,0.07553580122237848,0.0025381105074004044,61,4,4744431246776263926,0.1477624169212305,0.4294384538791906,0.2543801399341603,0.2544143792997515,3.461314112170993e-18,2.5045070184415152e-17,1.0
m2_structural_mode,pilot,estimated_from_data,0.02637556959442598,0.0025200284493497936,61,5,560616036681957018,0.08971072239004392,0.6094232515012374,0.20130369839605727,0.2614135292275012,2.462360780017788e-18,3.382710778154774e-17,1.0
m2_structural_mode,pilot,estimated_from_data,0.1277062573711535,0.0024939550971960424,61,6,3891636778427223547,0.03840913015171853,0.4688579523875299,0.16276519010139356,0.2428240807212801,9.563349131864382e-19,9.540979117872439e-18,1.0
m2_structural_mode,pilot,estimated_from_data,0.046257866111664,0.0025001718014377662,61,7,1027125781201881479,0.0426796026835537,0.4273153489595973,0.1685580242289765,0.26134092026352207,6.983776350743728e-19,1.3769367590565906e-17,1.0
flare_birth_motion_decay,selection,estimated_from_data,0.09748317359447398,0.04795574599469641,32,0,7527734642150861960,0.012732710552079184,0.6776134760821326,0.22757720062851228,0.2275772094412652,5.522654880733356e-19,1.0408340855860843e-17,1.0
flare_birth_motion_decay,selection,estimated_from_data,0.08350402775418199,0.020446907313597804,29,1,2321986535141221446,0.011163470425333484,0.5657182055217331,0.24065560393354726,0.2605353614566975,1.0367683274392636e-18,1.452830911130576e-17,1.0
flare_birth_motion_decay,selection,estimated_from_data,0.11429551945369229,0.05222454506648969,27,2,3360110614620611310,0.005867322655130604,0.32390537135281783,0.20867421161741226,0.20867421161741226,4.2182240773264157e-19,7.914675859144182e-18,1.0
flare_birth_motion_decay,selection,estimated_from_data,0.19139138286949914,0.069863423652768,32,3,2134920110334127225,0.02319929091004677,0.684522563696478,0.27022877048341154,0.27022877048341154,1.0856183058709e-18,2.211772431870429e-17,1.0
flare_birth_motion_decay,selection,estimated_from_data,0.05954182021064726,0.04669410681487088,22,4,8368217642465560532,0.008412672675126248,0.3825143577201406,0.18932797082191544,0.18932797082191544,9.34118522143883e-19,1.1709383462843448e-17,1.0
flare_birth_motion_decay,selection,estimated_from_data,0.04637880988979663,0.1987011569801474,28,5,8833519782984920928,0.06512194473528851,0.7949349284767756,0.31734430708100725,0.31734430708100725,7.453890969813609e-18,1.1709383462843448e-16,1.0
flare_birth_motion_decay,selection,estimated_from_data,0.07273387766515954,0.5374003595938194,19,6,6541007583280234395,0.04652196388391277,0.5592443737308559,0.24494232103804853,0.24494232103804853,1.0288485693824359e-17,9.606031248221569e-17,1.0
flare_birth_motion_decay,selection,estimated_from_data,0.19869907906432127,0.04647883407377204,29,7,4984833678507065436,0.012275915419107362,0.5530191507281449,0.2772284619751564,0.2772284619751564,1.9200119331886853e-18,2.992397996059992e-17,1.0
flare_birth_motion_decay,pilot,estimated_from_data,0.2265078614246415,0.017998970726763906,23,0,1029801552226574087,0.007037939574279633,0.7329376349977867,0.17505966772887677,0.21744945556599043,8.402566836762659e-19,1.2685165418080402e-17,1.0
flare_birth_motion_decay,pilot,estimated_from_data,0.3196740604921466,0.029944807914995895,26,1,9184396338861111144,0.0133330043049923,0.6705991709052235,0.26252368703513623,0.337102863530144,1.6805133673525234e-18,2.1250362580715887e-17,1.0
flare_birth_motion_decay,pilot,estimated_from_data,0.26671670824713933,0.018263602369854953,34,2,2470756796689058317,0.017165643282757728,0.747349372165687,0.3121719430266529,0.3251593392511337,2.7105054310118127e-18,3.642919299551295e-17,1.0
flare_birth_motion_decay,pilot,estimated_from_data,0.2839686271542671,0.05559590031961861,20,3,4271633513288572202,0.012086027283543254,0.45523762611061186,0.26622527695688997,0.26622527695688997,7.369186641112413e-19,1.3877787807814457e-17,1.0
flare_birth_motion_decay,pilot,estimated_from_data,0.09115755556686463,0.4539056432899219,27,4,1796870410933027947,0.08260597902047176,0.719142399931557,0.23047328696686747,0.23047328696686747,6.7762635780186255e-18,7.979727989493313e-17,1.0
flare_birth_motion_decay,pilot,estimated_from_data,0.3532079325504035,0.024642798466895967,25,5,7118105608055469400,0.009877420746588083,0.6694541165680878,0.2841140110746335,0.2891858791741988,2.1684043449711013e-19,9.540979117872439e-18,1.0
flare_birth_motion_decay,pilot,estimated_from_data,0.13982593213402336,0.03616589403921796,19,6,2592561897312249403,0.009825127092142005,0.6274366056698443,0.21505064923816958,0.22582912074218553,1.422941318722401e-18,1.1926223897340549e-17,1.0
flare_birth_motion_decay,pilot,estimated_from_data,0.038746168519334,0.10062950919962495,19,7,8528904067773716567,0.011512795299550281,0.34925248446125373,0.24550779733437167,0.24550779733437167,2.3276120559630315e-18,3.382710778154774e-17,1.0
plunging_feature,selection,estimated_from_data,0.02674834346365938,0.0060530725877774895,61,0,4350019292203301838,0.12966601986223755,0.7693151218066514,0.20847334531071998,0.20847334531071998,8.133210359535792e-18,1.5439038936193583e-16,1.0
plunging_feature,selection,estimated_from_data,0.10401939053364807,0.08785068608442856,61,1,3152257452391810416,0.12456526031351003,0.588077277298028,0.2832766701771413,0.2832766701771413,9.056476272042967e-18,1.196959198423997e-16,1.0
plunging_feature,selection,estimated_from_data,0.11520874414970099,0.00728308081089227,61,2,2593457021969655279,0.1436171785652991,0.602336426399424,0.2517152561226983,0.2517152561226983,1.3020590465193105e-17,2.1163626406917047e-16,1.0
plunging_feature,selection,estimated_from_data,0.10477004404893675,0.003945838555207182,61,3,7008988900614864013,0.174435079825525,0.6911920479530205,0.18336835026406112,0.18336835026406112,9.398677582738678e-18,1.205632815803881e-16,1.0
plunging_feature,selection,estimated_from_data,0.5232791139633607,0.30016919506347844,61,4,8339125390245541045,0.14047671590426755,0.7168033519853061,0.19090378569314964,0.19090378569314964,6.071108649445198e-18,9.194034422677078e-17,1.0
plunging_feature,selection,estimated_from_data,0.16869759564241535,0.05918925216707993,61,5,3144540369798771161,0.050963575998321665,0.437274397548984,0.18635826977452624,0.18635826977452624,2.791820594150174e-18,5.616167253474913e-17,1.0
plunging_feature,selection,estimated_from_data,0.03194878791314207,0.014145972887440733,61,6,4319992714366960618,0.10011060656807874,0.4444407246612583,0.26766039813884807,0.26766039813884807,9.222475316809821e-18,9.71445146547012e-17,1.0
plunging_feature,selection,estimated_from_data,0.0135563205223285,0.012080257650668854,61,7,2705875867331768032,0.14183155383397256,0.7349191880250782,0.2345321308500137,0.2345321308500137,1.2465366985712811e-17,1.491862189340054e-16,1.0
plunging_feature,pilot,estimated_from_data,0.06863134316715591,0.03790533328571256,61,0,8460799678542298666,0.06136260279647714,0.355856405528878,0.2916761633491119,0.2916761633491119,2.3022355506371883e-18,4.423544863740858e-17,1.0
plunging_feature,pilot,estimated_from_data,0.02911602747894049,0.04551114158191183,61,1,2563484481559061232,0.15074287940533873,0.7463639140195695,0.3093901973626302,0.3093901973626302,1.0814916670542907e-17,1.0234868508263162e-16,1.0
plunging_feature,pilot,estimated_from_data,0.04466059857952845,0.1384361893548164,61,2,4428294551036379021,0.05583101188064389,0.3666700900582848,0.24952121378649839,0.24952121378649839,3.901433755053307e-18,6.288372600415926e-17,1.0
plunging_feature,pilot,estimated_from_data,0.02502158802399378,0.04354278405022789,61,3,3141207067828151005,0.07736751495946874,0.5415936760362887,0.241273789928664,0.241273789928664,4.336808689942018e-18,7.45931094670027e-17,1.0
plunging_feature,pilot,estimated_from_data,0.11818336539628901,0.039791390887274826,61,4,2026743939279519304,0.05246094342376462,0.4252600146536876,0.35594014952921404,0.35594014952921404,2.927345865710862e-18,3.165870343657673e-17,1.0
plunging_feature,pilot,estimated_from_data,0.10055028825958347,0.3863035416054891,61,5,3327679721016786812,0.06698460757095753,0.30667914189303824,0.18881769120658448,0.18881769120658448,3.903127820947816e-18,3.5561831257524545e-17,1.0
plunging_feature,pilot,estimated_from_data,0.01768186709189961,0.07672437345865583,61,6,2487978036933142332,0.1361458975371962,0.660271888496088,0.31246415797188076,0.31246415797188076,1.3440718807031238e-17,1.5612511283791264e-16,1.0
plunging_feature,pilot,estimated_from_data,0.05290926401881392,0.05558141707425318,61,7,6245855614616738898,0.10539693362310544,0.5584469328987567,0.27255482213919485,0.27255482213919485,1.1275601677814515e-17,1.196959198423997e-16,1.0
circular_hotspot_trajectory,selection,joint_inversion,0.1298511964494879,0.00559662926075556,61,0,1147244449153343397,0.04148432146078033,0.38000570833016184,0.258245038680285,0.258245038680285,4.230506051830429e-18,4.7704895589362195e-17,1.0
circular_hotspot_trajectory,selection,joint_inversion,0.04588975936936751,0.006606458965788532,61,1,5816944143116133717,0.09028369857545497,0.7161805657307863,0.38565681196829515,0.38565681196829515,5.238157624939e-18,6.505213034913027e-17,1.0
circular_hotspot_trajectory,selection,joint_inversion,0.23941092294455416,0.0031350561815665194,61,2,8706504264666855097,0.026770328199323776,0.37250214705274876,0.3080585201805135,0.3080585201805135,1.8071447929670498e-18,3.0791341698588326e-17,1.0
circular_hotspot_trajectory,selection,joint_inversion,0.3824533201286263,0.008268549061859243,61,3,5206916904693848546,0.030279298895839125,0.7961718945323784,0.2642907130998557,0.3245365531180372,4.119968255419673e-18,7.22078646875346e-17,1.0
circular_hotspot_trajectory,selection,joint_inversion,0.24317027738314806,0.002499032452177178,61,4,8521819261114815901,0.021540650674433295,0.4250799740636153,0.2675234364889667,0.2675234364889667,1.3467823861488329e-18,2.168404344971009e-17,1.0
circular_hotspot_trajectory,selection,joint_inversion,0.03986018163645913,0.003832107271498304,61,5,7975368311482307966,0.10627042194815842,0.3811374788494506,0.3495539540886814,0.3495539540886814,1.3877787701185706e-17,7.39425881635114e-17,1.0
circular_hotspot_trajectory,selection,joint_inversion,0.054163141613001745,0.0034996009357617743,61,6,574839800380888433,0.08248741044021428,0.5402794183577537,0.21642907843593862,0.21642907843593862,6.3967928176645856e-18,5.984795992119984e-17,1.0
circular_hotspot_trajectory,selection,joint_inversion,0.07902973850530404,0.006927489741701712,61,7,242270034809075720,0.07525565949817267,0.7969803163177713,0.19834893158874978,0.19834893158874978,4.967107081817624e-18,6.158268339717665e-17,1.0
circular_hotspot_trajectory,pilot,joint_inversion,0.22980139710989958,0.003279300361061817,61,0,2347216061200556420,0.030179728143464937,0.5779014655740399,0.20887881134011854,0.2299610314763478,1.3891340335996045e-18,2.667137344314341e-17,1.0
circular_hotspot_trajectory,pilot,joint_inversion,0.33369157642989034,0.004788949988435701,61,1,6653676528787461662,0.02445960831392444,0.5622780247023704,0.2247531456168027,0.24860218216496413,1.0706496453294356e-18,1.6479873021779667e-17,1.0
circular_hotspot_trajectory,pilot,joint_inversion,0.10268420098453776,0.004758398939843925,61,2,3581425467186865732,0.10124260832444601,0.39469737494474,0.2106995850820494,0.2106995850820494,5.790317227430459e-18,6.722053469410127e-17,1.0
circular_hotspot_trajectory,pilot,joint_inversion,0.3244138643270334,0.006339540039557849,61,3,8745584423966257309,0.010052765915476432,0.370289002161019,0.1651128608771386,0.18403303035086752,3.1170812458958252e-19,6.5052130349130266e-18,1.0
circular_hotspot_trajectory,pilot,joint_inversion,0.005873276008346657,0.0032776252461494573,61,4,1483723851557543550,0.045703883442817214,0.461137663536651,0.22209223425707125,0.22209223425707125,2.800860851064766e-18,4.4777549723651333e-17,1.0
circular_hotspot_trajectory,pilot,joint_inversion,0.13701513946750077,0.013969699104251805,61,5,7802593046536154652,0.009296098440568565,0.5003274256784427,0.1732903473160697,0.1893971698998336,2.981555974335137e-19,6.5052130349130266e-18,1.0
circular_hotspot_trajectory,pilot,joint_inversion,0.12007312194207828,0.0028448342371288587,61,6,8830232401313321564,0.0938195424671898,0.5939982206786131,0.32891768161117774,0.32891768161117774,6.278845922527061e-18,7.806255641895632e-17,1.0
circular_hotspot_trajectory,pilot,joint_inversion,0.07405445897663569,0.003753392242988507,61,7,3567626982421379479,0.040694469934651784,0.6099454455086326,0.21739379620061244,0.21739379620061244,4.055129224916156e-18,4.163336342344337e-17,1.0
two_hotspot_trajectories,selection,joint_inversion,0.30363660562150957,0.006462516948984811,61,0,3771463535611600472,0.031373303624257484,0.6340778324685892,0.23584345848726299,0.23820643046259032,3.876022766635678e-18,5.2909066017292616e-17,1.0
two_hotspot_trajectories,selection,joint_inversion,0.2860739145086058,0.012580066756577144,61,1,3412002169120716347,0.02707488795451663,0.5477258323329178,0.19081654754059135,0.23679044857229642,1.897367036739446e-18,4.5102810375396984e-17,1.0
two_hotspot_trajectories,selection,joint_inversion,0.2819046469887119,0.169166641801236,61,2,25076511652957641,0.03215724909320416,0.6627570926655821,0.35318931373386736,0.3865827654935958,3.0357661346582007e-18,5.941427905220564e-17,1.0
two_hotspot_trajectories,selection,joint_inversion,0.05435722066419864,0.011621545207840152,61,3,6862429247931339829,0.040340476780295315,0.6302897684928177,0.3369984632170873,0.3369984833968088,2.1684072401007862e-18,3.0791341698588326e-17,1.0
two_hotspot_trajectories,selection,joint_inversion,0.1458814128403066,0.005070264050316838,61,4,6938197618547226837,0.04708369574815669,0.542875225278312,0.35297879161535056,0.35980877724663973,2.5715934754301278e-18,4.9873299934333204e-17,1.0
two_hotspot_trajectories,selection,joint_inversion,0.047835854750210356,0.008630423755966881,61,5,2548536556242076683,0.03048711844333663,0.4967193579125593,0.2468348532146094,0.27705522040429176,3.523655406216664e-18,3.8163916471489756e-17,1.0
two_hotspot_trajectories,selection,joint_inversion,0.09228556661435967,0.0029546699135836406,61,6,1401889075491258535,0.1165113657895771,0.7994303133949926,0.20529202825699994,0.2324864540765565,9.268234508856554e-18,9.974659986866641e-17,1.0
two_hotspot_trajectories,selection,joint_inversion,0.2024362471177641,0.007749335930501478,61,7,2878150581532265481,0.014202242769040816,0.34298203330958793,0.261862977941771,0.2618631152026911,1.2739317624061798e-18,1.2034644114589099e-17,1.0
two_hotspot_trajectories,pilot,joint_inversion,0.1494893020193472,0.0035809084645344784,61,0,6040790484873237186,0.042055401930998916,0.7870355094450537,0.2160727174538642,0.29237137956237047,4.282598581338105e-18,5.377642775528102e-17,1.0
two_hotspot_trajectories,pilot,joint_inversion,0.036603643252176785,0.00582463286702982,61,1,8747232831505555981,0.027027907546770015,0.38770527175440544,0.23967265260622905,0.23967265260622905,1.3010672156058388e-18,2.8189256484623115e-17,1.0
two_hotspot_trajectories,pilot,joint_inversion,0.05364468132718479,0.03545849590791751,61,2,2302021597063594944,0.017858072593180195,0.5581718323723908,0.18756253158480893,0.20362581561100532,1.2197274440461925e-18,2.3852447794681098e-17,1.0
two_hotspot_trajectories,pilot,joint_inversion,0.11618120328971318,0.0030327209000585694,61,3,7393485904332582367,0.021057652968000416,0.443797764985513,0.16740906645489445,0.1783115819548325,1.8932278249542183e-18,2.6020852139652106e-17,1.0
two_hotspot_trajectories,pilot,joint_inversion,0.058657349945929346,0.0034975676980572774,61,4,287681189021757789,0.02895224717496306,0.4773132734799647,0.19595381692041075,0.21569870011687886,2.391998718863128e-18,4.0223900599212215e-17,1.0
two_hotspot_trajectories,pilot,joint_inversion,0.1398215337966808,0.005481566453164932,61,5,7463041733996682999,0.019194196847847823,0.5884898109000454,0.16461163969523074,0.23054091992753029,2.4868887331386258e-18,4.0549161250957866e-17,1.0
two_hotspot_trajectories,pilot,joint_inversion,0.22051971405631063,0.008820126719177469,61,6,8856609413880766892,0.028446662298488717,0.6224062662336334,0.2525714928279453,0.2887799067696277,1.6805134449007143e-18,2.7755575615628914e-17,1.0
two_hotspot_trajectories,pilot,joint_inversion,0.1467650634601371,0.016622203480209985,61,7,6183898009985042179,0.01711591533309073,0.58885406456837,0.16532198585885335,0.18694119081297877,9.215718563062016e-19,1.0950441942103595e-17,1.0
m1_rotating_crescent,selection,joint_inversion,0.09401528980134989,0.0006291283574510697,61,0,949188243031043182,0.0384882441472945,0.7191631679682455,0.06736082143937858,0.21279859096195797,1.2546671395301257e-18,3.0357660829594124e-17,1.0
m1_rotating_crescent,selection,joint_inversion,0.0013750764082242424,0.0006449449053481088,61,1,2609224994623167309,0.044638793960076605,0.34599711768068636,0.2617865681619217,0.2617865681619217,1.1228995483516683e-18,2.688821387764051e-17,1.0
m1_rotating_crescent,selection,joint_inversion,0.04364436064744259,0.0006272343036669489,61,2,3664165168972984330,0.019795125798571254,0.30505662549730506,0.13564651426796825,0.19519074394376032,4.428326401951236e-19,8.456776945386935e-18,1.0
m1_rotating_crescent,selection,joint_inversion,0.3522991980724267,0.0006235461483220824,61,3,2439715295111551890,0.036961423186778294,0.49858167031335826,0.14826958412583924,0.29570036703384855,1.196010521472585e-18,1.8648277366750676e-17,1.0
m1_rotating_crescent,selection,joint_inversion,0.036092487915314136,0.0006392324247817873,61,4,93915334811990439,0.09143711424657298,0.556986098124937,0.17634465237708022,0.20637551019412706,3.868715659899538e-18,4.85722573273506e-17,1.0
m1_rotating_crescent,selection,joint_inversion,0.21368760903225742,0.0006231809374854435,61,5,5867057362703522058,0.06645911329596295,0.7928842256513605,0.07316819186854057,0.31353543355685337,2.6334254567173122e-18,4.336808689942018e-17,1.0
m1_rotating_crescent,selection,joint_inversion,0.022338828958878336,0.0006276665998055855,61,6,6244970546344530868,0.08118965449770957,0.7648306266532283,0.11314137399192192,0.4311718272409505,2.5114332757139997e-18,4.85722573273506e-17,1.0
m1_rotating_crescent,selection,joint_inversion,0.1981183040738938,0.0006304475689029782,61,7,7990940151781816897,0.03629246852107406,0.40549152942706856,0.27195668020326264,0.34273392592597296,1.395960755092009e-18,1.6479873021779667e-17,1.0
m1_rotating_crescent,pilot,joint_inversion,0.10003821501216818,0.000623897817665297,61,0,5189872214532329536,0.05289690795504704,0.6116680281233282,0.16901309168420608,0.3427544955342776,2.155142652579609e-18,4.8138576458356397e-17,1.0
m1_rotating_crescent,pilot,joint_inversion,0.06600274007842799,0.0007176198450588335,61,1,1509869236645754844,0.11296778921364986,0.3360672410467256,0.22474130921475288,0.22474130921475288,5.217497958930652e-18,6.873841773558098e-17,1.0
m1_rotating_crescent,pilot,joint_inversion,0.005250517632359863,0.0006366778114400434,61,2,6593960843881339245,0.0497674438374098,0.4488157577854787,0.27187981012435336,0.31576375893926145,1.7456186458331645e-18,3.3393426912553537e-17,1.0
m1_rotating_crescent,pilot,joint_inversion,0.0725865217389585,0.0006301722074186344,61,3,3853463647956196293,0.07240571883794193,0.46338358514855665,0.24861002384321962,0.24861002384452352,2.2874143352107e-18,3.5561831257524545e-17,1.0
m1_rotating_crescent,pilot,joint_inversion,0.06606899382223755,0.0006375807137150156,61,4,6984087029932843947,0.1393453055164518,0.4212928515542238,0.35151986900818294,0.3515198851735248,6.156563557764964e-18,5.919743861770854e-17,1.0
m1_rotating_crescent,pilot,joint_inversion,0.1059964183619953,0.0006344934273967493,61,5,534869708583347869,0.07162050330955981,0.7265938963863089,0.0844909821256081,0.244013031946743,2.9179160067277575e-18,5.637851296924623e-17,1.0
m1_rotating_crescent,pilot,joint_inversion,0.01399972764616963,0.0006366651050217478,61,6,7231289104380557713,0.044258308438522305,0.3616315415784664,0.2533672073646597,0.2533672073647606,1.2278466094993003e-18,2.992397996059992e-17,1.0
m1_rotating_crescent,pilot,joint_inversion,0.08738851300332685,0.0006356972734616569,61,7,5942611922833202906,0.09027564013972207,0.7953242550548494,0.11841735820475996,0.3724922676661113,2.686789335820766e-18,5.898059818321144e-17,1.0
m2_structural_mode,selection,joint_inversion,0.030867142316019475,0.002502800488684625,61,0,8982262152114078782,0.02064786346492402,0.35652142924529806,0.14271866546552836,0.18458435578911966,3.385226407992385e-19,5.204170427930421e-18,1.0
m2_structural_mode,selection,joint_inversion,0.007995621398972839,0.0024994039916900034,61,1,8527042322219607436,0.03576860640228554,0.4275981472593332,0.12810017331618964,0.202888953158729,4.897625771519548e-19,9.744267025213471e-18,1.0
m2_structural_mode,selection,joint_inversion,0.11580813135567398,0.0024996337037863398,61,2,3406305867469063311,0.08532197623397633,0.627932405780657,0.15197888689502284,0.33475601887779916,2.2338641099260053e-18,2.42861286636753e-17,1.0
m2_structural_mode,selection,joint_inversion,0.10109248261798032,0.002524390958462122,61,3,2393505227029802513,0.09848287992910178,0.449753848935532,0.25737870966898346,0.2959463441033028,2.013111214529105e-18,2.7321894746634712e-17,1.0
m2_structural_mode,selection,joint_inversion,0.07535977792424106,0.0025092661745769154,61,4,2999680947164216581,0.09709707752002757,0.6483422836449684,0.10814009111321277,0.2049423989100843,1.693695317594177e-18,2.1250362580715887e-17,1.0
m2_structural_mode,selection,joint_inversion,0.08515058557498277,0.0025071881589891886,61,5,2760238984934330115,0.0920908002492557,0.556978265454484,0.18876488705458827,0.3445767066042126,1.135500605353593e-18,1.9081958235744878e-17,1.0
m2_structural_mode,selection,joint_inversion,0.2931469994473554,0.0024968854239561314,61,6,9077477503192958655,0.049864212083419415,0.7825223194592654,0.060498004935852445,0.27818029319344745,1.0842021724855048e-18,2.0816681711721685e-17,1.0
m2_structural_mode,selection,joint_inversion,0.12994762080665734,0.0025129788251799386,61,7,1768519166274684531,0.08934047033089847,0.6907121039099504,0.14836011049226844,0.271099628935194,1.4229938447291635e-18,3.2959746043559335e-17,1.0
m2_structural_mode,pilot,joint_inversion,0.1836235688016242,0.0024932469727162614,61,0,1922711156520329767,0.01930680399288469,0.46696318275627396,0.11152574520796613,0.20912412281223075,3.997995543099605e-19,7.914675859144182e-18,1.0
m2_structural_mode,pilot,joint_inversion,0.11085672021313142,0.0024936872689479096,61,1,3533772821615694488,0.15702353992638868,0.7660209700337974,0.13158273891443945,0.37018612348601954,3.503579732750002e-18,3.8163916471489756e-17,1.0
m2_structural_mode,pilot,joint_inversion,0.04771949928168145,0.0024978843591901036,61,2,2746742499831971422,0.1861737092607608,0.6851687984962751,0.19730551728773088,0.3489525527037551,6.40371797375277e-18,4.7704895589362195e-17,1.0
m2_structural_mode,pilot,joint_inversion,0.03120532274434769,0.002501385585014313,61,3,8344854565383074536,0.026305961885199666,0.3576259939339085,0.24828509011978753,0.3253577537945428,6.74236994937027e-19,1.3010426069826053e-17,1.0
m2_structural_mode,pilot,joint_inversion,0.12209876221279577,0.0024970896971652956,61,4,7382448822277784420,0.020209731908713693,0.36501297110098313,0.14589680141537548,0.18842530865626705,4.662593451078601e-19,7.806255641895632e-18,1.0
m2_structural_mode,pilot,joint_inversion,0.13984419970107992,0.002505839112138556,61,5,2710178894449352984,0.030684051027396703,0.3917941435444819,0.14665374234403322,0.17975329557732356,4.9816095483590275e-19,5.637851296924623e-18,1.0
m2_structural_mode,pilot,joint_inversion,0.1019257101089957,0.002397754283433335,61,6,7476884010769672740,0.13679670782601747,0.7238073027854915,0.20199403633857227,0.3285045882571543,3.729830125427902e-18,4.7379634937616544e-17,1.0
m2_structural_mode,pilot,joint_inversion,0.0921382317113704,0.0024934463623349657,61,7,4321207841503847773,0.0719542560397386,0.7633306143597047,0.12958092624170603,0.4293407994466967,1.6047902038510715e-18,2.8514517136368767e-17,1.0
flare_birth_motion_decay,selection,joint_inversion,0.2489858219695483,0.02415518988493971,28,0,5470167060273823941,0.003866848099625786,0.38982534229613003,0.18884846426470928,0.20339570932819162,4.675621868843738e-19,7.047314121155779e-18,1.0
flare_birth_motion_decay,selection,joint_inversion,0.006746870273797126,0.06239228423031174,37,1,5840580478790618289,0.019060818345513243,0.4435505155986568,0.26559058081183906,0.26559058081183906,3.924201978962012e-18,4.683753385137379e-17,1.0
flare_birth_motion_decay,selection,joint_inversion,0.1238071372363049,0.043416301965470784,26,2,8713276580258176762,0.013545443287948036,0.6740973607430645,0.1966707461461024,0.19667074614610267,1.0791199733630988e-18,1.5612511283791264e-17,1.0
flare_birth_motion_decay,selection,joint_inversion,0.052270363446188926,0.370585534980696,27,3,7545652603302346562,0.04930840161800175,0.3301733767316198,0.3056710696220032,0.3056710696220032,3.8133303861187664e-18,8.543513119185775e-17,1.0
flare_birth_motion_decay,selection,joint_inversion,0.09631762835592703,0.0295764738187271,25,4,7281380996986544508,0.011166773666080215,0.7103342310536325,0.2018722836763163,0.2054792370596616,1.3586408732452919e-18,2.211772431870429e-17,1.0
flare_birth_motion_decay,selection,joint_inversion,0.19974257074676233,0.02748039020576735,26,5,2761796807982415938,0.009474114024115615,0.606831220482499,0.24596962284374965,0.25304347610130024,5.692061405548898e-19,1.1600963245594897e-17,1.0
flare_birth_motion_decay,selection,joint_inversion,0.16087565730528305,0.04059964081833213,26,6,2636250178735076582,0.024676318976530588,0.6838256531226186,0.4277102655231011,0.4277102700851535,3.2526257661674717e-18,3.729655473350135e-17,1.0
flare_birth_motion_decay,selection,joint_inversion,0.20324011016331675,0.06412795994468808,28,7,3179942703825890703,0.012596656087324269,0.5289121329152873,0.22480249710472822,0.22480249710472822,1.0266039134929692e-18,2.0816681711721685e-17,1.0
flare_birth_motion_decay,pilot,joint_inversion,0.419603814699504,0.02202059150330204,23,0,1186709612068890823,0.0048708452770012175,0.32305081142524045,0.23605651673830835,0.24832943544345626,6.437450391559618e-19,1.0733601507606494e-17,1.0
flare_birth_motion_decay,pilot,joint_inversion,0.03032914496185667,0.02610066593946526,28,1,4023633709633829963,0.01363485787236241,0.7176221065186467,0.14589074452115386,0.20367274710623337,9.131014614023796e-19,2.585822181377928e-17,1.0
flare_birth_motion_decay,pilot,joint_inversion,0.12803003616563785,0.07570750463236041,23,2,4430247892789281588,0.013697662501388876,0.6189491900398822,0.17931805402211523,0.17931805402211523,6.776395926932411e-19,6.830473686658678e-18,1.0
flare_birth_motion_decay,pilot,joint_inversion,0.0698798753233456,0.08287665622920995,29,3,9174018724901763260,0.01918191336126593,0.37068857590573123,0.4538597533308394,0.4538597533308394,3.207292736320246e-18,3.3393426912553537e-17,1.0
flare_birth_motion_decay,pilot,joint_inversion,0.1312808474574593,0.05170698740719641,33,4,4504323993049066547,0.018738479804050114,0.4995182643735428,0.3640550834556097,0.3640550834556131,1.735252871568841e-18,4.423544863740858e-17,1.0
flare_birth_motion_decay,pilot,joint_inversion,0.08259556614099699,0.08041044604949504,24,5,6341320446393938468,0.031674838418885604,0.557938185425503,0.3172886160099455,0.3172886160099455,5.441223847875868e-18,6.938893903907228e-17,1.0
flare_birth_motion_decay,pilot,joint_inversion,0.024922051486890456,0.04412948485178491,25,6,8661464374391754939,0.013151298315091951,0.5730572204602811,0.23370887520006126,0.23370887520006217,7.657175387375991e-19,1.691355389077387e-17,1.0
flare_birth_motion_decay,pilot,joint_inversion,0.22367516950829808,0.02390499087147222,25,7,8946691180015115089,0.007373111741240889,0.4932856359445252,0.1834147171714489,0.1834148954152529,4.33733808553208e-19,8.782037597132586e-18,1.0
plunging_feature,selection,joint_inversion,0.061607986636640966,0.04802089532734753,61,0,7443207737426439943,0.1235343782471496,0.5067356982212233,0.1891224966388218,0.1891224966388218,7.426784881530044e-18,6.895525817007808e-17,1.0
plunging_feature,selection,joint_inversion,0.04464083830002173,0.04517581741423542,61,1,4460479854543257017,0.06550535359381354,0.35624802802510114,0.35188663152689664,0.35188663152689664,4.9398961483870796e-18,8.109832250191573e-17,1.0
plunging_feature,selection,joint_inversion,0.06919804696474448,0.3877015010524308,61,2,5902819234801909484,0.09679758234114376,0.5678327938861631,0.26492225896697474,0.26492225896697474,5.624298769768554e-18,5.724587470723463e-17,1.0
plunging_feature,selection,joint_inversion,0.038229099383242336,0.017983909509000136,61,3,6664064105740470778,0.11016996494188783,0.5196375208393464,0.411832154972645,0.411832154972645,6.559423143587789e-18,9.540979117872439e-17,1.0
plunging_feature,selection,joint_inversion,0.10770476880382888,0.05525285249203321,61,4,3583369708441003998,0.16053477606219707,0.6429703096000605,0.25472992429084224,0.25472992429084224,1.3589796605747995e-17,1.3183898417423734e-16,1.0
plunging_feature,selection,joint_inversion,0.03306861681007353,0.0028545255503500382,61,5,5044600898423564346,0.10126233344944256,0.5497130379631028,0.3498087765962775,0.3498087765962775,6.472178749970109e-18,1.0408340855860843e-16,1.0
plunging_feature,selection,joint_inversion,0.12365851100821365,0.004398743358057681,61,6,4151079337537976723,0.10801892288491291,0.7127753405715772,0.24863138076774652,0.24863138076774652,6.063061836446282e-18,7.025630077706069e-17,1.0
plunging_feature,selection,joint_inversion,0.10081748432230297,0.7988152106519998,61,7,1381454026543020082,0.10778324613763358,0.6828171971895337,0.2044321170691447,0.2044321170691447,5.635945472793301e-18,7.112366251504909e-17,1.0
plunging_feature,pilot,joint_inversion,0.1251651575076778,0.008375806154082139,61,0,4313930003551254821,0.09940383807290541,0.5488883568385701,0.36355740178772455,0.36355740178772455,7.914675859144182e-18,8.326672684688674e-17,1.0
plunging_feature,pilot,joint_inversion,0.09430341004669011,0.015914113739794393,61,1,4335776356845679819,0.10314357953730022,0.3876474591396828,0.20463336029140156,0.20463336029140156,9.15473209392447e-18,6.591949208711867e-17,1.0
plunging_feature,pilot,joint_inversion,0.047532354892624216,0.12793043519399003,61,2,6844581044408758555,0.14131629861953277,0.7862978126086007,0.24665347921519543,0.24665347921519543,6.50557699438255e-18,1.244664094013359e-16,1.0
plunging_feature,pilot,joint_inversion,0.06696757792560619,0.005110575026228586,61,3,1811892966172439309,0.13227176955337144,0.7468388144349563,0.27394398992535784,0.27394398992535784,1.4555414165617897e-17,2.0296264668928643e-16,1.0
plunging_feature,pilot,joint_inversion,0.11302807078256495,0.633058405576197,61,4,3083758476460776143,0.060346393997607065,0.529432186890423,0.4723876727770162,0.4723876727770162,3.618524750670371e-18,3.838075690598686e-17,1.0
plunging_feature,pilot,joint_inversion,0.11220704360854522,0.07853849207521268,61,5,4892339991411005996,0.12215553580328076,0.6661126374916873,0.3157166840010195,0.3157166840010195,5.420679990182501e-18,8.370040771588094e-17,1.0
plunging_feature,pilot,joint_inversion,0.3780681900284627,0.13107287567479542,61,6,4947251508562979662,0.052514405990695394,0.341867186348862,0.41108974694513234,0.41108974694513234,4.228302445909762e-18,6.895525817007808e-17,1.0
plunging_feature,pilot,joint_inversion,0.11031971852309225,0.015640637291522454,61,7,6379752335637394387,0.11101251357015414,0.47663675567392283,0.3337364896879618,0.3337364896879618,9.425782637045882e-18,7.45931094670027e-17,1.0
