source_class,bank,family,split,index,representation_floor_relative,representation_floor_structure_relative,old_band_structure_floor
L224,baseline_one_positive,circular_crescent,pilot,0,0.22657446328015543,0.39908984669650166,1.4185101412935848
L224,baseline_one_positive,circular_crescent,pilot,1,0.22440488962643018,0.4060081739658073,1.208984472230818
L224,baseline_one_positive,circular_crescent,pilot,2,0.2433252299824317,0.5567085388680857,2.1350491592788687
L224,baseline_one_positive,circular_crescent,pilot,3,0.25934125401703534,0.657537027689727,2.5116608513986196
L224,baseline_one_positive,circular_crescent,pilot,4,0.245680930029513,0.5955335056766594,1.9916970640187293
L224,baseline_one_positive,circular_crescent,pilot,5,0.25950887328021716,0.5947556034070153,2.462038862444734
L224,baseline_one_positive,circular_crescent,pilot,6,0.22392371344155465,0.44382644064032606,1.1750868327418964
L224,baseline_one_positive,circular_crescent,pilot,7,0.22464123813912196,0.4287651992748646,1.2080655242378164
L224,baseline_one_positive,circular_crescent,selection,0,0.22758990681399338,0.42957314968495813,1.4123494964966892
L224,baseline_one_positive,circular_crescent,selection,1,0.25090471859625485,0.573177680031951,2.1557521030845286
L224,baseline_one_positive,circular_crescent,selection,2,0.2411683213335369,0.5621845232158044,2.1040996746820295
L224,baseline_one_positive,circular_crescent,selection,3,0.2749830736378849,0.7637846578116785,2.5809759898925138
L224,baseline_one_positive,circular_crescent,selection,4,0.2695883517322,0.8022635595161758,2.3960979890985326
L224,baseline_one_positive,circular_crescent,selection,5,0.22568230553588212,0.50338077683719,1.3190731792724686
L224,baseline_one_positive,circular_crescent,selection,6,0.23460265383846582,0.5327828837581327,1.6911759176261134
L224,baseline_one_positive,circular_crescent,selection,7,0.2457813263491709,0.4558980554042601,2.2481344485880133
L224,baseline_one_positive,circular_single_hotspot,pilot,0,0.2382542553059617,0.8957091746526772,1.3291472936518753
L224,baseline_one_positive,circular_single_hotspot,pilot,1,0.22254880212913267,0.9193406550334319,0.6963938971534513
L224,baseline_one_positive,circular_single_hotspot,pilot,2,0.2234013515345554,0.5430113511045453,0.8831598152310842
L224,baseline_one_positive,circular_single_hotspot,pilot,3,0.22816160453040177,0.4608509444561708,1.1385309551549454
L224,baseline_one_positive,circular_single_hotspot,pilot,4,0.228946638448785,0.493611566544041,1.1443914985877006
L224,baseline_one_positive,circular_single_hotspot,pilot,5,0.23286257013882125,1.1457890756487608,1.1326684501228694
L224,baseline_one_positive,circular_single_hotspot,pilot,6,0.22525937847529823,0.5976919834791985,0.8510518276922933
L224,baseline_one_positive,circular_single_hotspot,pilot,7,0.22201851137800577,0.8035358056198707,0.664397965032132
L224,baseline_one_positive,circular_single_hotspot,selection,0,0.23654173674950718,0.9855090162684583,1.2703864469117727
L224,baseline_one_positive,circular_single_hotspot,selection,1,0.22952715322778017,0.43410939280769967,1.157384352671914
L224,baseline_one_positive,circular_single_hotspot,selection,2,0.2266892505885364,1.5407106487571365,0.8568763625729483
L224,baseline_one_positive,circular_single_hotspot,selection,3,0.23033176350699897,0.4447275641199075,1.4547468541117168
L224,baseline_one_positive,circular_single_hotspot,selection,4,0.22269623290507878,0.7294796726023224,0.7549565114057106
L224,baseline_one_positive,circular_single_hotspot,selection,5,0.23217367978722903,0.5317984931842403,1.3234406425304142
L224,baseline_one_positive,circular_single_hotspot,selection,6,0.22785145150505287,0.537145642413659,1.0246372040822695
L224,baseline_one_positive,circular_single_hotspot,selection,7,0.2408144802269519,0.9409515146759232,1.4347300637235052
L224,baseline_one_positive,circular_two_hotspots,pilot,0,0.23309457870565073,0.5214629188242458,1.3619294884519924
L224,baseline_one_positive,circular_two_hotspots,pilot,1,0.23172247267643958,0.44238466837718365,1.3755039308942252
L224,baseline_one_positive,circular_two_hotspots,pilot,2,0.234477655753896,0.4600314964078638,1.647561866609218
L224,baseline_one_positive,circular_two_hotspots,pilot,3,0.23632762030121804,0.5629777238844131,1.6004382107906583
L224,baseline_one_positive,circular_two_hotspots,pilot,4,0.24523679414310687,0.5787862524869853,1.878173116944321
L224,baseline_one_positive,circular_two_hotspots,pilot,5,0.24051166559449758,0.5481383506603912,1.9006678920057825
L224,baseline_one_positive,circular_two_hotspots,pilot,6,0.24739277386767006,0.4860709859558016,2.4689179400298618
L224,baseline_one_positive,circular_two_hotspots,pilot,7,0.2253582867506233,0.6314366265678973,1.032127785517728
L224,baseline_one_positive,circular_two_hotspots,selection,0,0.22540067911857095,0.45946066902021926,1.036034627093662
L224,baseline_one_positive,circular_two_hotspots,selection,1,0.22549116458103918,0.6200486248990866,1.1607489491221674
L224,baseline_one_positive,circular_two_hotspots,selection,2,0.22741379108982604,0.6138135990064839,1.1097894021744994
L224,baseline_one_positive,circular_two_hotspots,selection,3,0.22716175013724105,0.5199768957899938,1.2837140421687088
L224,baseline_one_positive,circular_two_hotspots,selection,4,0.2269217061183614,0.4269473050704096,1.1311392791901524
L224,baseline_one_positive,circular_two_hotspots,selection,5,0.22361222851599777,0.3865627017887472,1.1756996205883694
L224,baseline_one_positive,circular_two_hotspots,selection,6,0.2361773132763421,0.49203301431036095,1.4984364675197768
L224,baseline_one_positive,circular_two_hotspots,selection,7,0.23316337421556507,0.769722959965023,1.264933126505682
L224,baseline_one_positive,plunging_hotspot,pilot,0,0.24242730064924675,1.0146596435267046,1.483414927342823
L224,baseline_one_positive,plunging_hotspot,pilot,1,0.22987830912325938,1.3899678399090238,0.9936673748262782
L224,baseline_one_positive,plunging_hotspot,pilot,2,0.24207207510930911,1.0932957633150169,1.441113066940601
L224,baseline_one_positive,plunging_hotspot,pilot,3,0.22331935301881858,2.476259923893352,0.6753202895679085
L224,baseline_one_positive,plunging_hotspot,pilot,4,0.24163409958472468,0.9544402328240226,1.4666996028999766
L224,baseline_one_positive,plunging_hotspot,pilot,5,0.2730532070796389,0.9643726305071535,2.2785408010409838
L224,baseline_one_positive,plunging_hotspot,pilot,6,0.26227551913953556,0.8604820853647985,2.1064113583608157
L224,baseline_one_positive,plunging_hotspot,pilot,7,0.22931074070107776,1.6484394734984145,0.9606352836604878
L224,baseline_one_positive,plunging_hotspot,selection,0,0.259839460644903,0.8659024315934396,1.9732499795094727
L224,baseline_one_positive,plunging_hotspot,selection,1,0.22589236406464633,1.7348263928094534,0.818112307024714
L224,baseline_one_positive,plunging_hotspot,selection,2,0.24736143778499672,1.0749854391194291,1.6086055918295827
L224,baseline_one_positive,plunging_hotspot,selection,3,0.23179271894714765,1.1206241911920285,1.0815000067260074
L224,baseline_one_positive,plunging_hotspot,selection,4,0.2651595934198746,0.9053643911900262,2.1018426618281203
L224,baseline_one_positive,plunging_hotspot,selection,5,0.2345067967631284,1.230182452628836,1.1796149044460167
L224,baseline_one_positive,plunging_hotspot,selection,6,0.23986819129381004,0.9120167930647,1.423333748826039
L224,baseline_one_positive,plunging_hotspot,selection,7,0.2603829063601497,0.9878833888717086,1.9874405330647407
L224,constant_flux_structural,circular_crescent,pilot,0,0.2655422345031511,0.3431614013969238,2.474618017973487
L224,constant_flux_structural,circular_crescent,pilot,1,0.3149812732110478,0.4545882042543217,3.3716094288789806
L224,constant_flux_structural,circular_crescent,pilot,2,0.3337769024296337,0.40479951054497815,4.950835761831131
L224,constant_flux_structural,circular_crescent,pilot,3,0.5152549472139183,0.5913712126801788,11.489660425326209
L224,constant_flux_structural,circular_crescent,pilot,4,0.5424083859251071,0.6158942163389366,12.729811384435534
L224,constant_flux_structural,circular_crescent,pilot,5,0.28999466527069084,0.3933323398456864,3.0900758382699305
L224,constant_flux_structural,circular_crescent,pilot,6,0.3587886236227793,0.4555063252005972,5.31722187110397
L224,constant_flux_structural,circular_crescent,pilot,7,0.3853872404788929,0.481169095846425,6.18012241017579
L224,constant_flux_structural,circular_crescent,selection,0,0.2669559071015155,0.3796879458364306,2.331505933932425
L224,constant_flux_structural,circular_crescent,selection,1,0.4806958576839735,0.7422910926274122,7.027585040807938
L224,constant_flux_structural,circular_crescent,selection,2,0.4592449029888129,0.551874207669802,8.71514734172484
L224,constant_flux_structural,circular_crescent,selection,3,0.28779121064694185,0.3725423405659278,3.180962615566556
L224,constant_flux_structural,circular_crescent,selection,4,0.2558747781663101,0.30662191381472104,2.179465627503761
L224,constant_flux_structural,circular_crescent,selection,5,0.46397813804580007,0.5519055369588347,9.035211778438459
L224,constant_flux_structural,circular_crescent,selection,6,0.25604334088091396,0.35617848483826353,2.032623707256575
L224,constant_flux_structural,circular_crescent,selection,7,0.29376950208994884,0.4160621796269018,3.098526688727802
L224,constant_flux_structural,circular_single_hotspot,pilot,0,0.35188720580644905,0.42007267502541373,5.667584056678206
L224,constant_flux_structural,circular_single_hotspot,pilot,1,0.3008597694425087,0.36791894634303923,3.8453345724076367
L224,constant_flux_structural,circular_single_hotspot,pilot,2,0.39369823920052627,0.4171631376527864,11.101644153322608
L224,constant_flux_structural,circular_single_hotspot,pilot,3,0.2410828438115561,0.28000741287730746,1.7660928585056428
L224,constant_flux_structural,circular_single_hotspot,pilot,4,0.5949937432010577,0.6253590221703899,21.874120428896752
L224,constant_flux_structural,circular_single_hotspot,pilot,5,0.2724867783457697,0.31579583146305956,3.140030721071344
L224,constant_flux_structural,circular_single_hotspot,pilot,6,0.5185378373905263,0.5671475406645096,13.944016374445118
L224,constant_flux_structural,circular_single_hotspot,pilot,7,0.6662527840559347,0.7142211868479114,21.55190255936662
L224,constant_flux_structural,circular_single_hotspot,selection,0,0.6359338337310341,0.6707503902076956,23.028472230864065
L224,constant_flux_structural,circular_single_hotspot,selection,1,0.37659154607768963,0.4084777749396659,8.41421330161041
L224,constant_flux_structural,circular_single_hotspot,selection,2,0.8178278679372664,0.8348755225170051,48.93059371762916
L224,constant_flux_structural,circular_single_hotspot,selection,3,0.35288065404571883,0.4616450599753626,4.955802644267382
L224,constant_flux_structural,circular_single_hotspot,selection,4,0.3870386901039514,0.41919355462983526,9.344118638811208
L224,constant_flux_structural,circular_single_hotspot,selection,5,0.34329142514421757,0.3915318266115888,6.025566795159405
L224,constant_flux_structural,circular_single_hotspot,selection,6,0.2437594911031781,0.2837585796244621,1.750412310877798
L224,constant_flux_structural,circular_single_hotspot,selection,7,0.31400295445705,0.3744732492808874,4.38549664155923
L224,constant_flux_structural,circular_two_hotspots,pilot,0,0.2864345401213633,0.3825050085393882,2.939289648832353
L224,constant_flux_structural,circular_two_hotspots,pilot,1,0.3463810873449682,0.44979015961822183,4.808767079322742
L224,constant_flux_structural,circular_two_hotspots,pilot,2,0.7750750959991269,0.8219120801744293,27.858272570877624
L224,constant_flux_structural,circular_two_hotspots,pilot,3,0.5589047821602471,0.6503354752937046,12.30938167535491
L224,constant_flux_structural,circular_two_hotspots,pilot,4,0.40069471807062434,0.46869348866335836,7.4319106159878165
L224,constant_flux_structural,circular_two_hotspots,pilot,5,0.37523276806044764,0.4971845205621071,5.469118288075398
L224,constant_flux_structural,circular_two_hotspots,pilot,6,0.5609933666289102,0.6166798650516301,15.302597018397885
L224,constant_flux_structural,circular_two_hotspots,pilot,7,0.3799646617397345,0.4747045972950304,5.61883813167084
L224,constant_flux_structural,circular_two_hotspots,selection,0,0.47769971607246126,0.5447738905028509,10.563223205807144
L224,constant_flux_structural,circular_two_hotspots,selection,1,0.47566506625773675,0.5734125467891082,9.01330261529878
L224,constant_flux_structural,circular_two_hotspots,selection,2,0.314282392662316,0.4146134868047553,3.830319172071678
L224,constant_flux_structural,circular_two_hotspots,selection,3,0.4823391088834562,0.5422360528387749,11.058221384300268
L224,constant_flux_structural,circular_two_hotspots,selection,4,0.3023785627606305,0.3680574298913168,3.729372545991204
L224,constant_flux_structural,circular_two_hotspots,selection,5,0.3043626739278812,0.3544874308899177,4.206700402942447
L224,constant_flux_structural,circular_two_hotspots,selection,6,0.29135041890566765,0.3952821336424223,2.7964412732263146
L224,constant_flux_structural,circular_two_hotspots,selection,7,0.3053842309562157,0.4098591133920316,3.4735268154802017
L224,constant_flux_structural,plunging_hotspot,pilot,0,0.6027028476606542,0.6735868537798214,15.284660329718184
L224,constant_flux_structural,plunging_hotspot,pilot,1,0.8608030953152126,0.8892853419936978,41.500511325541225
L224,constant_flux_structural,plunging_hotspot,pilot,2,0.4918424579911746,0.5178394516937224,16.489342105290024
L224,constant_flux_structural,plunging_hotspot,pilot,3,0.816671292220363,0.8484933568955936,36.20450814392913
L224,constant_flux_structural,plunging_hotspot,pilot,4,0.6960276365490948,0.7556440742241783,20.860850136687375
L224,constant_flux_structural,plunging_hotspot,pilot,5,0.7690312293959464,0.8047763184950463,31.12084920777332
L224,constant_flux_structural,plunging_hotspot,pilot,6,0.7375804719374384,0.7619857037799924,34.59865954115694
L224,constant_flux_structural,plunging_hotspot,pilot,7,0.7871068792020602,0.805724717342667,44.015601791666974
L224,constant_flux_structural,plunging_hotspot,selection,0,0.8075319910143721,0.8404172805857444,35.0905076994187
L224,constant_flux_structural,plunging_hotspot,selection,1,0.6722795517779039,0.719341487772943,21.694228582926865
L224,constant_flux_structural,plunging_hotspot,selection,2,0.8493844067774297,0.8718715720570657,45.331455997784914
L224,constant_flux_structural,plunging_hotspot,selection,3,0.74535535517961,0.794871223994361,25.395038973477156
L224,constant_flux_structural,plunging_hotspot,selection,4,0.7213705119754086,0.7565936191782008,28.2150958264
L224,constant_flux_structural,plunging_hotspot,selection,5,0.5528357390796442,0.6063788915605073,14.952225814509763
L224,constant_flux_structural,plunging_hotspot,selection,6,0.7740388120528089,0.8088171800796735,31.90158486993499
L224,constant_flux_structural,plunging_hotspot,selection,7,0.6544615719075045,0.6798711013182839,27.532096592261375
L224,structure_balanced_050,circular_crescent,pilot,0,0.317972623847936,0.5314250395455695,2.0511367757731906
L224,structure_balanced_050,circular_crescent,pilot,1,0.2674920881540393,0.4052089380665029,1.5766587396674066
L224,structure_balanced_050,circular_crescent,pilot,2,0.36219933243738295,0.634617711903058,2.521515317037201
L224,structure_balanced_050,circular_crescent,pilot,3,0.24176553079124677,0.33434787587772036,1.0596564187010002
L224,structure_balanced_050,circular_crescent,pilot,4,0.2318111647032856,0.3048473042577756,0.8694521113988801
L224,structure_balanced_050,circular_crescent,pilot,5,0.23489235249930435,0.32783699859492854,0.8601197089732665
L224,structure_balanced_050,circular_crescent,pilot,6,0.2799189054924591,0.43749810193557004,2.2344065492405374
L224,structure_balanced_050,circular_crescent,pilot,7,0.2996529103070475,0.48698427203637684,2.026347986536277
L224,structure_balanced_050,circular_crescent,selection,0,0.36624594483596784,0.6438404950172297,4.350622362108867
L224,structure_balanced_050,circular_crescent,selection,1,0.2309567390878943,0.3022420816321311,0.8953319294812191
L224,structure_balanced_050,circular_crescent,selection,2,0.3299223152069975,0.5598045648929407,3.0980251445561127
L224,structure_balanced_050,circular_crescent,selection,3,0.3481456972121912,0.6023353887480283,3.5213362571417552
L224,structure_balanced_050,circular_crescent,selection,4,0.41814819944958864,0.7598538552908431,2.8929599033579434
L224,structure_balanced_050,circular_crescent,selection,5,0.2326114996787095,0.30727618475890073,0.85673905356989
L224,structure_balanced_050,circular_crescent,selection,6,0.23202962593456328,0.3073233252555131,0.6913690790854561
L224,structure_balanced_050,circular_crescent,selection,7,0.2769540808854252,0.4298842475191803,1.322808328104966
L224,structure_balanced_050,circular_single_hotspot,pilot,0,0.45697590509332564,0.8445674129197337,2.0346602433961203
L224,structure_balanced_050,circular_single_hotspot,pilot,1,0.3936345436569487,0.7055342027418221,0.8126580004844182
L224,structure_balanced_050,circular_single_hotspot,pilot,2,0.2692675668169433,0.40984856936517355,1.3218363028762334
L224,structure_balanced_050,circular_single_hotspot,pilot,3,0.41497503916728484,0.7528607187484798,0.9683013528955542
L224,structure_balanced_050,circular_single_hotspot,pilot,4,0.2862707645358786,0.4536408462448766,1.7160569021969436
L224,structure_balanced_050,circular_single_hotspot,pilot,5,0.3432872938539541,0.5910805824896259,1.386793841247184
L224,structure_balanced_050,circular_single_hotspot,pilot,6,0.41330803981265696,0.7491816424465095,0.9604622542695934
L224,structure_balanced_050,circular_single_hotspot,pilot,7,0.30207402844736886,0.49293399694239787,0.907950075399126
L224,structure_balanced_050,circular_single_hotspot,selection,0,0.2412657044967586,0.33290101164568825,0.40594397251953784
L224,structure_balanced_050,circular_single_hotspot,selection,1,0.29800236436416716,0.4829159854032829,1.7741461827066567
L224,structure_balanced_050,circular_single_hotspot,selection,2,0.2998007172914929,0.48734080277650293,1.320269190046449
L224,structure_balanced_050,circular_single_hotspot,selection,3,0.4112319155473601,0.7446054723381765,2.3749954061074763
L224,structure_balanced_050,circular_single_hotspot,selection,4,0.27114631058550726,0.41481019990226975,0.6251057527156909
L224,structure_balanced_050,circular_single_hotspot,selection,5,0.42167011603908783,0.7675995537109414,1.4597274285879018
L224,structure_balanced_050,circular_single_hotspot,selection,6,0.2390566410761467,0.3264717646385431,0.6136363888358943
L224,structure_balanced_050,circular_single_hotspot,selection,7,0.23402376718947562,0.31153691396593547,0.2609753400714039
L224,structure_balanced_050,circular_two_hotspots,pilot,0,0.4437753732798153,0.8159253814136559,2.541055880882453
L224,structure_balanced_050,circular_two_hotspots,pilot,1,0.2466301327104069,0.3482471853761263,0.6937307423959853
L224,structure_balanced_050,circular_two_hotspots,pilot,2,0.269503717712799,0.4105048671169423,0.840561249601449
L224,structure_balanced_050,circular_two_hotspots,pilot,3,0.30443215524403905,0.4986878448069303,1.0994783099136503
L224,structure_balanced_050,circular_two_hotspots,pilot,4,0.3797547736936795,0.6744225109282852,1.5144380455085928
L224,structure_balanced_050,circular_two_hotspots,pilot,5,0.3021976256741993,0.4932339785032099,2.16123286420655
L224,structure_balanced_050,circular_two_hotspots,pilot,6,0.40583854047806134,0.7326707137633737,1.8908369536548408
L224,structure_balanced_050,circular_two_hotspots,pilot,7,0.27775096621862133,0.43193380028552264,1.2227758428918254
L224,structure_balanced_050,circular_two_hotspots,selection,0,0.3232283361110525,0.5439606192602071,1.3026816695936365
L224,structure_balanced_050,circular_two_hotspots,selection,1,0.27991661930625233,0.4374919731149686,1.0080771504535857
L224,structure_balanced_050,circular_two_hotspots,selection,2,0.3860025187699176,0.6884633679222617,2.204495138222552
L224,structure_balanced_050,circular_two_hotspots,selection,3,0.419537957944085,0.7629169499265266,0.7304525120862797
L224,structure_balanced_050,circular_two_hotspots,selection,4,0.2516129752570946,0.3622770431039231,1.0410234687113602
L224,structure_balanced_050,circular_two_hotspots,selection,5,0.2613566760931664,0.38886395444820554,1.3302660824279415
L224,structure_balanced_050,circular_two_hotspots,selection,6,0.3265700040429321,0.5518733575613888,1.4295125949409695
L224,structure_balanced_050,circular_two_hotspots,selection,7,0.3317832877395366,0.5641841098263966,1.8910502841038968
L224,structure_balanced_050,plunging_hotspot,pilot,0,0.4556442133925458,0.8416877217730895,0.7372746205484606
L224,structure_balanced_050,plunging_hotspot,pilot,1,0.4549278294735643,0.8401330444586781,1.521437005793214
L224,structure_balanced_050,plunging_hotspot,pilot,2,0.46653154171990874,0.8652126515004586,1.2748786151089446
L224,structure_balanced_050,plunging_hotspot,pilot,3,0.4033452386849918,0.7271420533784126,1.7471476528537537
L224,structure_balanced_050,plunging_hotspot,pilot,4,0.4372406366153793,0.8016878984187457,0.8063311962022963
L224,structure_balanced_050,plunging_hotspot,pilot,5,0.4589146181827182,0.8487656942724646,1.4940954853847448
L224,structure_balanced_050,plunging_hotspot,pilot,6,0.45275134792840427,0.83541687762938,2.3107183808916827
L224,structure_balanced_050,plunging_hotspot,pilot,7,0.4183262505257787,0.7602455745429986,2.179544441450529
L224,structure_balanced_050,plunging_hotspot,selection,0,0.42464435536682765,0.7741302014815785,2.140420381572706
L224,structure_balanced_050,plunging_hotspot,selection,1,0.4669397006480953,0.8660931592068913,1.1837481581031843
L224,structure_balanced_050,plunging_hotspot,selection,2,0.44070197007064205,0.809234464377991,1.5527131033150317
L224,structure_balanced_050,plunging_hotspot,selection,3,0.4137007982659013,0.7500536110276401,2.367976202534277
L224,structure_balanced_050,plunging_hotspot,selection,4,0.4744203020250921,0.8822040953455751,1.3971461466301343
L224,structure_balanced_050,plunging_hotspot,selection,5,0.3186452717848614,0.533034143954409,1.2766856468260692
L224,structure_balanced_050,plunging_hotspot,selection,6,0.39924552218559994,0.7180332146023586,1.0185873367506866
L224,structure_balanced_050,plunging_hotspot,selection,7,0.4789322342071444,0.8919027571374796,1.982505691639288
L224,structure_balanced_080,circular_crescent,pilot,0,0.34406389362294465,0.48002476674148115,2.339161759825151
L224,structure_balanced_080,circular_crescent,pilot,1,0.3556595372436557,0.5230851477836992,2.859177382922173
L224,structure_balanced_080,circular_crescent,pilot,2,0.5663239941208916,0.6915575853505139,2.4093819115824355
L224,structure_balanced_080,circular_crescent,pilot,3,0.24672338504510738,0.3292727202394859,1.1732297856382026
L224,structure_balanced_080,circular_crescent,pilot,4,0.2757339098187803,0.35133516867765335,1.4450267014795084
L224,structure_balanced_080,circular_crescent,pilot,5,0.34549697842395294,0.4154221351074581,1.7316306277376865
L224,structure_balanced_080,circular_crescent,pilot,6,0.27369790799251287,0.33491700652384304,1.340927317440921
L224,structure_balanced_080,circular_crescent,pilot,7,0.30102871213362614,0.3914359554520457,1.950657200625803
L224,structure_balanced_080,circular_crescent,selection,0,0.2936767863073937,0.4184379950835468,1.7633232821296743
L224,structure_balanced_080,circular_crescent,selection,1,0.24083255659728586,0.28803917935416523,0.9642322703015184
L224,structure_balanced_080,circular_crescent,selection,2,0.2537461121587102,0.3509873194176698,1.2539719403178637
L224,structure_balanced_080,circular_crescent,selection,3,0.378687334574953,0.4827386948467829,2.5219239069729986
L224,structure_balanced_080,circular_crescent,selection,4,0.2406161822901261,0.3437241833691626,0.9106408342272605
L224,structure_balanced_080,circular_crescent,selection,5,0.2382731886229398,0.32051317708833865,0.9897701343893889
L224,structure_balanced_080,circular_crescent,selection,6,0.24399307906131754,0.2998806121948958,0.9308038173395601
L224,structure_balanced_080,circular_crescent,selection,7,0.25735281453137543,0.3340081040477334,1.0373666201636513
L224,structure_balanced_080,circular_single_hotspot,pilot,0,0.549263432989431,0.6697101618562512,0.8601732187374218
L224,structure_balanced_080,circular_single_hotspot,pilot,1,0.4382803493484546,0.5265559532777403,1.028136164735665
L224,structure_balanced_080,circular_single_hotspot,pilot,2,0.2818680284592792,0.3361988459092894,0.5534365885896358
L224,structure_balanced_080,circular_single_hotspot,pilot,3,0.26157230833230116,0.3079760631447671,0.5930013450421824
L224,structure_balanced_080,circular_single_hotspot,pilot,4,0.3958894583696735,0.4738856766115558,1.1402248457968256
L224,structure_balanced_080,circular_single_hotspot,pilot,5,0.29822145274899575,0.3569170988035031,0.5799401167742995
L224,structure_balanced_080,circular_single_hotspot,pilot,6,0.2939669328202808,0.33488457107564806,0.5553310538667167
L224,structure_balanced_080,circular_single_hotspot,pilot,7,0.38240224248309684,0.4534418086562579,1.3024628374526892
L224,structure_balanced_080,circular_single_hotspot,selection,0,0.5689362590790468,0.6949041289627778,1.271278501786008
L224,structure_balanced_080,circular_single_hotspot,selection,1,0.6020244318631046,0.7371750895485542,2.301761518985805
L224,structure_balanced_080,circular_single_hotspot,selection,2,0.3114960900287554,0.36618881772754075,1.1378538413155186
L224,structure_balanced_080,circular_single_hotspot,selection,3,0.2858273011643023,0.3405072101924663,0.6206786254711919
L224,structure_balanced_080,circular_single_hotspot,selection,4,0.6877117964658123,0.846228189582086,1.2483190013733356
L224,structure_balanced_080,circular_single_hotspot,selection,5,0.3020838234728946,0.34598785417174316,0.6824650800191003
L224,structure_balanced_080,circular_single_hotspot,selection,6,0.6932102621579334,0.8532118233377487,2.9603314208237554
L224,structure_balanced_080,circular_single_hotspot,selection,7,0.5620217518701999,0.6860514261336212,1.4487176454920117
L224,structure_balanced_080,circular_two_hotspots,pilot,0,0.3184399965456865,0.414612251455598,0.6900678701787104
L224,structure_balanced_080,circular_two_hotspots,pilot,1,0.33630599737156797,0.39222899170850034,1.6627092518909485
L224,structure_balanced_080,circular_two_hotspots,pilot,2,0.2682220916860019,0.3123427626198692,0.8493092832691886
L224,structure_balanced_080,circular_two_hotspots,pilot,3,0.26950362385457854,0.35291916192651634,1.1333652846479032
L224,structure_balanced_080,circular_two_hotspots,pilot,4,0.4736455637152939,0.5724382286095562,2.3388767504033874
L224,structure_balanced_080,circular_two_hotspots,pilot,5,0.3861224786900089,0.4667255442785078,1.4774718590436948
L224,structure_balanced_080,circular_two_hotspots,pilot,6,0.29418589654402877,0.35677611271951454,0.9913454718161409
L224,structure_balanced_080,circular_two_hotspots,pilot,7,0.33458567666584654,0.3904033205489051,1.1169035996316135
L224,structure_balanced_080,circular_two_hotspots,selection,0,0.24511872037223223,0.29968302815412146,1.0907865808353048
L224,structure_balanced_080,circular_two_hotspots,selection,1,0.4405150539345297,0.5531102403905637,1.4830247851977574
L224,structure_balanced_080,circular_two_hotspots,selection,2,0.697964374312624,0.8592446325468088,1.9225349798467166
L224,structure_balanced_080,circular_two_hotspots,selection,3,0.2886046544900111,0.3367289245815213,1.6540141502226327
L224,structure_balanced_080,circular_two_hotspots,selection,4,0.3518874403579738,0.46102126305531504,2.857837584468625
L224,structure_balanced_080,circular_two_hotspots,selection,5,0.33499576615654947,0.3904716514210129,0.881478465217023
L224,structure_balanced_080,circular_two_hotspots,selection,6,0.29484420107676484,0.41621839687632745,1.2384302899393393
L224,structure_balanced_080,circular_two_hotspots,selection,7,0.598458240614306,0.7326224708612002,0.8095928106131753
L224,structure_balanced_080,plunging_hotspot,pilot,0,0.6894465689523296,0.8484317906601423,1.0378938386287533
L224,structure_balanced_080,plunging_hotspot,pilot,1,0.663201273091078,0.815087134951365,2.3641529826952055
L224,structure_balanced_080,plunging_hotspot,pilot,2,0.46925129151168166,0.5667275176539904,0.9100568063232659
L224,structure_balanced_080,plunging_hotspot,pilot,3,0.6894417263785724,0.8484252322479172,1.9426704187998987
L224,structure_balanced_080,plunging_hotspot,pilot,4,0.3725718620224563,0.44046880973594393,0.6389872829517262
L224,structure_balanced_080,plunging_hotspot,pilot,5,0.5435139856666905,0.6623419091694533,0.8961649777488102
L224,structure_balanced_080,plunging_hotspot,pilot,6,0.47452536204676543,0.5735462771348014,2.108614681134332
L224,structure_balanced_080,plunging_hotspot,pilot,7,0.7178526168067846,0.8844760046931162,0.41989899762376537
L224,structure_balanced_080,plunging_hotspot,selection,0,0.666912831510256,0.8198047373765409,1.472555661277268
L224,structure_balanced_080,plunging_hotspot,selection,1,0.6736834915022181,0.8284094253260714,2.367982724943661
L224,structure_balanced_080,plunging_hotspot,selection,2,0.5949275297830039,0.7281151565770737,1.6190375094016627
L224,structure_balanced_080,plunging_hotspot,selection,3,0.5872654581847035,0.7183303790495443,0.8418660927169153
L224,structure_balanced_080,plunging_hotspot,selection,4,0.5171295733518615,0.6284674335064607,1.777808955996224
L224,structure_balanced_080,plunging_hotspot,selection,5,0.5730317725196704,0.700137986288259,1.8058877122064345
L224,structure_balanced_080,plunging_hotspot,selection,6,0.6115375312078476,0.7493085331752121,1.317146032695361
L224,structure_balanced_080,plunging_hotspot,selection,7,0.6736750024231085,0.8283977606359044,1.4571965311863793
L448,baseline_one_positive,circular_crescent,pilot,0,0.18489284676225917,0.49047104278040343,1.193828549797666
L448,baseline_one_positive,circular_crescent,pilot,1,0.1822925523445524,0.5127903369948038,0.9474877622043958
L448,baseline_one_positive,circular_crescent,pilot,2,0.20514389843888434,0.6517147507276572,2.0186858715502125
L448,baseline_one_positive,circular_crescent,pilot,3,0.22469271423084552,0.7445549652518302,2.43841138878532
L448,baseline_one_positive,circular_crescent,pilot,4,0.20868894215197933,0.6988321500579112,1.9038580588316885
L448,baseline_one_positive,circular_crescent,pilot,5,0.2250730645630504,0.668173380848826,2.393388101646109
L448,baseline_one_positive,circular_crescent,pilot,6,0.18204086580239817,0.5771264273893902,0.9126551513026301
L448,baseline_one_positive,circular_crescent,pilot,7,0.18296511806149426,0.5491364981046084,0.9710947455367217
L448,baseline_one_positive,circular_crescent,selection,0,0.18568448807776308,0.5303316279809779,1.1865512362359505
L448,baseline_one_positive,circular_crescent,selection,1,0.21483323587341133,0.6571474834178243,2.077377390521864
L448,baseline_one_positive,circular_crescent,selection,2,0.2032086631116,0.6683949631233055,1.9917317288581675
L448,baseline_one_positive,circular_crescent,selection,3,0.24307185494167882,0.8468495029054962,2.5291844449002068
L448,baseline_one_positive,circular_crescent,selection,4,0.2368445757133407,0.9003787360651209,2.3417824696038485
L448,baseline_one_positive,circular_crescent,selection,5,0.18332799570276795,0.65158836087488,1.0436675569657388
L448,baseline_one_positive,circular_crescent,selection,6,0.19528196762806999,0.6525335476750298,1.5629703366432917
L448,baseline_one_positive,circular_crescent,selection,7,0.1922219286080722,0.45816423930374134,1.5569737458079187
L448,baseline_one_positive,circular_single_hotspot,pilot,0,0.19973632537517907,1.1175712552264792,1.2445400971615237
L448,baseline_one_positive,circular_single_hotspot,pilot,1,0.18035442545887403,1.3102902908478502,0.4873065210862847
L448,baseline_one_positive,circular_single_hotspot,pilot,2,0.18124735786039842,0.7336727427826936,0.6560371074434911
L448,baseline_one_positive,circular_single_hotspot,pilot,3,0.18712406703784873,0.5777647599163049,0.9913589574188179
L448,baseline_one_positive,circular_single_hotspot,pilot,4,0.18756462456741083,0.6191586663372804,0.9927754341483268
L448,baseline_one_positive,circular_single_hotspot,pilot,5,0.1931698110538192,1.4903133307823828,1.032531073930825
L448,baseline_one_positive,circular_single_hotspot,pilot,6,0.18030798828818873,0.7759663638969032,0.5021657144963435
L448,baseline_one_positive,circular_single_hotspot,pilot,7,0.1796915604721112,1.1454931281326142,0.43761221386697136
L448,baseline_one_positive,circular_single_hotspot,selection,0,0.197664313623283,1.2462341913894652,1.1814214267907037
L448,baseline_one_positive,circular_single_hotspot,selection,1,0.18655277978843654,0.5217822888832034,0.9540454757190759
L448,baseline_one_positive,circular_single_hotspot,selection,2,0.18554444878476997,2.1225632051535763,0.7249647447966315
L448,baseline_one_positive,circular_single_hotspot,selection,3,0.18937405507930763,0.5420631555716132,1.2922222807832637
L448,baseline_one_positive,circular_single_hotspot,selection,4,0.1805105539145156,1.0240867010330634,0.5345473211819363
L448,baseline_one_positive,circular_single_hotspot,selection,5,0.19231009523614412,0.6618429545593421,1.2047740820610795
L448,baseline_one_positive,circular_single_hotspot,selection,6,0.18687136560633225,0.692424325619367,0.8879776045897142
L448,baseline_one_positive,circular_single_hotspot,selection,7,0.20284799147392163,1.1608512341043828,1.3541284004044962
L448,baseline_one_positive,circular_two_hotspots,pilot,0,0.18902885159092972,0.6205634286363153,1.0987558353258604
L448,baseline_one_positive,circular_two_hotspots,pilot,1,0.1915486743513241,0.5351684564885361,1.246453579368579
L448,baseline_one_positive,circular_two_hotspots,pilot,2,0.18948287149889056,0.5272519962049554,1.2884891185090204
L448,baseline_one_positive,circular_two_hotspots,pilot,3,0.1972541873221156,0.686300321990547,1.486901130331603
L448,baseline_one_positive,circular_two_hotspots,pilot,4,0.20728849553473436,0.6744461569977696,1.7798343291959504
L448,baseline_one_positive,circular_two_hotspots,pilot,5,0.20241191695029892,0.6518447592274659,1.7958199219777076
L448,baseline_one_positive,circular_two_hotspots,pilot,6,0.2107493028399313,0.5526360907417335,2.371196755241895
L448,baseline_one_positive,circular_two_hotspots,pilot,7,0.18411112830076765,0.8513099379348456,0.8520488434261368
L448,baseline_one_positive,circular_two_hotspots,selection,0,0.18362528275608306,0.5906469605746905,0.8336972679575291
L448,baseline_one_positive,circular_two_hotspots,selection,1,0.18410285110475366,0.8323029110051955,0.9598704633240827
L448,baseline_one_positive,circular_two_hotspots,selection,2,0.18573462440986988,0.8023518610497664,0.9456335624205241
L448,baseline_one_positive,circular_two_hotspots,selection,3,0.1859977759456842,0.6713451653750149,1.0892837568520766
L448,baseline_one_positive,circular_two_hotspots,selection,4,0.1852384030376776,0.5313123943048634,0.9458517328313099
L448,baseline_one_positive,circular_two_hotspots,selection,5,0.18296501767717613,0.4931495789080006,1.009899615572398
L448,baseline_one_positive,circular_two_hotspots,selection,6,0.19732093925483984,0.5907135134875378,1.3934449636772077
L448,baseline_one_positive,circular_two_hotspots,selection,7,0.19337092841744277,0.9823465876137223,1.1517874010196978
L448,baseline_one_positive,plunging_hotspot,pilot,0,0.2008035663345765,1.209618385375544,1.2966803379944432
L448,baseline_one_positive,plunging_hotspot,pilot,1,0.18445865967297678,1.7768328915784528,0.6739568416495503
L448,baseline_one_positive,plunging_hotspot,pilot,2,0.19374276610314706,1.2421303366565906,1.0465985780563558
L448,baseline_one_positive,plunging_hotspot,pilot,3,0.18078618442344888,3.5383352374378045,0.46991436600019854
L448,baseline_one_positive,plunging_hotspot,pilot,4,0.19845402671048326,1.127324067145893,1.2391026372197214
L448,baseline_one_positive,plunging_hotspot,pilot,5,0.23805263609098432,1.0672621321359206,2.1815128926549723
L448,baseline_one_positive,plunging_hotspot,pilot,6,0.22481446894657242,0.9634935661075832,1.9825952126185822
L448,baseline_one_positive,plunging_hotspot,pilot,7,0.1875200959686386,2.1944389986290567,0.798763812406193
L448,baseline_one_positive,plunging_hotspot,selection,0,0.19208906946101265,0.7899891497371394,1.0044155482934063
L448,baseline_one_positive,plunging_hotspot,selection,1,0.18397876324629028,2.400670823174392,0.6532119771935179
L448,baseline_one_positive,plunging_hotspot,selection,2,0.2047027022928435,1.2414888938838697,1.3832767029513227
L448,baseline_one_positive,plunging_hotspot,selection,3,0.18202419515324836,1.3466886926449613,0.5510900331711369
L448,baseline_one_positive,plunging_hotspot,selection,4,0.22365757611125953,0.9828641910857653,1.883004199701327
L448,baseline_one_positive,plunging_hotspot,selection,5,0.18909717954909552,1.5073788054579718,0.8751838585533969
L448,baseline_one_positive,plunging_hotspot,selection,6,0.19704452565906413,1.089900917135266,1.207565788635677
L448,baseline_one_positive,plunging_hotspot,selection,7,0.2244473910595769,1.1292696588885076,1.8984149185253403
L448,constant_flux_structural,circular_crescent,pilot,0,0.2320817221533806,0.34249075821458025,2.4339548784253373
L448,constant_flux_structural,circular_crescent,pilot,1,0.21155783770745676,0.3187155131589002,1.773305874758469
L448,constant_flux_structural,circular_crescent,pilot,2,0.3086025764441979,0.3944997940786793,4.930011526860381
L448,constant_flux_structural,circular_crescent,pilot,3,0.5023382861870769,0.5845694136006692,11.480967926574897
L448,constant_flux_structural,circular_crescent,pilot,4,0.5306087327568121,0.6094563788837655,12.721945369408507
L448,constant_flux_structural,circular_crescent,pilot,5,0.2589716324423582,0.3920340907279847,3.0538164188614254
L448,constant_flux_structural,circular_crescent,pilot,6,0.33619758998163884,0.44920101858898537,5.2982669530364666
L448,constant_flux_structural,circular_crescent,pilot,7,0.36484986746413833,0.47428065955595994,6.163414761914485
L448,constant_flux_structural,circular_crescent,selection,0,0.23257135400135837,0.38742954264747126,2.282643738168217
L448,constant_flux_structural,circular_crescent,selection,1,0.23338900905964075,0.3504557688757919,2.2785047300048626
L448,constant_flux_structural,circular_crescent,selection,2,0.44361238079866416,0.5454109955228306,8.703689226535685
L448,constant_flux_structural,circular_crescent,selection,3,0.2575508407532953,0.3688970272428952,3.1493406241340134
L448,constant_flux_structural,circular_crescent,selection,4,0.21130847887825793,0.2831380269930625,1.9791307412807853
L448,constant_flux_structural,circular_crescent,selection,5,0.4482493365344839,0.544665885301312,9.023080929963161
L448,constant_flux_structural,circular_crescent,selection,6,0.2206516807348119,0.366933468031828,1.9823779711518654
L448,constant_flux_structural,circular_crescent,selection,7,0.26321829734344626,0.418150541538186,3.0604461039177067
L448,constant_flux_structural,circular_single_hotspot,pilot,0,0.3281528009371804,0.40879953273072733,5.6488016255338795
L448,constant_flux_structural,circular_single_hotspot,pilot,1,0.2722873010619172,0.3583797825866674,3.8191582524063605
L448,constant_flux_structural,circular_single_hotspot,pilot,2,0.3736727715521982,0.4007164430209067,11.092162499941768
L448,constant_flux_structural,circular_single_hotspot,pilot,3,0.20304076433776327,0.27039087694685593,1.7085658208200944
L448,constant_flux_structural,circular_single_hotspot,pilot,4,0.5851599782703528,0.6174743540177747,21.869523835890305
L448,constant_flux_structural,circular_single_hotspot,pilot,5,0.2393258659197751,0.30045026184757484,3.1065811894863664
L448,constant_flux_structural,circular_single_hotspot,pilot,6,0.5057457025881569,0.5583358518362155,13.936825533735087
L448,constant_flux_structural,circular_single_hotspot,pilot,7,0.6587410091797005,0.70918134950743,21.547264062535877
L448,constant_flux_structural,circular_single_hotspot,selection,0,0.627448356376781,0.6642337272166094,23.024086179817978
L448,constant_flux_structural,circular_single_hotspot,selection,1,0.31248557077780453,0.344092176274321,7.3082647760635835
L448,constant_flux_structural,circular_single_hotspot,selection,2,0.8141769561417206,0.831863616874308,48.92852564881397
L448,constant_flux_structural,circular_single_hotspot,selection,3,0.32940410113497054,0.456696120173487,4.933992634943976
L448,constant_flux_structural,circular_single_hotspot,selection,4,0.3667139212657349,0.40391694240291337,9.333319864709983
L448,constant_flux_structural,circular_single_hotspot,selection,5,0.31860536777987514,0.37655998828080745,6.007125025953302
L448,constant_flux_structural,circular_single_hotspot,selection,6,0.2015025999537971,0.2660392506049679,1.652709416423971
L448,constant_flux_structural,circular_single_hotspot,selection,7,0.2826947615612281,0.3569857771928245,4.32867152999177
L448,constant_flux_structural,circular_two_hotspots,pilot,0,0.20510855074929601,0.2932394977869801,1.6732496980604339
L448,constant_flux_structural,circular_two_hotspots,pilot,1,0.32238472532182105,0.44441537601387476,4.78787482268683
L448,constant_flux_structural,circular_two_hotspots,pilot,2,0.7704352320375454,0.819146065130618,27.854665145051268
L448,constant_flux_structural,circular_two_hotspots,pilot,3,0.5478218046715111,0.6454579706814727,12.301266140879486
L448,constant_flux_structural,circular_two_hotspots,pilot,4,0.38089684632155585,0.4580642128637821,7.418433602342253
L448,constant_flux_structural,circular_two_hotspots,pilot,5,0.3541737390058955,0.4940331711646322,5.4508296979695405
L448,constant_flux_structural,circular_two_hotspots,pilot,6,0.5489338978349508,0.6083893762884465,15.295936481204654
L448,constant_flux_structural,circular_two_hotspots,pilot,7,0.3097344415786927,0.4000899149529329,4.641152220779496
L448,constant_flux_structural,circular_two_hotspots,selection,0,0.46326185644233175,0.5367066920600557,10.553665536903047
L448,constant_flux_structural,circular_two_hotspots,selection,1,0.45996852821980316,0.5664377332926052,9.000466020955036
L448,constant_flux_structural,circular_two_hotspots,selection,2,0.2863831939045183,0.40973470813908425,3.803167239463388
L448,constant_flux_structural,circular_two_hotspots,selection,3,0.46723539654328533,0.5326206775793126,11.049129837843878
L448,constant_flux_structural,circular_two_hotspots,selection,4,0.2508147128027108,0.3248262919397509,3.311040702358659
L448,constant_flux_structural,circular_two_hotspots,selection,5,0.2729076968888856,0.3362206675073044,4.18277695266644
L448,constant_flux_structural,circular_two_hotspots,selection,6,0.2540254139690882,0.38264437420095415,2.726539938333411
L448,constant_flux_structural,circular_two_hotspots,selection,7,0.26487845332632565,0.3876260777553576,3.231007572370665
L448,constant_flux_structural,plunging_hotspot,pilot,0,0.5195548747805091,0.5846139414498177,13.272580433067116
L448,constant_flux_structural,plunging_hotspot,pilot,1,0.7478904596215658,0.7734150228414802,35.86098416605382
L448,constant_flux_structural,plunging_hotspot,pilot,2,0.31339934911932965,0.33050146286578597,9.54843117072361
L448,constant_flux_structural,plunging_hotspot,pilot,3,0.609935400120311,0.6342952064448945,26.46003334183423
L448,constant_flux_structural,plunging_hotspot,pilot,4,0.6452368830679461,0.7034418680299938,19.5656319606856
L448,constant_flux_structural,plunging_hotspot,pilot,5,0.5330922864385483,0.558396879472375,20.8639689739215
L448,constant_flux_structural,plunging_hotspot,pilot,6,0.44802298625610226,0.4629424493808352,19.780213361429457
L448,constant_flux_structural,plunging_hotspot,pilot,7,0.5216677034458305,0.5342022102807927,27.999844950405862
L448,constant_flux_structural,plunging_hotspot,selection,0,0.5606458453411377,0.5839182379078413,23.559331287448746
L448,constant_flux_structural,plunging_hotspot,selection,1,0.5821200713792956,0.625001515033233,19.012631858061287
L448,constant_flux_structural,plunging_hotspot,selection,2,0.8264957272948832,0.849204662675887,44.37340864837499
L448,constant_flux_structural,plunging_hotspot,selection,3,0.7273245112538628,0.7780195982897418,25.033107986222138
L448,constant_flux_structural,plunging_hotspot,selection,4,0.44790371482426705,0.46999171095645104,16.51925153449817
L448,constant_flux_structural,plunging_hotspot,selection,5,0.3876925833102638,0.4269477216077581,9.995973806998027
L448,constant_flux_structural,plunging_hotspot,selection,6,0.4939611226456939,0.516419651510206,19.37523016617089
L448,constant_flux_structural,plunging_hotspot,selection,7,0.35186101953375837,0.3652781213623998,13.250065028415806
L448,structure_balanced_050,circular_crescent,pilot,0,0.2915634440270105,0.546492613029461,2.0337417600972194
L448,structure_balanced_050,circular_crescent,pilot,1,0.23437623843891497,0.4223104226788618,1.546638016435786
L448,structure_balanced_050,circular_crescent,pilot,2,0.34007411097874046,0.6490137227792329,2.507866384375125
L448,structure_balanced_050,circular_crescent,pilot,3,0.19296480130514243,0.32796168479701954,0.8446662049311222
L448,structure_balanced_050,circular_crescent,pilot,4,0.1908687285984747,0.3230181028226738,0.7954776505453098
L448,structure_balanced_050,circular_crescent,pilot,5,0.1954959932865152,0.35538765440645653,0.8046578205067858
L448,structure_balanced_050,circular_crescent,pilot,6,0.23973793153038903,0.4341823485378464,2.1071269221053237
L448,structure_balanced_050,circular_crescent,pilot,7,0.27111773239352316,0.5026295930372714,2.0045500954043125
L448,structure_balanced_050,circular_crescent,selection,0,0.2135341956843674,0.3755058181044335,1.719349001889412
L448,structure_balanced_050,circular_crescent,selection,1,0.18962254743717996,0.32006882152163646,0.8114879444112659
L448,structure_balanced_050,circular_crescent,selection,2,0.25300330765846074,0.463314043892939,2.1536887458518583
L448,structure_balanced_050,circular_crescent,selection,3,0.219785888277968,0.38966723658592023,1.5860084156387
L448,structure_balanced_050,circular_crescent,selection,4,0.4001135865921984,0.7739384582939519,2.882683327886427
L448,structure_balanced_050,circular_crescent,selection,5,0.19093413247353458,0.32317267876118244,0.7783371018557941
L448,structure_balanced_050,circular_crescent,selection,6,0.1910242453909324,0.3263316888703634,0.6316242515379759
L448,structure_balanced_050,circular_crescent,selection,7,0.24526430229512755,0.44635806304482334,1.3020714678163638
L448,structure_balanced_050,circular_single_hotspot,pilot,0,0.4412117025893323,0.8586549266423243,2.028956413572701
L448,structure_balanced_050,circular_single_hotspot,pilot,1,0.37393604296192834,0.7196733999216839,0.8092343377435496
L448,structure_balanced_050,circular_single_hotspot,pilot,2,0.23644752577914158,0.42686879495891494,1.2976518041870886
L448,structure_balanced_050,circular_single_hotspot,pilot,3,0.39670957760894965,0.7669126528216461,0.9647758105852422
L448,structure_balanced_050,circular_single_hotspot,pilot,4,0.19546673410431414,0.33383556616469084,0.7667209276333228
L448,structure_balanced_050,circular_single_hotspot,pilot,5,0.319377372612705,0.6054890627520115,1.3777977220188242
L448,structure_balanced_050,circular_single_hotspot,pilot,6,0.39496240325333926,0.7632723158284035,0.956938055919133
L448,structure_balanced_050,circular_single_hotspot,pilot,7,0.2738154913010075,0.5084520056589426,0.898504949099278
L448,structure_balanced_050,circular_single_hotspot,selection,0,0.20299878738895485,0.3513457992528704,0.3878264028613557
L448,structure_balanced_050,circular_single_hotspot,selection,1,0.19710799050931688,0.3376735863736427,0.745857643081288
L448,structure_balanced_050,circular_single_hotspot,selection,2,0.2712810439039477,0.5029822452744412,1.3060963563442185
L448,structure_balanced_050,circular_single_hotspot,selection,3,0.39274457000064733,0.7586917745797962,2.3661525565279637
L448,structure_balanced_050,circular_single_hotspot,selection,4,0.23855434477501458,0.43156680858642577,0.6140947108321401
L448,structure_balanced_050,circular_single_hotspot,selection,5,0.4038411233601259,0.7816444138948702,1.454658023527772
L448,structure_balanced_050,circular_single_hotspot,selection,6,0.20039569449360958,0.3454111815439038,0.5835660342276364
L448,structure_balanced_050,circular_single_hotspot,selection,7,0.19442206367753695,0.33139230304842354,0.24378743145015494
L448,structure_balanced_050,circular_two_hotspots,pilot,0,0.4272850036034888,0.8300049724527127,2.533363435548103
L448,structure_balanced_050,circular_two_hotspots,pilot,1,0.2127314867981744,0.3736703900902174,0.6647038768544455
L448,structure_balanced_050,circular_two_hotspots,pilot,2,0.23387864142634576,0.42122488124967444,0.8281476183462149
L448,structure_balanced_050,circular_two_hotspots,pilot,3,0.27731041248874194,0.5159567074749835,1.087316841449847
L448,structure_balanced_050,circular_two_hotspots,pilot,4,0.35965395791542226,0.6899416549788189,1.5066182214263397
L448,structure_balanced_050,circular_two_hotspots,pilot,5,0.20985955455238786,0.3671262592250892,1.0527755220128185
L448,structure_balanced_050,circular_two_hotspots,pilot,6,0.38614522621699215,0.7450190132505308,1.8843231432335164
L448,structure_balanced_050,circular_two_hotspots,pilot,7,0.24453182234545257,0.44474711580170045,1.2034996359591625
L448,structure_balanced_050,circular_two_hotspots,selection,0,0.2951758880724148,0.5542158682841641,1.2931669176991816
L448,structure_balanced_050,circular_two_hotspots,selection,1,0.24954439810482681,0.45574885800367304,0.9939350856055233
L448,structure_balanced_050,circular_two_hotspots,selection,2,0.36596614461997523,0.7030836810025762,2.1948304447947797
L448,structure_balanced_050,circular_two_hotspots,selection,3,0.40159110579539026,0.7769967061778095,0.7278814608120269
L448,structure_balanced_050,circular_two_hotspots,selection,4,0.21023747059157105,0.3680128915993116,0.9859687667692014
L448,structure_balanced_050,circular_two_hotspots,selection,5,0.1932752805012855,0.3286904400620871,0.748758840428066
L448,structure_balanced_050,circular_two_hotspots,selection,6,0.2998597178228816,0.56416701427707,1.414499680428229
L448,structure_balanced_050,circular_two_hotspots,selection,7,0.3063277742609264,0.5778854729497191,1.8766418513676792
L448,structure_balanced_050,plunging_hotspot,pilot,0,0.41677556158490014,0.808346055178957,0.6932687999407267
L448,structure_balanced_050,plunging_hotspot,pilot,1,0.3371584072817531,0.642899969751771,1.0753232526856753
L448,structure_balanced_050,plunging_hotspot,pilot,2,0.39843969288193615,0.7704764522387655,1.0954273697488786
L448,structure_balanced_050,plunging_hotspot,pilot,3,0.27649952260688465,0.514222544002069,1.0719939250662545
L448,structure_balanced_050,plunging_hotspot,pilot,4,0.3853156337262621,0.7433013738596627,0.7256324573761919
L448,structure_balanced_050,plunging_hotspot,pilot,5,0.4387774368322581,0.8536525896850989,1.4757725275692286
L448,structure_balanced_050,plunging_hotspot,pilot,6,0.4253212734552339,0.8259600010918994,2.2436268414035023
L448,structure_balanced_050,plunging_hotspot,pilot,7,0.3535367996632253,0.6771751881214384,1.8707704066051203
L448,structure_balanced_050,plunging_hotspot,selection,0,0.28251694053547516,0.5271437252826543,1.2646394099772105
L448,structure_balanced_050,plunging_hotspot,selection,1,0.4436898479813925,0.8637468185188693,1.1599384084832673
L448,structure_balanced_050,plunging_hotspot,selection,2,0.3904007132599015,0.7538340086663233,1.4089153770496625
L448,structure_balanced_050,plunging_hotspot,selection,3,0.3416181726804292,0.65225318481309,1.9669695545134382
L448,structure_balanced_050,plunging_hotspot,selection,4,0.45622677598745254,0.8894904957440235,1.3846042950706945
L448,structure_balanced_050,plunging_hotspot,selection,5,0.2050233913943528,0.35603087628113433,0.5579062865031866
L448,structure_balanced_050,plunging_hotspot,selection,6,0.2921924635297761,0.547831809729812,0.6969329236463044
L448,structure_balanced_050,plunging_hotspot,selection,7,0.44985276034237365,0.8764058580803732,1.9115203145374977
L448,structure_balanced_080,circular_crescent,pilot,0,0.24004608536286184,0.3475845983787718,1.4181809797766027
L448,structure_balanced_080,circular_crescent,pilot,1,0.21757227582457006,0.3237912733209894,1.2824548783511325
L448,structure_balanced_080,circular_crescent,pilot,2,0.5554942133826346,0.6887578108954808,2.407464973818473
L448,structure_balanced_080,circular_crescent,pilot,3,0.20890892970634226,0.33748877310699726,1.1303785313019656
L448,structure_balanced_080,circular_crescent,pilot,4,0.24306144645972227,0.34611496582077866,1.4260980528923228
L448,structure_balanced_080,circular_crescent,pilot,5,0.32145637060239557,0.40481183136545046,1.7254785123015592
L448,structure_balanced_080,circular_crescent,pilot,6,0.24151654671693698,0.32679330335917456,1.3251762034497119
L448,structure_balanced_080,circular_crescent,pilot,7,0.26864758327885857,0.381237251009523,1.9207620136121208
L448,structure_balanced_080,circular_crescent,selection,0,0.23757575983283177,0.37360535024095454,1.4430286600544542
L448,structure_balanced_080,circular_crescent,selection,1,0.19950726765689966,0.27798302658740437,0.9128924930837119
L448,structure_balanced_080,circular_crescent,selection,2,0.2085062227692184,0.3421547400760043,1.0996572768561397
L448,structure_balanced_080,circular_crescent,selection,3,0.35144747793097225,0.46823603566538896,2.4904489968720034
L448,structure_balanced_080,circular_crescent,selection,4,0.20253450083528338,0.3691242470191757,0.8683039551892923
L448,structure_balanced_080,circular_crescent,selection,5,0.19888292577694774,0.336257605497744,0.9349045074895845
L448,structure_balanced_080,circular_crescent,selection,6,0.20616461138563325,0.29794356709320713,0.8998459535204069
L448,structure_balanced_080,circular_crescent,selection,7,0.22231176595519003,0.33557649530574657,1.0152613160687927
L448,structure_balanced_080,circular_single_hotspot,pilot,0,0.5376886322600666,0.6663129324836545,0.8594326858013063
L448,structure_balanced_080,circular_single_hotspot,pilot,1,0.4211586531990375,0.5190321429105492,1.0265420751865089
L448,structure_balanced_080,circular_single_hotspot,pilot,2,0.2498821206794418,0.32337723251887895,0.5480365730454848
L448,structure_balanced_080,circular_single_hotspot,pilot,3,0.2256938619384778,0.29378481955578517,0.5827577951595467
L448,structure_balanced_080,circular_single_hotspot,pilot,4,0.37579149938955436,0.46444687805074564,1.1377382633980977
L448,structure_balanced_080,circular_single_hotspot,pilot,5,0.2675056057575337,0.34290869178226063,0.5749780072139841
L448,structure_balanced_080,circular_single_hotspot,pilot,6,0.2643201063700561,0.31844077293952344,0.5520950894849085
L448,structure_balanced_080,circular_single_hotspot,pilot,7,0.3618167264875409,0.4436123616164086,1.2995722577915256
L448,structure_balanced_080,circular_single_hotspot,selection,0,0.5581870504998773,0.6921537320256219,1.2702759383910727
L448,structure_balanced_080,circular_single_hotspot,selection,1,0.5924128333815549,0.7352521471142247,2.3001475575910346
L448,structure_balanced_080,circular_single_hotspot,selection,2,0.28431243794830274,0.3534390931487976,1.1322583856464947
L448,structure_balanced_080,circular_single_hotspot,selection,3,0.2511081946882631,0.32278233294268455,0.609905860802686
L448,structure_balanced_080,circular_single_hotspot,selection,4,0.6808184280198091,0.8464494106269747,1.2476811193100232
L448,structure_balanced_080,circular_single_hotspot,selection,5,0.2736679320011327,0.33054908199551475,0.6789879500021516
L448,structure_balanced_080,circular_single_hotspot,selection,6,0.6864722793433344,0.853558242848922,2.9588461959222974
L448,structure_balanced_080,circular_single_hotspot,selection,7,0.5509960992483706,0.683088506648175,1.4475423304053423
L448,structure_balanced_080,circular_two_hotspots,pilot,0,0.2928257687051068,0.4114229525726062,0.685829378984999
L448,structure_balanced_080,circular_two_hotspots,pilot,1,0.3117735888835635,0.3796317334106131,1.6571175021069406
L448,structure_balanced_080,circular_two_hotspots,pilot,2,0.2348697983884839,0.2984107747092442,0.8393765206868715
L448,structure_balanced_080,circular_two_hotspots,pilot,3,0.2301543577667592,0.34153898017551865,1.1066182366937884
L448,structure_balanced_080,circular_two_hotspots,pilot,4,0.45805067444761965,0.5657503184897041,2.3359380306761315
L448,structure_balanced_080,circular_two_hotspots,pilot,5,0.3677684909844677,0.4607175108058423,1.4741391149536183
L448,structure_balanced_080,circular_two_hotspots,pilot,6,0.2658297904165644,0.3481008301852941,0.9841585605846114
L448,structure_balanced_080,circular_two_hotspots,pilot,7,0.3088590606016513,0.3764602720872691,1.1128915463560476
L448,structure_balanced_080,circular_two_hotspots,selection,0,0.2094596463077511,0.29990458182127905,1.0618544152411158
L448,structure_balanced_080,circular_two_hotspots,selection,1,0.42101642009586054,0.5445056379378237,1.47802536092402
L448,structure_balanced_080,circular_two_hotspots,selection,2,0.6913867117885718,0.8597327884452922,1.921589670851342
L448,structure_balanced_080,circular_two_hotspots,selection,3,0.2621770864690196,0.32791731904126176,1.6421057656381597
L448,structure_balanced_080,circular_two_hotspots,selection,4,0.3148972857957242,0.4361659292038776,2.734086949676622
L448,structure_balanced_080,circular_two_hotspots,selection,5,0.31027743333160296,0.37771150564085265,0.8783949599406101
L448,structure_balanced_080,circular_two_hotspots,selection,6,0.26596749175351575,0.4206673699449932,1.2258480248220338
L448,structure_balanced_080,circular_two_hotspots,selection,7,0.5887343817413973,0.7306271283164508,0.8090242387008058
L448,structure_balanced_080,plunging_hotspot,pilot,0,0.6333537569301415,0.7867783376968327,0.9567258150628883
L448,structure_balanced_080,plunging_hotspot,pilot,1,0.6407637276022711,0.7960966638042637,2.316984804053898
L448,structure_balanced_080,plunging_hotspot,pilot,2,0.2599188847452026,0.3127306863739282,0.41253133402587017
L448,structure_balanced_080,plunging_hotspot,pilot,3,0.4998671047573934,0.6185936512563565,1.3641970215874832
L448,structure_balanced_080,plunging_hotspot,pilot,4,0.2432414130042834,0.29099759230680217,0.35602826704128976
L448,structure_balanced_080,plunging_hotspot,pilot,5,0.36766218937987083,0.4510569601061468,0.570008317233152
L448,structure_balanced_080,plunging_hotspot,pilot,6,0.31681412104926127,0.3860936749371428,1.2900283831938424
L448,structure_balanced_080,plunging_hotspot,pilot,7,0.6728685028471943,0.8364596569244114,0.39650015692815066
L448,structure_balanced_080,plunging_hotspot,selection,0,0.6443437222692852,0.8005982869173093,1.442024672837448
L448,structure_balanced_080,plunging_hotspot,selection,1,0.46084637419590646,0.56928332949125,1.5503546460814548
L448,structure_balanced_080,plunging_hotspot,selection,2,0.35576008711330065,0.43588855582124536,0.8806162088946192
L448,structure_balanced_080,plunging_hotspot,selection,3,0.3456840427938357,0.42303132364795054,0.44908475696699823
L448,structure_balanced_080,plunging_hotspot,selection,4,0.3278451045186294,0.40022763832769725,1.0241110719899338
L448,structure_balanced_080,plunging_hotspot,selection,5,0.3967950109547975,0.48810869756575087,1.1930065492719222
L448,structure_balanced_080,plunging_hotspot,selection,6,0.3793247370002104,0.4659018826803814,0.7579995015051714
L448,structure_balanced_080,plunging_hotspot,selection,7,0.6336710167307021,0.7871719348595415,1.3841775517125665
L1056,baseline_one_positive,circular_crescent,pilot,0,0.17865145333691965,0.4640347457389991,0.5068466756135078
L1056,baseline_one_positive,circular_crescent,pilot,1,0.17947136268278713,0.49987048842707577,0.6284546661958923
L1056,baseline_one_positive,circular_crescent,pilot,2,0.185744206000362,0.5608739985899669,1.0865243714888717
L1056,baseline_one_positive,circular_crescent,pilot,3,0.18361099983322315,0.5542961448843593,0.8490610987509317
L1056,baseline_one_positive,circular_crescent,pilot,4,0.18076182401017846,0.5611669113794974,0.6189637178388738
L1056,baseline_one_positive,circular_crescent,pilot,5,0.1868865765830547,0.5116839292699404,1.0239628659436557
L1056,baseline_one_positive,circular_crescent,pilot,6,0.17954094624699593,0.5640529460999841,0.6345255288937159
L1056,baseline_one_positive,circular_crescent,pilot,7,0.17922057330600513,0.5307753958298524,0.5737624018858607
L1056,baseline_one_positive,circular_crescent,selection,0,0.17970916200769274,0.5030111385167696,0.6359112433903974
L1056,baseline_one_positive,circular_crescent,selection,1,0.1987895578270299,0.5883124499306588,1.540877238676726
L1056,baseline_one_positive,circular_crescent,selection,2,0.181688318607877,0.5624418213894321,0.8053846647784899
L1056,baseline_one_positive,circular_crescent,selection,3,0.20774781269186987,0.6854475648772556,1.6487685004611472
L1056,baseline_one_positive,circular_crescent,selection,4,0.18489392971504828,0.6308239510728509,0.7885539590655586
L1056,baseline_one_positive,circular_crescent,selection,5,0.17888924147193858,0.6254893993836833,0.5451602567735989
L1056,baseline_one_positive,circular_crescent,selection,6,0.17860236221963463,0.5658991758185785,0.4302814955796202
L1056,baseline_one_positive,circular_crescent,selection,7,0.1823563125949048,0.42262806374952083,0.8662576873774975
L1056,baseline_one_positive,circular_single_hotspot,pilot,0,0.1923407594981582,1.0543924523724277,1.011051701398639
L1056,baseline_one_positive,circular_single_hotspot,pilot,1,0.17949614777610506,1.2995307230385222,0.41764444183919625
L1056,baseline_one_positive,circular_single_hotspot,pilot,2,0.17864678921847021,0.715898384820969,0.3939417431414861
L1056,baseline_one_positive,circular_single_hotspot,pilot,3,0.17869406312669042,0.5360102613203819,0.3806806449894097
L1056,baseline_one_positive,circular_single_hotspot,pilot,4,0.18082060344113218,0.5834616316141152,0.580898408877506
L1056,baseline_one_positive,circular_single_hotspot,pilot,5,0.19053321521508795,1.458114695915218,0.9407630901384718
L1056,baseline_one_positive,circular_single_hotspot,pilot,6,0.1789986237963553,0.7663785838263432,0.3800909999336669
L1056,baseline_one_positive,circular_single_hotspot,pilot,7,0.17893324153957027,1.1371290300899124,0.367703471076632
L1056,baseline_one_positive,circular_single_hotspot,selection,0,0.18430061475392726,1.1145623200575003,0.6865639386356434
L1056,baseline_one_positive,circular_single_hotspot,selection,1,0.18010354282996832,0.49311646588474567,0.51921771855698
L1056,baseline_one_positive,circular_single_hotspot,selection,2,0.18242597650671274,2.062880923167361,0.5737017584953193
L1056,baseline_one_positive,circular_single_hotspot,selection,3,0.18086582681290603,0.5038430790922125,0.6970101365504257
L1056,baseline_one_positive,circular_single_hotspot,selection,4,0.1786320092411656,1.00577618775244,0.3557142557123555
L1056,baseline_one_positive,circular_single_hotspot,selection,5,0.18534452835065962,0.624428239762269,0.8772457502263011
L1056,baseline_one_positive,circular_single_hotspot,selection,6,0.17926950803122463,0.6466088267223024,0.4100939055132324
L1056,baseline_one_positive,circular_single_hotspot,selection,7,0.1909662372971584,1.0580261632505532,0.9781019516717314
L1056,baseline_one_positive,circular_two_hotspots,pilot,0,0.18538526286023987,0.6016709112113714,0.8965320732203516
L1056,baseline_one_positive,circular_two_hotspots,pilot,1,0.18430804071081236,0.5039870619667514,0.8547313288503541
L1056,baseline_one_positive,circular_two_hotspots,pilot,2,0.18152440026749025,0.4926601575520577,0.74020082833098
L1056,baseline_one_positive,circular_two_hotspots,pilot,3,0.1812500650474189,0.6005994239409151,0.6375377307458147
L1056,baseline_one_positive,circular_two_hotspots,pilot,4,0.1905891025152273,0.5953365201221861,1.2244328218201561
L1056,baseline_one_positive,circular_two_hotspots,pilot,5,0.19187117411102675,0.6016889794931728,1.3488351549962954
L1056,baseline_one_positive,circular_two_hotspots,pilot,6,0.18185097338669193,0.444264271930605,0.8512275289161708
L1056,baseline_one_positive,circular_two_hotspots,pilot,7,0.17879992278771573,0.810287470028298,0.46355929789376044
L1056,baseline_one_positive,circular_two_hotspots,selection,0,0.18108939811812325,0.5773299576624391,0.6316572454722508
L1056,baseline_one_positive,circular_two_hotspots,selection,1,0.18032130618509987,0.8038565901905347,0.6526178806874955
L1056,baseline_one_positive,circular_two_hotspots,selection,2,0.17838619570332936,0.7498990721330918,0.3818407941509813
L1056,baseline_one_positive,circular_two_hotspots,selection,3,0.1797209423196709,0.6344091885337156,0.5838765473987524
L1056,baseline_one_positive,circular_two_hotspots,selection,4,0.1793628305402341,0.5042424997423539,0.4375441865416144
L1056,baseline_one_positive,circular_two_hotspots,selection,5,0.17689800552952267,0.46663621380875564,0.531305606461325
L1056,baseline_one_positive,circular_two_hotspots,selection,6,0.19162237199424598,0.5651523040248855,1.2138388120907562
L1056,baseline_one_positive,circular_two_hotspots,selection,7,0.18258937877509698,0.8953277443836023,0.6532155382264536
L1056,baseline_one_positive,plunging_hotspot,pilot,0,0.1840278733463473,1.0537753063097763,0.6812331360375056
L1056,baseline_one_positive,plunging_hotspot,pilot,1,0.18168441542407385,1.7318516909446893,0.5265318055347157
L1056,baseline_one_positive,plunging_hotspot,pilot,2,0.18882703445027907,1.1923791109809465,0.869568826108521
L1056,baseline_one_positive,plunging_hotspot,pilot,3,0.1795436536637259,3.4961972679946696,0.38174256473305124
L1056,baseline_one_positive,plunging_hotspot,pilot,4,0.1804132565889219,0.9670187105571798,0.4686947773164674
L1056,baseline_one_positive,plunging_hotspot,pilot,5,0.2271299396422416,1.002843525909466,1.9493108068439151
L1056,baseline_one_positive,plunging_hotspot,pilot,6,0.20074125714678406,0.8205896629895628,1.3504441020867712
L1056,baseline_one_positive,plunging_hotspot,pilot,7,0.1835444125253738,2.117563385402474,0.6231770751094581
L1056,baseline_one_positive,plunging_hotspot,selection,0,0.19106313912207726,0.7833897408668303,0.9661721416040882
L1056,baseline_one_positive,plunging_hotspot,selection,1,0.17925699397383055,2.2959738099541074,0.3634524486272072
L1056,baseline_one_positive,plunging_hotspot,selection,2,0.19286350558794668,1.1338042140001467,1.0259558633534527
L1056,baseline_one_positive,plunging_hotspot,selection,3,0.18164020477206577,1.3418547729720365,0.5280726053871806
L1056,baseline_one_positive,plunging_hotspot,selection,4,0.2082998985510934,0.8897514679056506,1.507871314624948
L1056,baseline_one_positive,plunging_hotspot,selection,5,0.18507019072938652,1.4550797662899704,0.7070773718229084
L1056,baseline_one_positive,plunging_hotspot,selection,6,0.18094171400091405,0.9499622858636686,0.5128918205639508
L1056,baseline_one_positive,plunging_hotspot,selection,7,0.2123838293002255,1.0457188722631003,1.6133222779789451
L1056,constant_flux_structural,circular_crescent,pilot,0,0.20692991344846448,0.2979523407317494,1.729165769804602
L1056,constant_flux_structural,circular_crescent,pilot,1,0.18339990873351916,0.26466690812743704,0.5868579597353321
L1056,constant_flux_structural,circular_crescent,pilot,2,0.22966282796639273,0.2857092602725985,2.837772938191423
L1056,constant_flux_structural,circular_crescent,pilot,3,0.361336182697357,0.41750933369123444,7.684035976358313
L1056,constant_flux_structural,circular_crescent,pilot,4,0.35310423756326137,0.40238147141529973,7.7592810133106225
L1056,constant_flux_structural,circular_crescent,pilot,5,0.18089113285145822,0.2519898878141049,0.5404620085085471
L1056,constant_flux_structural,circular_crescent,pilot,6,0.1871483197906036,0.2324053440738914,1.0785476467389934
L1056,constant_flux_structural,circular_crescent,pilot,7,0.2921210694211754,0.374687264393724,4.4826579853434625
L1056,constant_flux_structural,circular_crescent,selection,0,0.18813642129056657,0.2947280473723977,0.9423292089461284
L1056,constant_flux_structural,circular_crescent,selection,1,0.22183744577539763,0.32973413043105154,1.9548040906328203
L1056,constant_flux_structural,circular_crescent,selection,2,0.21742875162440917,0.2563118306212232,2.6729200307167704
L1056,constant_flux_structural,circular_crescent,selection,3,0.19136058329622577,0.25869303337563054,1.1975766408432773
L1056,constant_flux_structural,circular_crescent,selection,4,0.18494033431905252,0.24019353846963876,0.8581002834172785
L1056,constant_flux_structural,circular_crescent,selection,5,0.2927237325561132,0.34995157892191403,5.095050077155553
L1056,constant_flux_structural,circular_crescent,selection,6,0.18367412752279208,0.28785391550422595,0.7116012733094306
L1056,constant_flux_structural,circular_crescent,selection,7,0.1880475164452765,0.27639297999275325,0.9682028892311139
L1056,constant_flux_structural,circular_single_hotspot,pilot,0,0.1923041626065367,0.22728425353923246,1.4841528502451657
L1056,constant_flux_structural,circular_single_hotspot,pilot,1,0.22025189222308347,0.2823947103028615,2.4024349270021252
L1056,constant_flux_structural,circular_single_hotspot,pilot,2,0.31047570120240725,0.331876399448036,8.583855136111092
L1056,constant_flux_structural,circular_single_hotspot,pilot,3,0.19024029488722718,0.24945018397046037,1.181009951836874
L1056,constant_flux_structural,circular_single_hotspot,pilot,4,0.2423423308193465,0.2530689337954386,6.434279798325533
L1056,constant_flux_structural,circular_single_hotspot,pilot,5,0.18122603071274726,0.21747752222726716,0.6534947365809354
L1056,constant_flux_structural,circular_single_hotspot,pilot,6,0.42958996637274866,0.4733235191430023,11.509539522825914
L1056,constant_flux_structural,circular_single_hotspot,pilot,7,0.44883475819140484,0.4819448866270696,13.995098316812951
L1056,constant_flux_structural,circular_single_hotspot,selection,0,0.5540118163470998,0.5861675882448629,20.074921591411044
L1056,constant_flux_structural,circular_single_hotspot,selection,1,0.20588180018519636,0.22240416634133708,2.8283159867065844
L1056,constant_flux_structural,circular_single_hotspot,selection,2,0.7402687349755784,0.7562789717390964,44.25070224673383
L1056,constant_flux_structural,circular_single_hotspot,selection,3,0.21580685210203898,0.2849613669353106,2.168985484595331
L1056,constant_flux_structural,circular_single_hotspot,selection,4,0.2866232038064955,0.31367511281764016,6.535722608731642
L1056,constant_flux_structural,circular_single_hotspot,selection,5,0.18467730880549296,0.2084103372098093,1.098217488083993
L1056,constant_flux_structural,circular_single_hotspot,selection,6,0.17900101693724374,0.2292999938775356,0.3127696091966858
L1056,constant_flux_structural,circular_single_hotspot,selection,7,0.1971959085824787,0.23857921836627952,1.6603491220301765
L1056,constant_flux_structural,circular_two_hotspots,pilot,0,0.1956787497454335,0.2762962388966557,1.320026415630676
L1056,constant_flux_structural,circular_two_hotspots,pilot,1,0.2148645808028504,0.2824414009803019,2.1204123108088457
L1056,constant_flux_structural,circular_two_hotspots,pilot,2,0.7086555325951103,0.7532721133464751,25.488442387311554
L1056,constant_flux_structural,circular_two_hotspots,pilot,3,0.4859502018957404,0.5715135671113164,10.736349542185105
L1056,constant_flux_structural,circular_two_hotspots,pilot,4,0.24640424442107528,0.28957294384966353,3.6978175081319784
L1056,constant_flux_structural,circular_two_hotspots,pilot,5,0.22490706394216678,0.29945580588297194,2.4550850679787843
L1056,constant_flux_structural,circular_two_hotspots,pilot,6,0.3540154667386656,0.38989435590449234,9.218622172613795
L1056,constant_flux_structural,circular_two_hotspots,pilot,7,0.28155985965674274,0.3611157914824314,4.050060492835639
L1056,constant_flux_structural,circular_two_hotspots,selection,0,0.39528038605236965,0.4564471300719433,8.713371103218527
L1056,constant_flux_structural,circular_two_hotspots,selection,1,0.32104136338864525,0.3903781598101021,5.66120726549573
L1056,constant_flux_structural,circular_two_hotspots,selection,2,0.2429917971474197,0.34058826380555923,2.807965261090511
L1056,constant_flux_structural,circular_two_hotspots,selection,3,0.42059920061488104,0.4785852250056194,9.719797115674794
L1056,constant_flux_structural,circular_two_hotspots,selection,4,0.19831037682892033,0.24794268629145866,1.6676528619623057
L1056,constant_flux_structural,circular_two_hotspots,selection,5,0.22463953607837292,0.2715996144526893,2.5061657152025503
L1056,constant_flux_structural,circular_two_hotspots,selection,6,0.20325302081299396,0.29279038530749607,1.183823642315055
L1056,constant_flux_structural,circular_two_hotspots,selection,7,0.23724686059184558,0.3415619118440137,2.6231965416178733
L1056,constant_flux_structural,plunging_hotspot,pilot,0,0.22825148781486349,0.2506818006393219,3.7338675008476074
L1056,constant_flux_structural,plunging_hotspot,pilot,1,0.5840687840672615,0.6036851624044132,27.346466653320775
L1056,constant_flux_structural,plunging_hotspot,pilot,2,0.19936846164170996,0.20768500909381846,2.9121766266117737
L1056,constant_flux_structural,plunging_hotspot,pilot,3,0.5185982017711344,0.5390102623806398,21.98421177614184
L1056,constant_flux_structural,plunging_hotspot,pilot,4,0.32870281426096953,0.3555640089815245,8.63732393414415
L1056,constant_flux_structural,plunging_hotspot,pilot,5,0.4610308406227259,0.482546956373883,17.56721110635578
L1056,constant_flux_structural,plunging_hotspot,pilot,6,0.4399184381487629,0.45452846171258676,19.335015197304713
L1056,constant_flux_structural,plunging_hotspot,pilot,7,0.49285427237101725,0.5046212496289557,26.183757768522316
L1056,constant_flux_structural,plunging_hotspot,selection,0,0.5120565273674824,0.5331218702998639,21.214184906233548
L1056,constant_flux_structural,plunging_hotspot,selection,1,0.3603360725102972,0.3851249147760234,10.623791442226574
L1056,constant_flux_structural,plunging_hotspot,selection,2,0.761592936321231,0.7824429740191514,40.697384956798764
L1056,constant_flux_structural,plunging_hotspot,selection,3,0.5969006041425471,0.6379824485313556,20.212565551755265
L1056,constant_flux_structural,plunging_hotspot,selection,4,0.4136889892910859,0.4338362722962927,14.951757138782177
L1056,constant_flux_structural,plunging_hotspot,selection,5,0.29331579153258514,0.32086898294856986,6.678769152058044
L1056,constant_flux_structural,plunging_hotspot,selection,6,0.4567625270222354,0.4773233764658453,17.628391978314426
L1056,constant_flux_structural,plunging_hotspot,selection,7,0.3362940287647793,0.34896799163050485,12.399302766690706
L1056,structure_balanced_050,circular_crescent,pilot,0,0.18479721901108032,0.30857293650120726,0.45317797820669387
L1056,structure_balanced_050,circular_crescent,pilot,1,0.21140227332921646,0.37064928598220487,1.1605814171399822
L1056,structure_balanced_050,circular_crescent,pilot,2,0.18891119955349428,0.3183818050563337,0.5600128527015852
L1056,structure_balanced_050,circular_crescent,pilot,3,0.18007576256896504,0.2971974589109928,0.3110814992459619
L1056,structure_balanced_050,circular_crescent,pilot,4,0.182021814049366,0.3019022551808123,0.4557359992075726
L1056,structure_balanced_050,circular_crescent,pilot,5,0.18091190865264642,0.317826716364595,0.34669617650942897
L1056,structure_balanced_050,circular_crescent,pilot,6,0.19762645905216103,0.33888357557421045,1.1266254249325192
L1056,structure_balanced_050,circular_crescent,pilot,7,0.23899851238938322,0.4325486842210318,1.5656215813954177
L1056,structure_balanced_050,circular_crescent,selection,0,0.1941854827129349,0.33083109785784054,1.080715152354884
L1056,structure_balanced_050,circular_crescent,selection,1,0.18235805169529817,0.30271280877493323,0.506879965916868
L1056,structure_balanced_050,circular_crescent,selection,2,0.2442619574081949,0.44415405421033605,1.9972263747175787
L1056,structure_balanced_050,circular_crescent,selection,3,0.20483310268486327,0.35558910043195063,1.2202962997854667
L1056,structure_balanced_050,circular_crescent,selection,4,0.3527669762339321,0.6755704009270403,2.45080988874285
L1056,structure_balanced_050,circular_crescent,selection,5,0.18335895979041686,0.30512168239194315,0.5061395369469331
L1056,structure_balanced_050,circular_crescent,selection,6,0.18406824182254164,0.309573488697346,0.4353853781335432
L1056,structure_balanced_050,circular_crescent,selection,7,0.17934285313775847,0.2954194381050704,0.19907411268238515
L1056,structure_balanced_050,circular_single_hotspot,pilot,0,0.41064418575449724,0.7956958000492387,1.8600356627136523
L1056,structure_balanced_050,circular_single_hotspot,pilot,1,0.210205739753143,0.3679170528158176,0.27700990061471875
L1056,structure_balanced_050,circular_single_hotspot,pilot,2,0.20323328132342708,0.35185551703969115,0.8223506347270806
L1056,structure_balanced_050,circular_single_hotspot,pilot,3,0.28981688207863515,0.5427857420217166,0.623086564742252
L1056,structure_balanced_050,circular_single_hotspot,pilot,4,0.18615441495994062,0.311818975540604,0.4969744742314585
L1056,structure_balanced_050,circular_single_hotspot,pilot,5,0.2064094613292065,0.3592058511070213,0.5467726805162357
L1056,structure_balanced_050,circular_single_hotspot,pilot,6,0.23627000300592552,0.4264944143342151,0.4229856998281494
L1056,structure_balanced_050,circular_single_hotspot,pilot,7,0.24407213747835385,0.44374382488778064,0.7220258781556141
L1056,structure_balanced_050,circular_single_hotspot,selection,0,0.18087504118113773,0.2991203136134495,0.13694492124468308
L1056,structure_balanced_050,circular_single_hotspot,selection,1,0.1873038568893498,0.3145602493425606,0.49149666942079434
L1056,structure_balanced_050,circular_single_hotspot,selection,2,0.182944669060019,0.3041258418566482,0.28306200788817065
L1056,structure_balanced_050,circular_single_hotspot,selection,3,0.35668022446714603,0.6837420199598303,2.089503871949981
L1056,structure_balanced_050,circular_single_hotspot,selection,4,0.1834501349558597,0.30534082054403117,0.17901129985848072
L1056,structure_balanced_050,circular_single_hotspot,selection,5,0.37291652723001706,0.7175544043701946,1.315209105507489
L1056,structure_balanced_050,circular_single_hotspot,selection,6,0.18122084859041968,0.3000652107535635,0.22984038786777058
L1056,structure_balanced_050,circular_single_hotspot,selection,7,0.186363232367887,0.31232374334275187,0.1746244623585206
L1056,structure_balanced_050,circular_two_hotspots,pilot,0,0.3877234737653639,0.7482889318393786,2.246821865039404
L1056,structure_balanced_050,circular_two_hotspots,pilot,1,0.1982548213341019,0.3403391180243804,0.6139985877286025
L1056,structure_balanced_050,circular_two_hotspots,pilot,2,0.1869429277985682,0.31372624681043604,0.2418575186739692
L1056,structure_balanced_050,circular_two_hotspots,pilot,3,0.2451782284271163,0.44615750500049817,0.8779526491034552
L1056,structure_balanced_050,circular_two_hotspots,pilot,4,0.24949020383656945,0.4556282001141404,0.8645191643773112
L1056,structure_balanced_050,circular_two_hotspots,pilot,5,0.1984267726115855,0.340749608981596,0.6843871198605608
L1056,structure_balanced_050,circular_two_hotspots,pilot,6,0.3557205874673491,0.6817399303080933,1.6364272661629151
L1056,structure_balanced_050,circular_two_hotspots,pilot,7,0.2062516301518968,0.3588532962322989,0.7262255825977172
L1056,structure_balanced_050,circular_two_hotspots,selection,0,0.21690728230145362,0.3831906647114043,0.6141033134988526
L1056,structure_balanced_050,circular_two_hotspots,selection,1,0.21733648250608126,0.38413276556699405,0.7265425505083704
L1056,structure_balanced_050,circular_two_hotspots,selection,2,0.2761338265355901,0.5134212179962498,1.4437381285509023
L1056,structure_balanced_050,circular_two_hotspots,selection,3,0.2882663306995818,0.5394553976517744,0.45901429420343226
L1056,structure_balanced_050,circular_two_hotspots,selection,4,0.1912509930781896,0.3239476526136804,0.42975411918752987
L1056,structure_balanced_050,circular_two_hotspots,selection,5,0.18497307066216578,0.308992259866765,0.4823065251663207
L1056,structure_balanced_050,circular_two_hotspots,selection,6,0.2285035424416294,0.4092389206082776,0.8619608152865464
L1056,structure_balanced_050,circular_two_hotspots,selection,7,0.2059032070149468,0.3580353632645202,0.7774674124710267
L1056,structure_balanced_050,plunging_hotspot,pilot,0,0.33979935952174656,0.6484368041004415,0.5316785063793711
L1056,structure_balanced_050,plunging_hotspot,pilot,1,0.30717538731328375,0.5796930903401327,0.9373236898879942
L1056,structure_balanced_050,plunging_hotspot,pilot,2,0.2610131813300818,0.48075849582847086,0.5759976912319044
L1056,structure_balanced_050,plunging_hotspot,pilot,3,0.2483965604197777,0.4532331471397442,0.8724915309427648
L1056,structure_balanced_050,plunging_hotspot,pilot,4,0.2124344363994134,0.37301198516987993,0.24200047954011594
L1056,structure_balanced_050,plunging_hotspot,pilot,5,0.3879813856370689,0.7488246857490165,1.2685354542501597
L1056,structure_balanced_050,plunging_hotspot,pilot,6,0.3627589351137462,0.6964146471812243,1.8351122887420368
L1056,structure_balanced_050,plunging_hotspot,pilot,7,0.22011470740588615,0.39040376305617275,0.7786194107752213
L1056,structure_balanced_050,plunging_hotspot,selection,0,0.26221478304088197,0.4833669311480688,1.10496396996628
L1056,structure_balanced_050,plunging_hotspot,selection,1,0.41020153481989763,0.7947811260774034,1.0545745302916967
L1056,structure_balanced_050,plunging_hotspot,selection,2,0.24568384702808763,0.44727738119501737,0.6801376713560476
L1056,structure_balanced_050,plunging_hotspot,selection,3,0.20247513474512369,0.3501528726670583,0.629670608046937
L1056,structure_balanced_050,plunging_hotspot,selection,4,0.4249306845149927,0.8251582903157931,1.2718022553653472
L1056,structure_balanced_050,plunging_hotspot,selection,5,0.19672591378806126,0.33678474046955037,0.4542793872933548
L1056,structure_balanced_050,plunging_hotspot,selection,6,0.2547760309167244,0.46718010712833136,0.545394808810636
L1056,structure_balanced_050,plunging_hotspot,selection,7,0.418440876625742,0.8117809267605759,1.7514303551515766
L1056,structure_balanced_080,circular_crescent,pilot,0,0.19887314455983587,0.2769242469163464,0.761444548486769
L1056,structure_balanced_080,circular_crescent,pilot,1,0.18747951796965504,0.26787309407921067,0.5397718303519368
L1056,structure_balanced_080,circular_crescent,pilot,2,0.21841036533809907,0.25841207616786077,0.5787403959505595
L1056,structure_balanced_080,circular_crescent,pilot,3,0.17899690212416922,0.2738342082456295,0.22802230498119355
L1056,structure_balanced_080,circular_crescent,pilot,4,0.19503599873826172,0.2656048941270975,0.6894607712464447
L1056,structure_balanced_080,circular_crescent,pilot,5,0.24908499269551232,0.30767642652982996,1.1229658077838158
L1056,structure_balanced_080,circular_crescent,pilot,6,0.18679661462771943,0.2405252352518302,0.46398533303750605
L1056,structure_balanced_080,circular_crescent,pilot,7,0.18641004837840447,0.24700829405206456,0.5241764936555138
L1056,structure_balanced_080,circular_crescent,selection,0,0.19086699714370917,0.2838258661397166,0.6262064255612728
L1056,structure_balanced_080,circular_crescent,selection,1,0.1864403460801307,0.2548836479212369,0.5624629820343334
L1056,structure_balanced_080,circular_crescent,selection,2,0.1798854494135241,0.27998347065186974,0.270350129668996
L1056,structure_balanced_080,circular_crescent,selection,3,0.20665052757281852,0.2606301007851632,0.8548958057715061
L1056,structure_balanced_080,circular_crescent,selection,4,0.1848001864776076,0.3245865366633492,0.45956988631678
L1056,structure_balanced_080,circular_crescent,selection,5,0.17870717345799536,0.2893270955935846,0.21269089972562216
L1056,structure_balanced_080,circular_crescent,selection,6,0.1893518724292358,0.2672160157985206,0.5628575329299809
L1056,structure_balanced_080,circular_crescent,selection,7,0.18159196511874853,0.25883407794156266,0.28581973789848314
L1056,structure_balanced_080,circular_single_hotspot,pilot,0,0.4053369528686358,0.49895461256513174,0.6168169544824735
L1056,structure_balanced_080,circular_single_hotspot,pilot,1,0.2221496674538314,0.2633565116469349,0.3570729922439002
L1056,structure_balanced_080,circular_single_hotspot,pilot,2,0.179603652497755,0.21966672317778121,0.07432004712429723
L1056,structure_balanced_080,circular_single_hotspot,pilot,3,0.17913519537929656,0.22250622402588838,0.08339552448171356
L1056,structure_balanced_080,circular_single_hotspot,pilot,4,0.2134280208017138,0.25322345380039374,0.4041353575020689
L1056,structure_balanced_080,circular_single_hotspot,pilot,5,0.1941145971766229,0.2381519702686758,0.22206962712508715
L1056,structure_balanced_080,circular_single_hotspot,pilot,6,0.21845053114253657,0.258464251886333,0.3575622548059172
L1056,structure_balanced_080,circular_single_hotspot,pilot,7,0.30573168433696823,0.37187731672360025,1.025440643472233
L1056,structure_balanced_080,circular_single_hotspot,selection,0,0.48373200435033825,0.5982174216623991,1.079976494743085
L1056,structure_balanced_080,circular_single_hotspot,selection,1,0.3566101783157723,0.43696237470041016,1.2577235808078784
L1056,structure_balanced_080,circular_single_hotspot,selection,2,0.22374615071560472,0.2718714264973132,0.692366853134076
L1056,structure_balanced_080,circular_single_hotspot,selection,3,0.198927857068807,0.247188857308367,0.30425739520777384
L1056,structure_balanced_080,circular_single_hotspot,selection,4,0.6292879896820129,0.7816595617127998,1.1460041203643032
L1056,structure_balanced_080,circular_single_hotspot,selection,5,0.22598093283846807,0.2683903703969288,0.4545791463743441
L1056,structure_balanced_080,circular_single_hotspot,selection,6,0.6344281898439733,0.7881291227890785,2.7176266900069646
L1056,structure_balanced_080,circular_single_hotspot,selection,7,0.48898363428651226,0.6048484240372523,1.264260830852619
L1056,structure_balanced_080,circular_two_hotspots,pilot,0,0.21360832466599333,0.2873759482109842,0.3594761544881351
L1056,structure_balanced_080,circular_two_hotspots,pilot,1,0.2639827620870369,0.31800424987741815,1.263335297484676
L1056,structure_balanced_080,circular_two_hotspots,pilot,2,0.19382334909715376,0.2388305713939753,0.4189007240186243
L1056,structure_balanced_080,circular_two_hotspots,pilot,3,0.19456694449960926,0.27741150645897467,0.34314208562100207
L1056,structure_balanced_080,circular_two_hotspots,pilot,4,0.29387819877643656,0.3566356815603308,1.282252619449455
L1056,structure_balanced_080,circular_two_hotspots,pilot,5,0.19280396068847344,0.22804863211078344,0.33659770923286736
L1056,structure_balanced_080,circular_two_hotspots,pilot,6,0.20570052093697108,0.26008441841504376,0.5393527488435559
L1056,structure_balanced_080,circular_two_hotspots,pilot,7,0.25382893694299824,0.30524936758421933,0.789652844942856
L1056,structure_balanced_080,circular_two_hotspots,selection,0,0.17397483852345902,0.23558388966953384,0.2509010559948348
L1056,structure_balanced_080,circular_two_hotspots,selection,1,0.23520698971504012,0.2926007506768868,0.5728247087484171
L1056,structure_balanced_080,circular_two_hotspots,selection,2,0.6342054277749014,0.787847977284501,1.7509009588916786
L1056,structure_balanced_080,circular_two_hotspots,selection,3,0.20770228705295452,0.25270564184736566,1.0033531431405598
L1056,structure_balanced_080,circular_two_hotspots,selection,4,0.2368481682288142,0.31817606817800315,1.6631933191738197
L1056,structure_balanced_080,circular_two_hotspots,selection,5,0.22277753989944765,0.26417316410331626,0.46526257336014254
L1056,structure_balanced_080,circular_two_hotspots,selection,6,0.1837221429789759,0.266416616002106,0.3256220902872735
L1056,structure_balanced_080,circular_two_hotspots,selection,7,0.32339944196013426,0.39453546105808324,0.389049921750564
L1056,structure_balanced_080,plunging_hotspot,pilot,0,0.4713064326808795,0.5825129689768676,0.6851301506945051
L1056,structure_balanced_080,plunging_hotspot,pilot,1,0.5497460348581793,0.6815140348753683,1.9568022267723215
L1056,structure_balanced_080,plunging_hotspot,pilot,2,0.248867334258807,0.29835337694440767,0.3760321832975209
L1056,structure_balanced_080,plunging_hotspot,pilot,3,0.4756402659533036,0.5879887961536019,1.2864690358751256
L1056,structure_balanced_080,plunging_hotspot,pilot,4,0.22729076572377527,0.2700973504160221,0.3012734993781893
L1056,structure_balanced_080,plunging_hotspot,pilot,5,0.319427500323109,0.3894466556649948,0.46715783690369844
L1056,structure_balanced_080,plunging_hotspot,pilot,6,0.2688956888931809,0.3243682146160478,0.9825438829616814
L1056,structure_balanced_080,plunging_hotspot,pilot,7,0.42252832831988774,0.5207620783114314,0.23291573411750183
L1056,structure_balanced_080,plunging_hotspot,selection,0,0.5338137557961369,0.6614273962648917,1.1711902179618676
L1056,structure_balanced_080,plunging_hotspot,selection,1,0.4171921335610743,0.5139968105553843,1.3710465258661586
L1056,structure_balanced_080,plunging_hotspot,selection,2,0.3240627838063962,0.39538490235565726,0.7694665483334764
L1056,structure_balanced_080,plunging_hotspot,selection,3,0.33697925977349147,0.41191072413190516,0.4327533044676226
L1056,structure_balanced_080,plunging_hotspot,selection,4,0.2773841114615324,0.33535456218604276,0.7825212770188082
L1056,structure_balanced_080,plunging_hotspot,selection,5,0.29269265110168013,0.3551029157586968,0.7696170238629734
L1056,structure_balanced_080,plunging_hotspot,selection,6,0.37098588395432014,0.4552893845119959,0.7355212277641849
L1056,structure_balanced_080,plunging_hotspot,selection,7,0.3123664307872511,0.38038469191013585,0.5793730506049073
