geometry,source_class,kind,arm,temporal_mode,entirely_in_old_band,n_columns,column_max_abs,exactly_zero_block,sigma_max,sigma_min,operational_rank,exact_nullity
a050_i050,L224,localized,DIRECT_PHYSICAL,0,True,28,0.0,True,0.0,0.0,0,28
a050_i050,L224,localized,DIRECT_PHYSICAL,1,True,28,0.0,True,0.0,0.0,0,28
a050_i050,L224,localized,DIRECT_PHYSICAL,2,True,28,0.0,True,0.0,0.0,0,28
a050_i050,L224,localized,DIRECT_PHYSICAL,3,False,28,42.789427207655756,False,456.52064573770343,2.4426415173941605e-07,9,0
a050_i050,L224,localized,DIRECT_PHYSICAL,4,False,28,103.24456283768625,False,3785.9528146514276,0.22167610644577856,25,0
a050_i050,L224,localized,DIRECT_PHYSICAL,5,False,28,92.90681989880683,False,4413.120144714474,9.816967312848888,28,0
a050_i050,L224,localized,DIRECT_PHYSICAL,6,False,28,90.91693967452635,False,3976.4030977803436,8.612878924390573,28,0
a050_i050,L224,localized,DIRECT_PHYSICAL,7,False,28,104.5582595699694,False,4232.791945706469,0.00881328768919775,22,0
a050_i050,L224,localized,RESOLVED_PHYSICAL,0,True,28,1.4190499971663035,False,3.903014889230862,4.965474995113511e-23,3,0
a050_i050,L224,localized,RESOLVED_PHYSICAL,1,True,28,8.908064955325585,False,35.62635858173752,0.0011450732065876417,14,0
a050_i050,L224,localized,RESOLVED_PHYSICAL,2,True,28,15.488204174031091,False,316.98405338742947,0.113338472020965,21,0
a050_i050,L224,localized,RESOLVED_PHYSICAL,3,False,28,42.789427207655756,False,671.827796839959,3.479542973592987,28,0
a050_i050,L224,localized,RESOLVED_PHYSICAL,4,False,28,103.24456283768625,False,3803.551458171921,5.893728014882161,28,0
a050_i050,L224,localized,RESOLVED_PHYSICAL,5,False,28,92.90681989880683,False,4414.222939127135,17.13553256681186,28,0
a050_i050,L224,localized,RESOLVED_PHYSICAL,6,False,28,90.91693967452635,False,3976.4032088524655,9.083504889434108,28,0
a050_i050,L224,localized,RESOLVED_PHYSICAL,7,False,28,104.5582595699694,False,4232.791945706469,0.00881328768919775,22,0
a050_i050,L224,localized,UNRESOLVED_IMAGE,0,True,28,0.035536463837693974,False,0.09810590213982662,2.805247963188063e-24,0,0
a050_i050,L224,localized,UNRESOLVED_IMAGE,1,True,28,2.6153498223277074,False,6.698613777699722,4.4201615361625865e-05,7,0
a050_i050,L224,localized,UNRESOLVED_IMAGE,2,True,28,6.494013035676701,False,53.11812922898952,0.005842797264477037,14,0
a050_i050,L224,localized,UNRESOLVED_IMAGE,3,False,28,42.771170014961406,False,462.0345552340457,0.306927352890911,21,0
a050_i050,L224,localized,UNRESOLVED_IMAGE,4,False,28,102.12106198211235,False,3755.1881242957406,1.1829882331389112,28,0
a050_i050,L224,localized,UNRESOLVED_IMAGE,5,False,28,92.04098549078124,False,4367.898135244922,11.334836717994786,28,0
a050_i050,L224,localized,UNRESOLVED_IMAGE,6,False,28,90.04088415505109,False,3931.931941220123,8.532695664283843,28,0
a050_i050,L224,localized,UNRESOLVED_IMAGE,7,False,28,104.11867660368992,False,4186.512255835825,0.008722920969795944,22,0
a050_i050,L224,localized,TOTAL_FLUX,0,True,28,0.003289369326609397,False,0.004204270831955602,0.0,0,4
a050_i050,L224,localized,TOTAL_FLUX,1,True,28,0.5218630342220945,False,0.6059731783424019,2.6057014075498167e-05,0,0
a050_i050,L224,localized,TOTAL_FLUX,2,True,28,6.038757247654487,False,12.764309617426703,0.0031948539861904107,1,0
a050_i050,L224,localized,TOTAL_FLUX,3,False,28,75.66971150756991,False,144.05269660344686,0.010698028580441395,4,0
a050_i050,L224,localized,TOTAL_FLUX,4,False,28,550.1168544168057,False,1822.6723065355886,0.09793699661334755,6,0
a050_i050,L224,localized,TOTAL_FLUX,5,False,28,553.5181365273661,False,2403.754299704844,0.25436798913436115,7,0
a050_i050,L224,localized,TOTAL_FLUX,6,False,28,564.3384769929717,False,2114.4803362760103,0.5257720970002324,6,0
a050_i050,L224,localized,TOTAL_FLUX,7,False,28,565.3334726642238,False,2022.7800808367226,0.05593526344014451,4,0
a050_i050,L224,localized,DELAY_ONLY,0,True,28,0.539795397169286,False,2.1902531864069688,7.012931002624011e-19,3,0
a050_i050,L224,localized,DELAY_ONLY,1,True,28,7.2091590676086375,False,28.775778283926588,0.10250055693945198,22,0
a050_i050,L224,localized,DELAY_ONLY,2,True,28,14.08865379163766,False,170.1683298233859,2.4305451646910483,28,0
a050_i050,L224,localized,DELAY_ONLY,3,False,28,42.789427207655756,False,533.0817571676929,8.798684318821625,28,0
a050_i050,L224,localized,DELAY_ONLY,4,False,28,103.24456283768625,False,3802.8374909250692,18.1822188606506,28,0
a050_i050,L224,localized,DELAY_ONLY,5,False,28,92.90681989880683,False,4416.731034822765,16.20103697814062,28,0
a050_i050,L224,localized,DELAY_ONLY,6,False,28,90.91693967452635,False,3976.4082550353723,8.617505618097226,28,0
a050_i050,L224,localized,DELAY_ONLY,7,False,28,104.5582595699694,False,4232.791945706469,0.00881328768919775,22,0
a050_i050,L224,localized,SPATIAL_ONLY,0,True,28,0.0,True,0.0,0.0,0,28
a050_i050,L224,localized,SPATIAL_ONLY,1,True,28,0.0,True,0.0,0.0,0,28
a050_i050,L224,localized,SPATIAL_ONLY,2,True,28,0.0,True,0.0,0.0,0,28
a050_i050,L224,localized,SPATIAL_ONLY,3,False,28,42.789427207655756,False,457.14701384861075,0.41192283796309515,24,0
a050_i050,L224,localized,SPATIAL_ONLY,4,False,28,103.24456283768625,False,3793.8744632682847,5.978377558567492,28,0
a050_i050,L224,localized,SPATIAL_ONLY,5,False,28,92.90681989880683,False,4422.545524970367,21.161578975908125,28,0
a050_i050,L224,localized,SPATIAL_ONLY,6,False,28,90.91693967452635,False,3979.355179207463,30.56257265112305,28,0
a050_i050,L224,localized,SPATIAL_ONLY,7,False,28,104.5582595699694,False,4234.0884012221295,7.74698554402973,28,0
a050_i050,L448,localized,DIRECT_PHYSICAL,0,True,28,0.0,True,0.0,0.0,0,28
a050_i050,L448,localized,DIRECT_PHYSICAL,1,True,28,0.0,True,0.0,0.0,0,28
a050_i050,L448,localized,DIRECT_PHYSICAL,2,True,28,0.0,True,0.0,0.0,0,28
a050_i050,L448,localized,DIRECT_PHYSICAL,3,True,28,0.0,True,0.0,0.0,0,28
a050_i050,L448,localized,DIRECT_PHYSICAL,4,True,28,0.0,True,0.0,0.0,0,28
a050_i050,L448,localized,DIRECT_PHYSICAL,5,True,28,0.0,True,0.0,0.0,0,28
a050_i050,L448,localized,DIRECT_PHYSICAL,6,True,28,0.0,True,0.0,0.0,0,28
a050_i050,L448,localized,DIRECT_PHYSICAL,7,False,28,85.57885441531151,False,913.0412914754069,4.885283034788321e-07,11,0
a050_i050,L448,localized,DIRECT_PHYSICAL,8,False,28,99.58634433797049,False,2759.453063615449,0.0001934214992770756,17,0
a050_i050,L448,localized,DIRECT_PHYSICAL,9,False,28,101.2262720158612,False,3504.1991371879194,0.3871362310034894,26,0
a050_i050,L448,localized,DIRECT_PHYSICAL,10,False,28,92.0551148310673,False,3255.1037148131886,4.25297003831882,28,0
a050_i050,L448,localized,DIRECT_PHYSICAL,11,False,28,82.39331338324178,False,2912.2597107237293,9.39100659569502,28,0
a050_i050,L448,localized,DIRECT_PHYSICAL,12,False,28,88.62475648311091,False,2904.200729010922,2.454627390721241,28,0
a050_i050,L448,localized,DIRECT_PHYSICAL,13,False,28,102.30359427330818,False,3462.937740004091,0.014321335574325344,23,0
a050_i050,L448,localized,DIRECT_PHYSICAL,14,False,28,103.54767224048011,False,3110.2276904059922,0.00015566152732391476,17,0
a050_i050,L448,localized,DIRECT_PHYSICAL,15,False,28,105.22941797306115,False,1709.3839953851698,1.7232548550898875e-06,12,0
a050_i050,L448,localized,RESOLVED_PHYSICAL,0,True,28,0.22854887511247504,False,0.45709775022495014,0.0,0,27
a050_i050,L448,localized,RESOLVED_PHYSICAL,1,True,28,2.3810022441076564,False,7.169844915784429,1.628489989095042e-22,6,0
a050_i050,L448,localized,RESOLVED_PHYSICAL,2,True,28,2.717580918780357,False,17.910827475346107,4.0403738431091765e-05,8,0
a050_i050,L448,localized,RESOLVED_PHYSICAL,3,True,28,13.32054466638528,False,57.8856974765968,0.002098720379031047,14,0
a050_i050,L448,localized,RESOLVED_PHYSICAL,4,True,28,15.3541848233776,False,221.89965431276167,0.02002342362661231,17,0
a050_i050,L448,localized,RESOLVED_PHYSICAL,5,True,28,15.467358277393362,False,331.43397539363514,0.15653728830977628,22,0
a050_i050,L448,localized,RESOLVED_PHYSICAL,6,True,28,13.804091599760284,False,373.2024478943033,0.9463537311390829,27,0
a050_i050,L448,localized,RESOLVED_PHYSICAL,7,False,28,85.57885441531151,False,966.3996885031114,3.350202758246788,28,0
a050_i050,L448,localized,RESOLVED_PHYSICAL,8,False,28,99.58634433797049,False,2771.820687861293,3.3202959512738484,28,0
a050_i050,L448,localized,RESOLVED_PHYSICAL,9,False,28,101.2262720158612,False,3508.006688928956,1.9474376969192364,28,0
a050_i050,L448,localized,RESOLVED_PHYSICAL,10,False,28,92.0551148310673,False,3255.484291950792,6.515557317589634,28,0
a050_i050,L448,localized,RESOLVED_PHYSICAL,11,False,28,82.39331338324178,False,2912.261045257058,9.967781249396046,28,0
a050_i050,L448,localized,RESOLVED_PHYSICAL,12,False,28,88.62475648311091,False,2904.200729010922,2.454627390721241,28,0
a050_i050,L448,localized,RESOLVED_PHYSICAL,13,False,28,102.30359427330818,False,3462.937740004091,0.014321335574325344,23,0
a050_i050,L448,localized,RESOLVED_PHYSICAL,14,False,28,103.54767224048011,False,3110.2276904059922,0.00015566152732391476,17,0
a050_i050,L448,localized,RESOLVED_PHYSICAL,15,False,28,105.22941797306115,False,1709.3839953851698,1.7232548550898875e-06,12,0
a050_i050,L448,localized,UNRESOLVED_IMAGE,0,True,28,0.005723419789153687,False,0.011446839578307375,0.0,0,27
a050_i050,L448,localized,UNRESOLVED_IMAGE,1,True,28,0.05962608809708056,False,0.1803523670980943,1.424250552590175e-24,0,0
a050_i050,L448,localized,UNRESOLVED_IMAGE,2,True,28,0.3408630204160566,False,0.77625325685315,1.2086551008071732e-06,0,0
a050_i050,L448,localized,UNRESOLVED_IMAGE,3,True,28,5.230699644655415,False,13.359993586747073,7.009816443550573e-05,7,0
a050_i050,L448,localized,UNRESOLVED_IMAGE,4,True,28,6.129388156527449,False,37.50202842701717,0.0008736128547528478,11,0
a050_i050,L448,localized,UNRESOLVED_IMAGE,5,True,28,6.689199161252428,False,53.81475249165687,0.008445245863272978,14,0
a050_i050,L448,localized,UNRESOLVED_IMAGE,6,True,28,4.556276653753368,False,58.271834396757725,0.049703293052508694,15,0
a050_i050,L448,localized,UNRESOLVED_IMAGE,7,False,28,84.59366051801621,False,906.8845984920043,0.3346073699823596,21,0
a050_i050,L448,localized,UNRESOLVED_IMAGE,8,False,28,98.45496867046218,False,2733.0544095184764,0.5886165617501612,26,0
a050_i050,L448,localized,UNRESOLVED_IMAGE,9,False,28,100.53176463882554,False,3468.5359648906256,0.8267954941990032,27,0
a050_i050,L448,localized,UNRESOLVED_IMAGE,10,False,28,91.19699001472897,False,3220.0650186812204,4.637793534026022,28,0
a050_i050,L448,localized,UNRESOLVED_IMAGE,11,False,28,81.64799195596349,False,2881.013667721291,9.305617879757603,28,0
a050_i050,L448,localized,UNRESOLVED_IMAGE,12,False,28,87.7707879338271,False,2871.7106064830423,2.428177214022706,28,0
a050_i050,L448,localized,UNRESOLVED_IMAGE,13,False,28,101.21882469398072,False,3424.548184148132,0.014178047906225148,23,0
a050_i050,L448,localized,UNRESOLVED_IMAGE,14,False,28,103.11233797705596,False,3076.307512939114,0.00015384632432539493,17,0
a050_i050,L448,localized,UNRESOLVED_IMAGE,15,False,28,104.11362461039047,False,1690.7869487721891,1.7045725215334109e-06,12,0
a050_i050,L448,localized,TOTAL_FLUX,0,True,28,0.00015124999702796963,False,0.00030249999405593925,0.0,0,7
a050_i050,L448,localized,TOTAL_FLUX,1,True,28,0.0062762386591628545,False,0.007943838910651351,0.0,0,4
a050_i050,L448,localized,TOTAL_FLUX,2,True,28,0.05158509866076376,False,0.06941514758745572,4.075572524991923e-20,0,0
a050_i050,L448,localized,TOTAL_FLUX,3,True,28,0.9342796324634987,False,1.0962238696975672,7.065170907554711e-05,1,0
a050_i050,L448,localized,TOTAL_FLUX,4,True,28,3.5806697719001632,False,6.83040931517239,0.002317948520674616,1,0
a050_i050,L448,localized,TOTAL_FLUX,5,True,28,3.981895319045159,False,12.090303305367414,0.00777554690133596,2,0
a050_i050,L448,localized,TOTAL_FLUX,6,True,28,4.238288920026971,False,16.357435377653164,0.014654919236665957,2,0
a050_i050,L448,localized,TOTAL_FLUX,7,False,28,139.0261884289151,False,259.16564777049894,0.030305397164080202,4,0
a050_i050,L448,localized,TOTAL_FLUX,8,False,28,371.7379877837246,False,1115.4648747012234,0.10811487591982556,5,0
a050_i050,L448,localized,TOTAL_FLUX,9,False,28,371.09505834791696,False,1485.3509421765505,0.5268681688249603,7,0
a050_i050,L448,localized,TOTAL_FLUX,10,False,28,372.6195659274536,False,1358.93995889332,1.4063314677675833,8,0
a050_i050,L448,localized,TOTAL_FLUX,11,False,28,282.19577394826257,False,1024.2029350080245,0.7946448249517573,7,0
a050_i050,L448,localized,TOTAL_FLUX,12,False,28,335.6971736249782,False,1103.297228798422,0.42264215208295713,7,0
a050_i050,L448,localized,TOTAL_FLUX,13,False,28,383.13091316469104,False,1420.3143792052924,0.2314973191833799,5,0
a050_i050,L448,localized,TOTAL_FLUX,14,False,28,376.5194269476169,False,1253.5805537555368,0.023977717359627327,4,0
a050_i050,L448,localized,TOTAL_FLUX,15,False,28,280.089366526454,False,559.7281886779883,7.798555154622469e-19,2,0
a050_i050,L448,localized,DELAY_ONLY,0,True,28,0.08693818474351744,False,0.2555417426538702,0.0,0,27
a050_i050,L448,localized,DELAY_ONLY,1,True,28,0.9057144248515373,False,4.027541625167858,1.1169306339223193e-18,3,0
a050_i050,L448,localized,DELAY_ONLY,2,True,28,2.208716248454102,False,12.52925367273977,0.005925608591193435,14,0
a050_i050,L448,localized,DELAY_ONLY,3,True,28,10.780110590656042,False,46.4442533976505,0.16649079820552698,22,0
a050_i050,L448,localized,DELAY_ONLY,4,True,28,13.871846525786726,False,118.177895384801,0.6036762735446882,27,0
a050_i050,L448,localized,DELAY_ONLY,5,True,28,13.316557453265363,False,176.79887756139826,3.153847424363528,28,0
a050_i050,L448,localized,DELAY_ONLY,6,True,28,13.660202096870337,False,226.66285834582564,5.202216792436397,28,0
a050_i050,L448,localized,DELAY_ONLY,7,False,28,85.57885441531151,False,940.1593122957472,9.215729306279137,28,0
a050_i050,L448,localized,DELAY_ONLY,8,False,28,99.58634433797049,False,2772.0157281449565,12.564747875910076,28,0
a050_i050,L448,localized,DELAY_ONLY,9,False,28,101.2262720158612,False,3511.3442153347683,12.105650694425572,28,0
a050_i050,L448,localized,DELAY_ONLY,10,False,28,92.0551148310673,False,3257.1437265247973,9.50240789007067,28,0
a050_i050,L448,localized,DELAY_ONLY,11,False,28,82.39331338324178,False,2912.2731771391636,9.403290128723054,28,0
a050_i050,L448,localized,DELAY_ONLY,12,False,28,88.62475648311091,False,2904.200729010922,2.454627390721241,28,0
a050_i050,L448,localized,DELAY_ONLY,13,False,28,102.30359427330818,False,3462.937740004091,0.014321335574325344,23,0
a050_i050,L448,localized,DELAY_ONLY,14,False,28,103.54767224048011,False,3110.2276904059922,0.00015566152732391476,17,0
a050_i050,L448,localized,DELAY_ONLY,15,False,28,105.22941797306115,False,1709.3839953851698,1.7232548550898875e-06,12,0
a050_i050,L448,localized,SPATIAL_ONLY,0,True,28,0.0,True,0.0,0.0,0,28
a050_i050,L448,localized,SPATIAL_ONLY,1,True,28,0.0,True,0.0,0.0,0,28
a050_i050,L448,localized,SPATIAL_ONLY,2,True,28,0.0,True,0.0,0.0,0,28
a050_i050,L448,localized,SPATIAL_ONLY,3,True,28,0.0,True,0.0,0.0,0,28
a050_i050,L448,localized,SPATIAL_ONLY,4,True,28,0.0,True,0.0,0.0,0,28
a050_i050,L448,localized,SPATIAL_ONLY,5,True,28,0.0,True,0.0,0.0,0,28
a050_i050,L448,localized,SPATIAL_ONLY,6,True,28,0.0,True,0.0,0.0,0,28
a050_i050,L448,localized,SPATIAL_ONLY,7,False,28,85.57885441531151,False,914.2940276972215,0.8238456759261903,27,0
a050_i050,L448,localized,SPATIAL_ONLY,8,False,28,99.58634433797049,False,2764.567742801967,2.7244486826079606,28,0
a050_i050,L448,localized,SPATIAL_ONLY,9,False,28,101.2262720158612,False,3513.047937253384,7.824747656889695,28,0
a050_i050,L448,localized,SPATIAL_ONLY,10,False,28,92.0551148310673,False,3261.230416840833,12.107560086006373,28,0
a050_i050,L448,localized,SPATIAL_ONLY,11,False,28,82.39331338324178,False,2914.4329474085293,18.41555395566723,28,0
a050_i050,L448,localized,SPATIAL_ONLY,12,False,28,88.62475648311091,False,2906.0681545773546,16.164172822542497,28,0
a050_i050,L448,localized,SPATIAL_ONLY,13,False,28,102.30359427330818,False,3464.4249385463954,7.47446162406172,28,0
a050_i050,L448,localized,SPATIAL_ONLY,14,False,28,103.54767224048011,False,3111.1281107151362,4.849673581474566,28,0
a050_i050,L448,localized,SPATIAL_ONLY,15,False,28,105.22941797306115,False,1709.6300910399336,1.9595263221536008,28,0
a050_i050,L1056,localized,DIRECT_PHYSICAL,0,True,66,0.0,True,0.0,0.0,0,66
a050_i050,L1056,localized,DIRECT_PHYSICAL,1,True,66,0.0,True,0.0,0.0,0,66
a050_i050,L1056,localized,DIRECT_PHYSICAL,2,True,66,0.0,True,0.0,0.0,0,66
a050_i050,L1056,localized,DIRECT_PHYSICAL,3,True,66,0.0,True,0.0,0.0,0,66
a050_i050,L1056,localized,DIRECT_PHYSICAL,4,True,66,0.0,True,0.0,0.0,0,66
a050_i050,L1056,localized,DIRECT_PHYSICAL,5,True,66,0.0,True,0.0,0.0,0,66
a050_i050,L1056,localized,DIRECT_PHYSICAL,6,True,66,0.0,True,0.0,0.0,0,66
a050_i050,L1056,localized,DIRECT_PHYSICAL,7,False,66,60.63811737441047,False,842.9127498278107,0.0,15,7
a050_i050,L1056,localized,DIRECT_PHYSICAL,8,False,66,86.05325210790164,False,2658.9572552807062,1.2652496073922026e-15,26,0
a050_i050,L1056,localized,DIRECT_PHYSICAL,9,False,66,92.45138587628473,False,3459.0645721034516,0.004621390051728687,53,0
a050_i050,L1056,localized,DIRECT_PHYSICAL,10,False,66,97.7646565584037,False,3392.994955128724,0.14954568886975408,63,0
a050_i050,L1056,localized,DIRECT_PHYSICAL,11,False,66,108.05416048940697,False,3168.5868270081737,0.7176891046138252,65,0
a050_i050,L1056,localized,DIRECT_PHYSICAL,12,False,66,100.37090412204417,False,3014.8665945288312,0.1705604846147695,60,0
a050_i050,L1056,localized,DIRECT_PHYSICAL,13,False,66,91.22915706761023,False,3269.737932824525,5.1714301497135824e-15,40,0
a050_i050,L1056,localized,DIRECT_PHYSICAL,14,False,66,80.61879371680745,False,2839.58367061776,0.0,26,11
a050_i050,L1056,localized,DIRECT_PHYSICAL,15,False,66,74.46723064069423,False,1503.7561300042655,0.0,18,22
a050_i050,L1056,localized,RESOLVED_PHYSICAL,0,True,66,0.22854887511247504,False,0.5598281253126411,0.0,0,65
a050_i050,L1056,localized,RESOLVED_PHYSICAL,1,True,66,2.381002244107657,False,8.58947694926417,0.0,7,22
a050_i050,L1056,localized,RESOLVED_PHYSICAL,2,True,66,2.5994613982014854,False,16.47850137758087,0.0,18,22
a050_i050,L1056,localized,RESOLVED_PHYSICAL,3,True,66,12.74307829250297,False,55.47764504523813,0.0,24,22
a050_i050,L1056,localized,RESOLVED_PHYSICAL,4,True,66,14.737287478044134,False,207.9491568997805,4.740293881420498e-17,33,0
a050_i050,L1056,localized,RESOLVED_PHYSICAL,5,True,66,15.059533541233412,False,283.5766375038373,1.5901560866818626e-07,45,0
a050_i050,L1056,localized,RESOLVED_PHYSICAL,6,True,66,11.655541955850593,False,321.01525841858256,0.06846192104750255,60,0
a050_i050,L1056,localized,RESOLVED_PHYSICAL,7,False,66,60.63811737441047,False,880.1524126714851,0.741899318825947,65,0
a050_i050,L1056,localized,RESOLVED_PHYSICAL,8,False,66,86.05325210790164,False,2668.158518061783,0.29438502269172845,63,0
a050_i050,L1056,localized,RESOLVED_PHYSICAL,9,False,66,92.45138587628473,False,3461.755828949446,0.006845354216057184,63,0
a050_i050,L1056,localized,RESOLVED_PHYSICAL,10,False,66,97.7646565584037,False,3393.2565933749256,0.15184441315746236,64,0
a050_i050,L1056,localized,RESOLVED_PHYSICAL,11,False,66,108.05416048940697,False,3168.587364584685,0.9671149344821719,65,0
a050_i050,L1056,localized,RESOLVED_PHYSICAL,12,False,66,100.37090412204417,False,3014.8665945288312,0.1705604846147695,60,0
a050_i050,L1056,localized,RESOLVED_PHYSICAL,13,False,66,91.22915706761023,False,3269.737932824525,5.1714301497135824e-15,40,0
a050_i050,L1056,localized,RESOLVED_PHYSICAL,14,False,66,80.61879371680745,False,2839.58367061776,0.0,26,11
a050_i050,L1056,localized,RESOLVED_PHYSICAL,15,False,66,74.46723064069423,False,1503.7561300042655,0.0,18,22
a050_i050,L1056,localized,UNRESOLVED_IMAGE,0,True,66,0.005723419789153688,False,0.014019458067174218,0.0,0,65
a050_i050,L1056,localized,UNRESOLVED_IMAGE,1,True,66,0.05962608809708057,False,0.21525473946514523,0.0,0,22
a050_i050,L1056,localized,UNRESOLVED_IMAGE,2,True,66,0.3260860771813739,False,0.8664392223889399,0.0,0,22
a050_i050,L1056,localized,UNRESOLVED_IMAGE,3,True,66,5.032414445091597,False,15.36762167214788,0.0,11,5
a050_i050,L1056,localized,UNRESOLVED_IMAGE,4,True,66,5.897035500786075,False,37.621231188982684,6.002805743862293e-17,22,0
a050_i050,L1056,localized,UNRESOLVED_IMAGE,5,True,66,6.4356252073423965,False,48.27367553516974,3.7952762669347436e-09,28,0
a050_i050,L1056,localized,UNRESOLVED_IMAGE,6,True,66,3.7575548766091424,False,50.662567307115495,0.0018244007056441613,33,0
a050_i050,L1056,localized,UNRESOLVED_IMAGE,7,False,66,59.93038545455289,False,835.8525756701378,0.047696735446144806,43,0
a050_i050,L1056,localized,UNRESOLVED_IMAGE,8,False,66,85.39766131437973,False,2631.803768464256,0.045095930568147306,54,0
a050_i050,L1056,localized,UNRESOLVED_IMAGE,9,False,66,91.68359578776943,False,3422.2985515455985,0.00581088584800142,60,0
a050_i050,L1056,localized,UNRESOLVED_IMAGE,10,False,66,96.70691856895958,False,3355.8866748785645,0.14851767365863164,64,0
a050_i050,L1056,localized,UNRESOLVED_IMAGE,11,False,66,107.20041558387571,False,3134.5835617619387,0.7215782589672534,65,0
a050_i050,L1056,localized,UNRESOLVED_IMAGE,12,False,66,99.57786526384895,False,2980.866599933948,0.1687555179631168,60,0
a050_i050,L1056,localized,UNRESOLVED_IMAGE,13,False,66,90.40390750835584,False,3233.0417316573134,6.916653841608274e-16,40,0
a050_i050,L1056,localized,UNRESOLVED_IMAGE,14,False,66,79.84196885378542,False,2808.6623583715627,0.0,26,11
a050_i050,L1056,localized,UNRESOLVED_IMAGE,15,False,66,73.67762215206204,False,1487.4401051014022,0.0,18,22
a050_i050,L1056,localized,TOTAL_FLUX,0,True,66,0.00015124999702796965,False,0.0003704853163159978,0.0,0,7
a050_i050,L1056,localized,TOTAL_FLUX,1,True,66,0.005467090000017954,False,0.008046227126183607,0.0,0,4
a050_i050,L1056,localized,TOTAL_FLUX,2,True,66,0.0410510982613253,False,0.06161910120216053,5.454040002792775e-20,0,0
a050_i050,L1056,localized,TOTAL_FLUX,3,True,66,0.7923542126380468,False,0.9872293370876829,0.00027005420009419494,0,0
a050_i050,L1056,localized,TOTAL_FLUX,4,True,66,2.6858198205443706,False,5.90230432774855,0.007971048152804354,1,0
a050_i050,L1056,localized,TOTAL_FLUX,5,True,66,3.1774282844471005,False,9.789841984392444,0.018421865512679807,2,0
a050_i050,L1056,localized,TOTAL_FLUX,6,True,66,4.227782785622941,False,14.137353777786943,0.03631815941512232,3,0
a050_i050,L1056,localized,TOTAL_FLUX,7,False,66,109.00495601303165,False,226.86194444279215,0.03651570625181915,5,0
a050_i050,L1056,localized,TOTAL_FLUX,8,False,66,353.65155862836616,False,1034.6768150060093,0.3745358175243841,6,0
a050_i050,L1056,localized,TOTAL_FLUX,9,False,66,348.87132946914784,False,1430.8381894889783,1.3574275229076247,8,0
a050_i050,L1056,localized,TOTAL_FLUX,10,False,66,353.17473037506,False,1370.83733017779,3.47003992332534,8,0
a050_i050,L1056,localized,TOTAL_FLUX,11,False,66,327.6671402052507,False,1087.6346093418992,2.90650446468437,8,0
a050_i050,L1056,localized,TOTAL_FLUX,12,False,66,321.37822894458355,False,1113.2865558744686,1.7105545954509906,8,0
a050_i050,L1056,localized,TOTAL_FLUX,13,False,66,330.9355047672454,False,1310.99297104812,0.7648059570865184,7,0
a050_i050,L1056,localized,TOTAL_FLUX,14,False,66,334.6803402929183,False,1120.1511540950432,0.10157250581882563,5,0
a050_i050,L1056,localized,TOTAL_FLUX,15,False,66,206.58609034763427,False,476.81842361945706,0.0,3,4
a050_i050,L1056,localized,DELAY_ONLY,0,True,66,0.10990428813703063,False,0.37195032352719737,0.0,0,65
a050_i050,L1056,localized,DELAY_ONLY,1,True,66,1.1449732866221436,False,5.705203212591437,6.810482785520684e-50,5,0
a050_i050,L1056,localized,DELAY_ONLY,2,True,66,1.6324231541053174,False,13.301966972129083,8.052053539587662e-19,22,0
a050_i050,L1056,localized,DELAY_ONLY,3,True,66,8.19041350207733,False,45.37708736453376,2.6529042683956584e-16,43,0
a050_i050,L1056,localized,DELAY_ONLY,4,True,66,12.78148995758337,False,115.42046232325632,1.9553801769224296e-05,52,0
a050_i050,L1056,localized,DELAY_ONLY,5,True,66,13.050138943919793,False,167.59126519323814,0.053791420425003636,60,0
a050_i050,L1056,localized,DELAY_ONLY,6,True,66,13.386908440249268,False,212.3295959315995,0.6191343934896164,65,0
a050_i050,L1056,localized,DELAY_ONLY,7,False,66,60.63811737441047,False,863.6368807422706,2.3618836613170195,66,0
a050_i050,L1056,localized,DELAY_ONLY,8,False,66,86.05325210790164,False,2669.1410879910068,1.967942690488584,66,0
a050_i050,L1056,localized,DELAY_ONLY,9,False,66,92.45138587628473,False,3465.083071573319,2.8247300094972094,66,0
a050_i050,L1056,localized,DELAY_ONLY,10,False,66,97.7646565584037,False,3394.585589548508,1.6967524670472376,66,0
a050_i050,L1056,localized,DELAY_ONLY,11,False,66,108.05416048940697,False,3168.5975315572514,0.7403359706598017,65,0
a050_i050,L1056,localized,DELAY_ONLY,12,False,66,100.37090412204417,False,3014.8665945288312,0.1705604846147695,60,0
a050_i050,L1056,localized,DELAY_ONLY,13,False,66,91.22915706761023,False,3269.737932824525,5.1714301497135824e-15,40,0
a050_i050,L1056,localized,DELAY_ONLY,14,False,66,80.61879371680745,False,2839.58367061776,0.0,26,11
a050_i050,L1056,localized,DELAY_ONLY,15,False,66,74.46723064069423,False,1503.7561300042655,0.0,18,22
a050_i050,L1056,localized,SPATIAL_ONLY,0,True,66,0.0,True,0.0,0.0,0,66
a050_i050,L1056,localized,SPATIAL_ONLY,1,True,66,0.0,True,0.0,0.0,0,66
a050_i050,L1056,localized,SPATIAL_ONLY,2,True,66,0.0,True,0.0,0.0,0,66
a050_i050,L1056,localized,SPATIAL_ONLY,3,True,66,0.0,True,0.0,0.0,0,66
a050_i050,L1056,localized,SPATIAL_ONLY,4,True,66,0.0,True,0.0,0.0,0,66
a050_i050,L1056,localized,SPATIAL_ONLY,5,True,66,0.0,True,0.0,0.0,0,66
a050_i050,L1056,localized,SPATIAL_ONLY,6,True,66,0.0,True,0.0,0.0,0,66
a050_i050,L1056,localized,SPATIAL_ONLY,7,False,66,60.63811737441047,False,843.6567865985165,0.15020050562539924,54,0
a050_i050,L1056,localized,SPATIAL_ONLY,8,False,66,86.05325210790164,False,2662.4900439674343,0.7040547134318051,64,0
a050_i050,L1056,localized,SPATIAL_ONLY,9,False,66,92.45138587628473,False,3464.565215593311,2.3106671667614913,66,0
a050_i050,L1056,localized,SPATIAL_ONLY,10,False,66,97.7646565584037,False,3396.6238113545332,5.077732122637507,66,0
a050_i050,L1056,localized,SPATIAL_ONLY,11,False,66,108.05416048940697,False,3170.2006424657225,5.607041657927593,66,0
a050_i050,L1056,localized,SPATIAL_ONLY,12,False,66,100.37090412204417,False,3016.0259523662926,3.006530991178469,66,0
a050_i050,L1056,localized,SPATIAL_ONLY,13,False,66,91.22915706761023,False,3270.8040448739807,1.1298742272337599,66,0
a050_i050,L1056,localized,SPATIAL_ONLY,14,False,66,80.61879371680745,False,2840.1903674767623,0.7869905133505916,65,0
a050_i050,L1056,localized,SPATIAL_ONLY,15,False,66,74.46723064069423,False,1503.9028124616514,0.31437731230783617,59,0
a050_i050,C224,global,DIRECT_PHYSICAL,0,False,28,106.90278133740199,False,7670.157525733668,28.897233895192866,28,0
a050_i050,C224,global,DIRECT_PHYSICAL,1,False,28,104.7409680525532,False,5797.3094996571845,14.51685485550988,28,0
a050_i050,C224,global,DIRECT_PHYSICAL,2,False,28,106.86417363976672,False,5993.933065895293,14.963668039999808,28,0
a050_i050,C224,global,DIRECT_PHYSICAL,3,False,28,92.20897932577817,False,5416.018794516679,22.727443911768315,28,0
a050_i050,C224,global,DIRECT_PHYSICAL,4,False,28,106.74837843302622,False,5278.944621346185,18.243071848113573,28,0
a050_i050,C224,global,DIRECT_PHYSICAL,5,False,28,105.92522936310151,False,5614.429083022477,18.932335047573915,28,0
a050_i050,C224,global,DIRECT_PHYSICAL,6,False,28,106.55547935553437,False,5444.726551920503,21.235468778298618,28,0
a050_i050,C224,global,DIRECT_PHYSICAL,7,False,28,106.18754253451607,False,5417.605191670546,20.446218865250888,28,0
a050_i050,C224,global,RESOLVED_PHYSICAL,0,False,28,106.90278133740199,False,7694.552377366044,81.4689377988805,28,0
a050_i050,C224,global,RESOLVED_PHYSICAL,1,False,28,104.7409680525532,False,5799.18807588176,31.70285084245952,28,0
a050_i050,C224,global,RESOLVED_PHYSICAL,2,False,28,106.86417363976672,False,6021.805541720153,52.53012003890595,28,0
a050_i050,C224,global,RESOLVED_PHYSICAL,3,False,28,92.20897932577817,False,5426.580865246142,55.88185390822829,28,0
a050_i050,C224,global,RESOLVED_PHYSICAL,4,False,28,106.74837843302622,False,5297.946672256842,56.42802512392938,28,0
a050_i050,C224,global,RESOLVED_PHYSICAL,5,False,28,105.92522936310151,False,5630.430068698511,56.117733224627884,28,0
a050_i050,C224,global,RESOLVED_PHYSICAL,6,False,28,106.55547935553437,False,5460.630679358247,56.80577016089541,28,0
a050_i050,C224,global,RESOLVED_PHYSICAL,7,False,28,106.18754253451607,False,5434.870203163669,57.41091769395821,28,0
a050_i050,C224,global,UNRESOLVED_IMAGE,0,False,28,106.39830525944146,False,7637.339643073179,33.617971924200596,28,0
a050_i050,C224,global,UNRESOLVED_IMAGE,1,False,28,103.51681515600306,False,5730.392402102151,15.181228036144914,28,0
a050_i050,C224,global,UNRESOLVED_IMAGE,2,False,28,105.88745589340932,False,5952.531669322555,21.627706716116602,28,0
a050_i050,C224,global,UNRESOLVED_IMAGE,3,False,28,91.50734437753573,False,5349.967229041681,25.120943554839837,28,0
a050_i050,C224,global,UNRESOLVED_IMAGE,4,False,28,105.61137759254187,False,5218.0648935624495,21.908713504545002,28,0
a050_i050,C224,global,UNRESOLVED_IMAGE,5,False,28,105.10308584699798,False,5551.488136480459,23.155722884599612,28,0
a050_i050,C224,global,UNRESOLVED_IMAGE,6,False,28,105.39370601389506,False,5384.839440706654,23.843707845979576,28,0
a050_i050,C224,global,UNRESOLVED_IMAGE,7,False,28,105.06834900539195,False,5358.082783051299,23.431467725383495,28,0
a050_i050,C224,global,TOTAL_FLUX,0,False,28,1674.5764781269888,False,6586.8610889226,7.707730628837759e-106,1,0
a050_i050,C224,global,TOTAL_FLUX,1,False,28,1127.3401107746827,False,3773.8295491100826,1.98037897318621e-13,2,0
a050_i050,C224,global,TOTAL_FLUX,2,False,28,905.9889459142548,False,3341.9720365080852,4.688319978462744e-13,2,0
a050_i050,C224,global,TOTAL_FLUX,3,False,28,840.7019241865286,False,3161.7518534184424,3.309728580758523e-13,2,0
a050_i050,C224,global,TOTAL_FLUX,4,False,28,1125.2301783377336,False,2808.0888202511837,3.099008474412096e-13,2,0
a050_i050,C224,global,TOTAL_FLUX,5,False,28,938.4347824324976,False,2951.668032803466,5.067758562523918e-13,2,0
a050_i050,C224,global,TOTAL_FLUX,6,False,28,740.4329899529835,False,2436.259063962968,3.453048003491299e-13,2,0
a050_i050,C224,global,TOTAL_FLUX,7,False,28,791.377099814945,False,2577.971108294598,4.805500719685095e-13,2,0
a050_i050,C224,global,DELAY_ONLY,0,False,28,106.90278133740199,False,7701.106427684103,84.43168639931069,28,0
a050_i050,C224,global,DELAY_ONLY,1,False,28,104.7409680525532,False,5800.639012451573,34.683225436524474,28,0
a050_i050,C224,global,DELAY_ONLY,2,False,28,106.86417363976672,False,6019.256387932496,50.27262902223389,28,0
a050_i050,C224,global,DELAY_ONLY,3,False,28,92.20897932577817,False,5427.605465060484,60.70467017266597,28,0
a050_i050,C224,global,DELAY_ONLY,4,False,28,106.74837843302622,False,5302.56064772127,59.09803038317691,28,0
a050_i050,C224,global,DELAY_ONLY,5,False,28,105.92522936310151,False,5634.359212993445,55.525658204114166,28,0
a050_i050,C224,global,DELAY_ONLY,6,False,28,106.55547935553437,False,5466.756728913022,60.51319371396501,28,0
a050_i050,C224,global,DELAY_ONLY,7,False,28,106.18754253451607,False,5439.47027602196,59.62874952653522,28,0
a050_i050,C224,global,SPATIAL_ONLY,0,False,28,106.90278133740199,False,7694.552377366044,81.4689377988805,28,0
a050_i050,C224,global,SPATIAL_ONLY,1,False,28,104.7409680525532,False,5800.634391165776,45.79496647654994,28,0
a050_i050,C224,global,SPATIAL_ONLY,2,False,28,106.86417363976672,False,6013.4599279068225,45.9554435257983,28,0
a050_i050,C224,global,SPATIAL_ONLY,3,False,28,92.20897932577817,False,5426.492899927209,58.85235788920843,28,0
a050_i050,C224,global,SPATIAL_ONLY,4,False,28,106.74837843302622,False,5296.417737462934,54.70899935409783,28,0
a050_i050,C224,global,SPATIAL_ONLY,5,False,28,105.92522936310151,False,5632.177775806186,55.83199463289059,28,0
a050_i050,C224,global,SPATIAL_ONLY,6,False,28,106.55547935553437,False,5460.404686110076,58.529995610665594,28,0
a050_i050,C224,global,SPATIAL_ONLY,7,False,28,106.18754253451607,False,5434.8597031692525,57.529677768115526,28,0
a050_i050,C448_T,global,DIRECT_PHYSICAL,0,False,28,106.90278133740199,False,7670.157525733668,28.897233895192866,28,0
a050_i050,C448_T,global,DIRECT_PHYSICAL,1,False,28,104.7409680525532,False,5797.3094996571845,14.51685485550988,28,0
a050_i050,C448_T,global,DIRECT_PHYSICAL,2,False,28,106.86417363976672,False,5993.933065895293,14.963668039999808,28,0
a050_i050,C448_T,global,DIRECT_PHYSICAL,3,False,28,92.20897932577817,False,5416.018794516679,22.727443911768315,28,0
a050_i050,C448_T,global,DIRECT_PHYSICAL,4,False,28,106.74837843302622,False,5278.944621346185,18.243071848113573,28,0
a050_i050,C448_T,global,DIRECT_PHYSICAL,5,False,28,105.92522936310151,False,5614.429083022477,18.932335047573915,28,0
a050_i050,C448_T,global,DIRECT_PHYSICAL,6,False,28,106.55547935553437,False,5444.726551920503,21.235468778298618,28,0
a050_i050,C448_T,global,DIRECT_PHYSICAL,7,False,28,106.18754253451607,False,5417.605191670546,20.446218865250888,28,0
a050_i050,C448_T,global,DIRECT_PHYSICAL,8,False,28,106.28561573742209,False,5422.060083086753,20.68050538040988,28,0
a050_i050,C448_T,global,DIRECT_PHYSICAL,9,False,28,106.51004790219555,False,5418.5399356664375,19.56794967762565,28,0
a050_i050,C448_T,global,DIRECT_PHYSICAL,10,False,28,106.39050942557455,False,5505.248306516014,20.852900603431774,28,0
a050_i050,C448_T,global,DIRECT_PHYSICAL,11,False,28,106.20536074223072,False,5438.760305370284,20.732010842290627,28,0
a050_i050,C448_T,global,DIRECT_PHYSICAL,12,False,28,106.59457541717335,False,5461.110451742154,20.122556905346737,28,0
a050_i050,C448_T,global,DIRECT_PHYSICAL,13,False,28,106.53810381435875,False,5409.005111918059,20.494218580326166,28,0
a050_i050,C448_T,global,DIRECT_PHYSICAL,14,False,28,105.54748392163535,False,5424.259890555161,20.420278138117922,28,0
a050_i050,C448_T,global,DIRECT_PHYSICAL,15,False,28,106.66896721253471,False,5443.299629296642,20.613332656193883,28,0
a050_i050,C448_T,global,RESOLVED_PHYSICAL,0,False,28,106.90278133740199,False,7694.552377366044,81.4689377988805,28,0
a050_i050,C448_T,global,RESOLVED_PHYSICAL,1,False,28,104.7409680525532,False,5799.18807588176,31.70285084245952,28,0
a050_i050,C448_T,global,RESOLVED_PHYSICAL,2,False,28,106.86417363976672,False,6021.805541720153,52.53012003890595,28,0
a050_i050,C448_T,global,RESOLVED_PHYSICAL,3,False,28,92.20897932577817,False,5426.580865246142,55.88185390822829,28,0
a050_i050,C448_T,global,RESOLVED_PHYSICAL,4,False,28,106.74837843302622,False,5297.946672256842,56.42802512392938,28,0
a050_i050,C448_T,global,RESOLVED_PHYSICAL,5,False,28,105.92522936310151,False,5630.430068698511,56.117733224627884,28,0
a050_i050,C448_T,global,RESOLVED_PHYSICAL,6,False,28,106.55547935553437,False,5460.630679358247,56.80577016089541,28,0
a050_i050,C448_T,global,RESOLVED_PHYSICAL,7,False,28,106.18754253451607,False,5434.870203163669,57.41091769395821,28,0
a050_i050,C448_T,global,RESOLVED_PHYSICAL,8,False,28,106.28561573742209,False,5440.209195320229,59.21188819555337,28,0
a050_i050,C448_T,global,RESOLVED_PHYSICAL,9,False,28,106.51004790219555,False,5434.993119353123,55.71130718198562,28,0
a050_i050,C448_T,global,RESOLVED_PHYSICAL,10,False,28,106.39050942557455,False,5521.905261713771,58.465779569041615,28,0
a050_i050,C448_T,global,RESOLVED_PHYSICAL,11,False,28,106.20536074223072,False,5454.723110813857,57.43370138525999,28,0
a050_i050,C448_T,global,RESOLVED_PHYSICAL,12,False,28,106.59457541717335,False,5478.573535092611,57.19029554493821,28,0
a050_i050,C448_T,global,RESOLVED_PHYSICAL,13,False,28,106.53810381435875,False,5426.1492827849725,58.01103020611823,28,0
a050_i050,C448_T,global,RESOLVED_PHYSICAL,14,False,28,105.54748392163535,False,5441.440725778571,57.71112306744847,28,0
a050_i050,C448_T,global,RESOLVED_PHYSICAL,15,False,28,106.66896721253471,False,5460.431686808555,57.075064924517974,28,0
a050_i050,C448_T,global,UNRESOLVED_IMAGE,0,False,28,106.39830525944146,False,7637.339643073179,33.617971924200596,28,0
a050_i050,C448_T,global,UNRESOLVED_IMAGE,1,False,28,103.51681515600306,False,5730.392402102151,15.181228036144914,28,0
a050_i050,C448_T,global,UNRESOLVED_IMAGE,2,False,28,105.88745589340932,False,5952.531669322555,21.627706716116602,28,0
a050_i050,C448_T,global,UNRESOLVED_IMAGE,3,False,28,91.50734437753573,False,5349.967229041681,25.120943554839837,28,0
a050_i050,C448_T,global,UNRESOLVED_IMAGE,4,False,28,105.61137759254187,False,5218.0648935624495,21.908713504545002,28,0
a050_i050,C448_T,global,UNRESOLVED_IMAGE,5,False,28,105.10308584699798,False,5551.488136480459,23.155722884599612,28,0
a050_i050,C448_T,global,UNRESOLVED_IMAGE,6,False,28,105.39370601389506,False,5384.839440706654,23.843707845979576,28,0
a050_i050,C448_T,global,UNRESOLVED_IMAGE,7,False,28,105.06834900539195,False,5358.082783051299,23.431467725383495,28,0
a050_i050,C448_T,global,UNRESOLVED_IMAGE,8,False,28,105.37591948479707,False,5363.0859202208,23.9987427618192,28,0
a050_i050,C448_T,global,UNRESOLVED_IMAGE,9,False,28,105.62464223388541,False,5356.978041612607,22.547640728850133,28,0
a050_i050,C448_T,global,UNRESOLVED_IMAGE,10,False,28,105.22971753170143,False,5443.824450524883,24.615373895549606,28,0
a050_i050,C448_T,global,UNRESOLVED_IMAGE,11,False,28,105.06573306316515,False,5379.021799999118,24.204152397917213,28,0
a050_i050,C448_T,global,UNRESOLVED_IMAGE,12,False,28,105.38346205377745,False,5401.588889105307,23.751044330700303,28,0
a050_i050,C448_T,global,UNRESOLVED_IMAGE,13,False,28,105.25665827597756,False,5348.3534869882515,24.11497760079388,28,0
a050_i050,C448_T,global,UNRESOLVED_IMAGE,14,False,28,105.09784040932409,False,5364.103429263248,23.878928380596268,28,0
a050_i050,C448_T,global,UNRESOLVED_IMAGE,15,False,28,105.66552214682481,False,5384.328401960784,23.778860940474917,28,0
a050_i050,C448_T,global,TOTAL_FLUX,0,False,28,1674.5764781269888,False,6586.8610889226,7.707730628837759e-106,1,0
a050_i050,C448_T,global,TOTAL_FLUX,1,False,28,1127.3401107746827,False,3773.8295491100826,1.98037897318621e-13,2,0
a050_i050,C448_T,global,TOTAL_FLUX,2,False,28,905.9889459142548,False,3341.9720365080852,4.688319978462744e-13,2,0
a050_i050,C448_T,global,TOTAL_FLUX,3,False,28,840.7019241865286,False,3161.7518534184424,3.309728580758523e-13,2,0
a050_i050,C448_T,global,TOTAL_FLUX,4,False,28,1125.2301783377336,False,2808.0888202511837,3.099008474412096e-13,2,0
a050_i050,C448_T,global,TOTAL_FLUX,5,False,28,938.4347824324976,False,2951.668032803466,5.067758562523918e-13,2,0
a050_i050,C448_T,global,TOTAL_FLUX,6,False,28,740.4329899529835,False,2436.259063962968,3.453048003491299e-13,2,0
a050_i050,C448_T,global,TOTAL_FLUX,7,False,28,791.377099814945,False,2577.971108294598,4.805500719685095e-13,2,0
a050_i050,C448_T,global,TOTAL_FLUX,8,False,28,729.7444320832192,False,2531.907560314972,2.7803305527787787e-13,2,0
a050_i050,C448_T,global,TOTAL_FLUX,9,False,28,514.9228243794921,False,1935.869844810565,2.5783214081168705e-13,2,0
a050_i050,C448_T,global,TOTAL_FLUX,10,False,28,527.0515551330615,False,1900.3354824574344,2.556065738762951e-13,2,0
a050_i050,C448_T,global,TOTAL_FLUX,11,False,28,475.7476482359083,False,1497.2522048092205,2.8968996280004283e-13,2,0
a050_i050,C448_T,global,TOTAL_FLUX,12,False,28,341.4702387210308,False,1174.5167166353806,2.5999594825837106e-13,2,0
a050_i050,C448_T,global,TOTAL_FLUX,13,False,28,405.96142524544973,False,1126.0382403485228,1.9265454222667106e-13,2,0
a050_i050,C448_T,global,TOTAL_FLUX,14,False,28,370.22889232793676,False,1077.730698417863,2.0096352123822898e-13,2,0
a050_i050,C448_T,global,TOTAL_FLUX,15,False,28,243.6517835306489,False,771.4147160700007,2.1270896326698678e-13,2,0
a050_i050,C448_T,global,DELAY_ONLY,0,False,28,106.90278133740199,False,7701.106427684103,84.43168639931069,28,0
a050_i050,C448_T,global,DELAY_ONLY,1,False,28,104.7409680525532,False,5800.639012451573,34.683225436524474,28,0
a050_i050,C448_T,global,DELAY_ONLY,2,False,28,106.86417363976672,False,6019.256387932496,50.27262902223389,28,0
a050_i050,C448_T,global,DELAY_ONLY,3,False,28,92.20897932577817,False,5427.605465060484,60.70467017266597,28,0
a050_i050,C448_T,global,DELAY_ONLY,4,False,28,106.74837843302622,False,5302.56064772127,59.09803038317691,28,0
a050_i050,C448_T,global,DELAY_ONLY,5,False,28,105.92522936310151,False,5634.359212993445,55.525658204114166,28,0
a050_i050,C448_T,global,DELAY_ONLY,6,False,28,106.55547935553437,False,5466.756728913022,60.51319371396501,28,0
a050_i050,C448_T,global,DELAY_ONLY,7,False,28,106.18754253451607,False,5439.47027602196,59.62874952653522,28,0
a050_i050,C448_T,global,DELAY_ONLY,8,False,28,106.28561573742209,False,5444.366375673345,59.460087861000105,28,0
a050_i050,C448_T,global,DELAY_ONLY,9,False,28,106.51004790219555,False,5439.987660583622,61.00292449968899,28,0
a050_i050,C448_T,global,DELAY_ONLY,10,False,28,106.39050942557455,False,5527.1805791273355,57.31284030180214,28,0
a050_i050,C448_T,global,DELAY_ONLY,11,False,28,106.20536074223072,False,5460.557048178654,59.905364149411284,28,0
a050_i050,C448_T,global,DELAY_ONLY,12,False,28,106.59457541717335,False,5482.898051421269,60.82770063259735,28,0
a050_i050,C448_T,global,DELAY_ONLY,13,False,28,106.53810381435875,False,5430.971923464592,59.4572810592681,28,0
a050_i050,C448_T,global,DELAY_ONLY,14,False,28,105.54748392163535,False,5446.170457803201,59.794875123355745,28,0
a050_i050,C448_T,global,DELAY_ONLY,15,False,28,106.66896721253471,False,5464.956135691941,58.96159102895661,28,0
a050_i050,C448_T,global,SPATIAL_ONLY,0,False,28,106.90278133740199,False,7694.552377366044,81.4689377988805,28,0
a050_i050,C448_T,global,SPATIAL_ONLY,1,False,28,104.7409680525532,False,5800.634391165776,45.79496647654994,28,0
a050_i050,C448_T,global,SPATIAL_ONLY,2,False,28,106.86417363976672,False,6013.4599279068225,45.9554435257983,28,0
a050_i050,C448_T,global,SPATIAL_ONLY,3,False,28,92.20897932577817,False,5426.492899927209,58.85235788920843,28,0
a050_i050,C448_T,global,SPATIAL_ONLY,4,False,28,106.74837843302622,False,5296.417737462934,54.70899935409783,28,0
a050_i050,C448_T,global,SPATIAL_ONLY,5,False,28,105.92522936310151,False,5632.177775806186,55.83199463289059,28,0
a050_i050,C448_T,global,SPATIAL_ONLY,6,False,28,106.55547935553437,False,5460.404686110076,58.529995610665594,28,0
a050_i050,C448_T,global,SPATIAL_ONLY,7,False,28,106.18754253451607,False,5434.8597031692525,57.529677768115526,28,0
a050_i050,C448_T,global,SPATIAL_ONLY,8,False,28,106.28561573742209,False,5439.902144290226,58.29473572303339,28,0
a050_i050,C448_T,global,SPATIAL_ONLY,9,False,28,106.51004790219555,False,5435.1087482275225,57.57484231933168,28,0
a050_i050,C448_T,global,SPATIAL_ONLY,10,False,28,106.39050942557455,False,5522.579573109679,57.422685334213675,28,0
a050_i050,C448_T,global,SPATIAL_ONLY,11,False,28,106.20536074223072,False,5454.5684523743475,57.65113377006444,28,0
a050_i050,C448_T,global,SPATIAL_ONLY,12,False,28,106.59457541717335,False,5478.655452597877,57.550839956029016,28,0
a050_i050,C448_T,global,SPATIAL_ONLY,13,False,28,106.53810381435875,False,5426.037916679906,57.55700871816831,28,0
a050_i050,C448_T,global,SPATIAL_ONLY,14,False,28,105.54748392163535,False,5441.427421613729,57.59779269168918,28,0
a050_i050,C448_T,global,SPATIAL_ONLY,15,False,28,106.66896721253471,False,5460.460575198421,57.65204774280646,28,0
a050_i050,C1056_ST,global,DIRECT_PHYSICAL,0,False,66,111.5186888465751,False,7247.943810045567,1.3738113401862173,66,0
a050_i050,C1056_ST,global,DIRECT_PHYSICAL,1,False,66,77.29277199427581,False,5326.1149050480535,0.6501925228657068,65,0
a050_i050,C1056_ST,global,DIRECT_PHYSICAL,2,False,66,90.57670615222375,False,5756.108999944376,0.8108941058931955,65,0
a050_i050,C1056_ST,global,DIRECT_PHYSICAL,3,False,66,111.41062090219077,False,5649.8301481825865,1.2579877488633713,66,0
a050_i050,C1056_ST,global,DIRECT_PHYSICAL,4,False,66,111.17516557295446,False,5097.223363541452,0.7533904003459433,65,0
a050_i050,C1056_ST,global,DIRECT_PHYSICAL,5,False,66,107.55344672013554,False,5439.673887923933,0.9569877838474261,65,0
a050_i050,C1056_ST,global,DIRECT_PHYSICAL,6,False,66,111.0866265169918,False,5107.518239378431,1.027356946716689,66,0
a050_i050,C1056_ST,global,DIRECT_PHYSICAL,7,False,66,110.29575619184367,False,5123.1836494539375,0.9769753699782371,65,0
a050_i050,C1056_ST,global,DIRECT_PHYSICAL,8,False,66,110.14671213708131,False,5125.378489169617,0.9594617966866082,65,0
a050_i050,C1056_ST,global,DIRECT_PHYSICAL,9,False,66,110.54733362890603,False,5142.081071053152,0.9108299201564574,65,0
a050_i050,C1056_ST,global,DIRECT_PHYSICAL,10,False,66,108.40033114312156,False,5165.140445368351,1.058188724961432,66,0
a050_i050,C1056_ST,global,DIRECT_PHYSICAL,11,False,66,111.41753919534598,False,5114.949493801262,0.9309198645271989,65,0
a050_i050,C1056_ST,global,DIRECT_PHYSICAL,12,False,66,109.79378744882052,False,5148.8944660292655,0.9477810931686034,65,0
a050_i050,C1056_ST,global,DIRECT_PHYSICAL,13,False,66,111.26775041193771,False,5115.576649164647,0.9951103174727387,65,0
a050_i050,C1056_ST,global,DIRECT_PHYSICAL,14,False,66,106.65377999704924,False,5125.2098051273,0.9754081900851111,65,0
a050_i050,C1056_ST,global,DIRECT_PHYSICAL,15,False,66,108.82744843484345,False,5130.565073741397,0.9744216558968274,65,0
a050_i050,C1056_ST,global,RESOLVED_PHYSICAL,0,False,66,111.5186888465751,False,7265.778805093048,13.841369815736748,66,0
a050_i050,C1056_ST,global,RESOLVED_PHYSICAL,1,False,66,77.29277199427581,False,5327.309174290021,4.463805769875064,66,0
a050_i050,C1056_ST,global,RESOLVED_PHYSICAL,2,False,66,90.57670615222375,False,5776.908481652143,9.16113511934468,66,0
a050_i050,C1056_ST,global,RESOLVED_PHYSICAL,3,False,66,111.41062090219077,False,5654.378032902234,9.598631675020544,66,0
a050_i050,C1056_ST,global,RESOLVED_PHYSICAL,4,False,66,111.17516557295446,False,5107.413288784322,9.343995583781446,66,0
a050_i050,C1056_ST,global,RESOLVED_PHYSICAL,5,False,66,107.55344672013554,False,5450.844637212709,8.930020216810458,66,0
a050_i050,C1056_ST,global,RESOLVED_PHYSICAL,6,False,66,111.0866265169918,False,5119.03786106379,10.213108330230188,66,0
a050_i050,C1056_ST,global,RESOLVED_PHYSICAL,7,False,66,110.29575619184367,False,5135.708894505497,9.806312838158446,66,0
a050_i050,C1056_ST,global,RESOLVED_PHYSICAL,8,False,66,110.14671213708131,False,5138.677132157567,9.931568161896735,66,0
a050_i050,C1056_ST,global,RESOLVED_PHYSICAL,9,False,66,110.54733362890603,False,5154.197475960293,9.252270615399802,66,0
a050_i050,C1056_ST,global,RESOLVED_PHYSICAL,10,False,66,108.40033114312156,False,5177.507257133082,10.105986507598882,66,0
a050_i050,C1056_ST,global,RESOLVED_PHYSICAL,11,False,66,111.41753919534598,False,5127.316135227544,9.776850815225847,66,0
a050_i050,C1056_ST,global,RESOLVED_PHYSICAL,12,False,66,109.79378744882052,False,5161.562048480547,9.60792261336465,66,0
a050_i050,C1056_ST,global,RESOLVED_PHYSICAL,13,False,66,111.26775041193771,False,5128.128483525565,9.778501160368068,66,0
a050_i050,C1056_ST,global,RESOLVED_PHYSICAL,14,False,66,106.65377999704924,False,5137.787114775328,9.762631557522592,66,0
a050_i050,C1056_ST,global,RESOLVED_PHYSICAL,15,False,66,108.82744843484345,False,5143.216645506228,10.005932547127964,66,0
a050_i050,C1056_ST,global,UNRESOLVED_IMAGE,0,False,66,110.63758191937916,False,7210.221578866421,5.880221745527875,66,0
a050_i050,C1056_ST,global,UNRESOLVED_IMAGE,1,False,66,76.68207701010971,False,5264.871022060985,1.9101954203714875,66,0
a050_i050,C1056_ST,global,UNRESOLVED_IMAGE,2,False,66,89.82624969376023,False,5710.58552491756,3.9600981598856215,66,0
a050_i050,C1056_ST,global,UNRESOLVED_IMAGE,3,False,66,110.530353886591,False,5585.076028132409,4.530843569866507,66,0
a050_i050,C1056_ST,global,UNRESOLVED_IMAGE,4,False,66,110.29675503693174,False,5035.314737743178,3.4770634986252986,66,0
a050_i050,C1056_ST,global,UNRESOLVED_IMAGE,5,False,66,106.70365285159554,False,5376.378303734805,3.834615703615886,66,0
a050_i050,C1056_ST,global,UNRESOLVED_IMAGE,6,False,66,110.2089204846008,False,5050.092879750974,4.172371271119348,66,0
a050_i050,C1056_ST,global,UNRESOLVED_IMAGE,7,False,66,109.4243032667334,False,5064.834290421678,4.1081457627680855,66,0
a050_i050,C1056_ST,global,UNRESOLVED_IMAGE,8,False,66,109.276437075551,False,5067.532372332234,4.195285568686981,66,0
a050_i050,C1056_ST,global,UNRESOLVED_IMAGE,9,False,66,109.67389153211013,False,5083.3155312707695,3.8414712746688418,66,0
a050_i050,C1056_ST,global,UNRESOLVED_IMAGE,10,False,66,107.54384813053782,False,5107.6458833670595,4.261582652426624,66,0
a050_i050,C1056_ST,global,UNRESOLVED_IMAGE,11,False,66,110.53721031287455,False,5057.662097839566,4.116504884817087,66,0
a050_i050,C1056_ST,global,UNRESOLVED_IMAGE,12,False,66,108.92628664954518,False,5091.38880483061,4.103086428142972,66,0
a050_i050,C1056_ST,global,UNRESOLVED_IMAGE,13,False,66,110.38860715414222,False,5058.1488370986135,4.157045298999365,66,0
a050_i050,C1056_ST,global,UNRESOLVED_IMAGE,14,False,66,105.81110263413281,False,5068.420228944525,4.148693026118982,66,0
a050_i050,C1056_ST,global,UNRESOLVED_IMAGE,15,False,66,107.96759761818208,False,5074.413382279045,4.139241466971909,66,0
a050_i050,C1056_ST,global,TOTAL_FLUX,0,False,66,1491.5191797834289,False,6187.06919231176,6.082592762081136e-107,1,0
a050_i050,C1056_ST,global,TOTAL_FLUX,1,False,66,1001.2845539350569,False,3504.915728368634,3.039737729790381e-13,2,0
a050_i050,C1056_ST,global,TOTAL_FLUX,2,False,66,820.7057879018851,False,3203.4300418622415,2.495828021766274e-13,2,0
a050_i050,C1056_ST,global,TOTAL_FLUX,3,False,66,889.3163475357198,False,3278.0902722631827,2.866022363482292e-13,2,0
a050_i050,C1056_ST,global,TOTAL_FLUX,4,False,66,1016.0649377605677,False,2717.6878437379055,4.53689190322805e-13,2,0
a050_i050,C1056_ST,global,TOTAL_FLUX,5,False,66,872.8736831358267,False,2879.2010585468347,5.458485561403724e-13,2,0
a050_i050,C1056_ST,global,TOTAL_FLUX,6,False,66,658.2840122010962,False,2349.8479816958857,3.929033870530814e-13,2,0
a050_i050,C1056_ST,global,TOTAL_FLUX,7,False,66,704.5261064526064,False,2449.915722122126,5.038100602175496e-13,2,0
a050_i050,C1056_ST,global,TOTAL_FLUX,8,False,66,693.3803278134097,False,2494.2830398674346,3.901554364861534e-13,2,0
a050_i050,C1056_ST,global,TOTAL_FLUX,9,False,66,551.8721401962885,False,2068.281394777005,4.716937706247994e-13,2,0
a050_i050,C1056_ST,global,TOTAL_FLUX,10,False,66,458.64856949283785,False,2018.0251453520075,3.7994548754433427e-13,2,0
a050_i050,C1056_ST,global,TOTAL_FLUX,11,False,66,461.31433743663706,False,1755.7158869189848,5.277159406177882e-13,2,0
a050_i050,C1056_ST,global,TOTAL_FLUX,12,False,66,373.0743249737962,False,1582.3627269172498,4.561232551141135e-13,2,0
a050_i050,C1056_ST,global,TOTAL_FLUX,13,False,66,329.94706647511964,False,1492.9381140557773,4.5774066483878e-13,2,0
a050_i050,C1056_ST,global,TOTAL_FLUX,14,False,66,330.3259580267157,False,1431.2471491293222,3.970644979196847e-13,2,0
a050_i050,C1056_ST,global,TOTAL_FLUX,15,False,66,316.2620567398305,False,1152.8300515017247,4.331413612892968e-13,2,0
a050_i050,C1056_ST,global,DELAY_ONLY,0,False,66,111.5186888465751,False,7275.221480583325,25.626087550747844,66,0
a050_i050,C1056_ST,global,DELAY_ONLY,1,False,66,77.29277199427581,False,5329.143220795812,8.246855297123908,66,0
a050_i050,C1056_ST,global,DELAY_ONLY,2,False,66,90.57670615222375,False,5778.118038048288,19.818985867101453,66,0
a050_i050,C1056_ST,global,DELAY_ONLY,3,False,66,111.41062090219077,False,5659.219527229255,18.142288019099855,66,0
a050_i050,C1056_ST,global,DELAY_ONLY,4,False,66,111.17516557295446,False,5116.26483655663,16.932940423885658,66,0
a050_i050,C1056_ST,global,DELAY_ONLY,5,False,66,107.55344672013554,False,5456.363688286216,18.15976870922924,66,0
a050_i050,C1056_ST,global,DELAY_ONLY,6,False,66,111.0866265169918,False,5126.780649528367,18.326852043859287,66,0
a050_i050,C1056_ST,global,DELAY_ONLY,7,False,66,110.29575619184367,False,5142.418179127328,18.14647060111746,66,0
a050_i050,C1056_ST,global,DELAY_ONLY,8,False,66,110.14671213708131,False,5145.226256844672,18.047486211534114,66,0
a050_i050,C1056_ST,global,DELAY_ONLY,9,False,66,110.54733362890603,False,5160.7124595501955,17.624520210679396,66,0
a050_i050,C1056_ST,global,DELAY_ONLY,10,False,66,108.40033114312156,False,5184.529550886774,18.86613764706226,66,0
a050_i050,C1056_ST,global,DELAY_ONLY,11,False,66,111.41753919534598,False,5134.26038558173,17.449020720080977,66,0
a050_i050,C1056_ST,global,DELAY_ONLY,12,False,66,109.79378744882052,False,5168.1400887385,18.224739716955902,66,0
a050_i050,C1056_ST,global,DELAY_ONLY,13,False,66,111.26775041193771,False,5134.879366120925,18.238477281300984,66,0
a050_i050,C1056_ST,global,DELAY_ONLY,14,False,66,106.65377999704924,False,5144.516362769085,18.171623455290362,66,0
a050_i050,C1056_ST,global,DELAY_ONLY,15,False,66,108.82744843484345,False,5149.7061423795185,17.832918390702734,66,0
a050_i050,C1056_ST,global,SPATIAL_ONLY,0,False,66,111.5186888465751,False,7265.778805093048,13.841369815736748,66,0
a050_i050,C1056_ST,global,SPATIAL_ONLY,1,False,66,77.29277199427581,False,5328.576896811574,7.509890950307324,66,0
a050_i050,C1056_ST,global,SPATIAL_ONLY,2,False,66,90.57670615222375,False,5768.912547298185,7.355608967586577,66,0
a050_i050,C1056_ST,global,SPATIAL_ONLY,3,False,66,111.41062090219077,False,5656.204435424945,11.362815164864685,66,0
a050_i050,C1056_ST,global,SPATIAL_ONLY,4,False,66,111.17516557295446,False,5106.230740594064,8.699679214749223,66,0
a050_i050,C1056_ST,global,SPATIAL_ONLY,5,False,66,107.55344672013554,False,5451.794801494477,9.340795738173547,66,0
a050_i050,C1056_ST,global,SPATIAL_ONLY,6,False,66,111.0866265169918,False,5118.959322355043,10.182003534272553,66,0
a050_i050,C1056_ST,global,SPATIAL_ONLY,7,False,66,110.29575619184367,False,5135.689696934369,9.803291902194756,66,0
a050_i050,C1056_ST,global,SPATIAL_ONLY,8,False,66,110.14671213708131,False,5138.637354186505,9.903043247419284,66,0
a050_i050,C1056_ST,global,SPATIAL_ONLY,9,False,66,110.54733362890603,False,5154.236181392353,9.332796646293819,66,0
a050_i050,C1056_ST,global,SPATIAL_ONLY,10,False,66,108.40033114312156,False,5177.891064400094,10.088523783579438,66,0
a050_i050,C1056_ST,global,SPATIAL_ONLY,11,False,66,111.41753919534598,False,5127.201781851288,9.8990551224945,66,0
a050_i050,C1056_ST,global,SPATIAL_ONLY,12,False,66,109.79378744882052,False,5161.714127342127,9.467390616712969,66,0
a050_i050,C1056_ST,global,SPATIAL_ONLY,13,False,66,111.26775041193771,False,5128.018204037486,9.837789621171142,66,0
a050_i050,C1056_ST,global,SPATIAL_ONLY,14,False,66,106.65377999704924,False,5137.783394602272,9.776025816708241,66,0
a050_i050,C1056_ST,global,SPATIAL_ONLY,15,False,66,108.82744843484345,False,5143.1984429499735,9.892959180306367,66,0
