source_class,bank,family,split,index,content_hash,achieved_structure_fraction,level_fraction,target_structure_fraction,representation_floor,in_class_residual,reprojection_residual_relative,min_value,negative_mass_relative,achievable
L224,constant_flux_structural,circular_single_hotspot,selection,0,29a12f5362906cff09112020bb4c0c93a5c9fe07db2139d5a179a023492a5790,0.7094532819734434,0.7047524676772049,,1.0838243528727341e-15,0.0,0.15654723570111193,0.0,0.0,True
L224,constant_flux_structural,circular_single_hotspot,selection,1,d236bfac1a8545c55b24ecfe95f276111b2e31f4a41802f1374f6f38d34460c7,0.9226811407977049,0.38556388889034443,,1.2939286398292212e-15,0.0,0.1561229514099262,-4.594901424272142,0.21489546753171435,True
L224,constant_flux_structural,circular_single_hotspot,selection,2,b29d2b46906b1051ac11a934a75e8ccd14c6491067713915e3af901b9a03db57,0.9177944231592944,0.39705591145038766,,1.1396955833896446e-15,0.0,0.1565319530395712,-1.8307657693889827,0.10323383250086224,True
L224,constant_flux_structural,circular_single_hotspot,selection,3,197eba50310d523d32a4832233b5ba7fad23a5915244f96899b6c598fe67af33,0.7654308777961962,0.6435181204256369,,1.573734770573329e-15,0.0,0.15649106604256804,-0.9515985626497525,0.08484532110725267,True
L224,constant_flux_structural,circular_single_hotspot,selection,4,ffebe2a659a48c5bc58444396e9f2fd2c7370c3d6ee32dfa06fa37870a450526,0.7328614704679465,0.680377884049415,,1.8695582178469484e-15,0.0,0.15606845428120972,-0.40301640987532594,0.040408826865689286,True
L224,constant_flux_structural,circular_single_hotspot,selection,5,b5129b7b20061723dbb626eadd71ea327f14441bfff43f6fd243a96e21a22311,0.8689724115512362,0.4948605338505275,,2.1072300269600394e-15,0.0,0.1545878271921643,-1.719429782068389,0.12238297188771664,True
L224,constant_flux_structural,circular_single_hotspot,selection,6,2c1309d801865f89d8545d7188803c4f2b47da5a78b88382428765110bcbb583,0.8900247301484842,0.4559122500263817,,1.4573418431857104e-15,0.0,0.15658535232420026,-2.7507092602163437,0.24136932381209333,True
L224,constant_flux_structural,circular_single_hotspot,selection,7,fb6ee6e0c06582ef0f3df3c8fc997a4dda93a0eb7ec427f5e17da21bed258bda,0.6443995450638653,0.7646889735843478,,2.4904527521363296e-15,0.0,0.15635174465997567,-0.3658219755002892,0.045750649255809614,True
L224,constant_flux_structural,circular_single_hotspot,pilot,0,521b890ecd4baf0a0c33a11c3ae7847932c9f594bde7f10ba84d2526657250c8,0.8271391303448485,0.5619972055556572,,1.029037870356705e-15,0.0,0.15664236162321363,-1.0910230351797405,0.11650537825528752,True
L224,constant_flux_structural,circular_single_hotspot,pilot,1,51cbc08af0ffa6ac821fda7b4f4446c8e2b9e811d0f1c2d6f02d57f2ecdd1742,0.6682352305615056,0.743950049826204,,1.5020748897171818e-15,0.0,0.15649916064339217,-0.08155349834233556,0.009217407966121362,True
L224,constant_flux_structural,circular_single_hotspot,pilot,2,ea50b959363e061ba21c184003dc34ec580ae30a9abc5705d2c8a7edfb81d57b,0.6442042877685851,0.7648534733009781,,1.330429678503549e-15,0.0,0.15654623474185134,-0.011373790944921448,0.001439040094041251,True
L224,constant_flux_structural,circular_single_hotspot,pilot,3,c45f9d359d77c9ba983c34fc7fd459cfd352546d01f0b63e3c525d39861b87e7,0.8374201866535536,0.5465596316826989,,1.3824288790540596e-15,0.0,0.15651460149475419,-2.083357227546991,0.15649510538563197,True
L224,constant_flux_structural,circular_single_hotspot,pilot,4,8fca56e82c2d328bb614b561e9261db4b559be26e31ec89a3d3a27421ab6d63a,0.8783331518275675,0.47804902928533505,,1.4139451675440144e-15,0.0,0.156502708973853,-2.0872813092834117,0.2037861955185946,True
L224,constant_flux_structural,circular_single_hotspot,pilot,5,123dace81d3b9b6646ce09cedf0a93ad782b4e0bc5d0e54c70a770cbd7d65c68,0.8838805602444905,0.46771268447828707,,2.1481452254344846e-15,0.0,0.15572731868428039,-0.82902546299402,0.04658975192658729,True
L224,constant_flux_structural,circular_single_hotspot,pilot,6,c780b2e0cac3911a444be334bb064806e268cfe073cb46bc09467e48573cc798,0.7579241391848337,0.6523427007646586,,1.3738499788058127e-15,0.0,0.15652135892608848,-0.9002094940239943,0.08433670615375026,True
L224,constant_flux_structural,circular_single_hotspot,pilot,7,528941ca38618b832cb4f3b77ea1bbf015cc55ac90c2178b9121e1d9e305b8d9,0.8628043448072681,0.505537993212875,,1.25665488284308e-15,0.0,0.15650253724484126,-2.091743542209386,0.22388086336087654,True
L224,constant_flux_structural,circular_two_hotspots,selection,0,4ded28aa3be2240d607f7269c4bb1a7cd5f7334c06fed9a37bfceb12a98f2c4b,0.7076323940157214,0.7065807773634794,,1.2047574413272298e-15,0.0,0.15750176058289517,-0.767714265191604,0.08145189667986252,True
L224,constant_flux_structural,circular_two_hotspots,selection,1,8570fb78c76a8fe898510d4e3ac8cd9f485e8e23c3535e08db856e4e4328e03a,0.8066605683642681,0.5910149976491594,,1.308294419797885e-15,0.0,0.1552186191717679,-0.1897369713973893,0.010320215303550536,True
L224,constant_flux_structural,circular_two_hotspots,selection,2,71dfe0a9da7ebc5c36cdff6eb244f3daf76ad9d6a76726005053db6afb7dc01d,0.7747540387971783,0.6322627455160238,,1.2464504065839452e-15,0.0,0.15302385814520597,-1.069507704277955,0.1411921756175391,True
L224,constant_flux_structural,circular_two_hotspots,selection,3,9a341cf5d2f4a6118e947d9c8de29024df0cdfb6e94e19d3a30c0221865b2599,0.7068406633677174,0.7073727988902918,,1.5059956811657818e-15,0.0,0.1601380466715509,-0.5782566837286921,0.07738740470206859,True
L224,constant_flux_structural,circular_two_hotspots,selection,4,1e8a11518232e34ba0b0538300177cd7ed3d57e7f68496e101b45ed1402c1ae0,0.709388717381906,0.7048174569711325,,1.2218818228009119e-15,0.0,0.1647798543549342,-0.3690263711530545,0.024218416116810675,True
L224,constant_flux_structural,circular_two_hotspots,selection,5,a38ae193759ce694e2a494fbf76d7c6ec0b1343513485771f0101b67d174b9da,0.732129688916858,0.6811652652671778,,2.491821940101113e-15,0.0,0.15160601217996061,-0.5514221451667687,0.06502900505603873,True
L224,constant_flux_structural,circular_two_hotspots,selection,6,50d92aa9d8586c5620ed36cab61a3602d880eb211fcedd84847d6561de02e568,0.7000772893605717,0.7140670759260326,,1.243810400614823e-15,0.0,0.15954818859621409,-0.8238580491991605,0.09829880854028707,True
L224,constant_flux_structural,circular_two_hotspots,selection,7,796536ba905c663f7db2d2df45eb7dc0126d56315af0a04d16a5fe0fed81adc7,0.6766086125563098,0.7363428450216825,,1.250548947936602e-15,0.0,0.15678600959893052,-0.637113545214468,0.08379202480479331,True
L224,constant_flux_structural,circular_two_hotspots,pilot,0,b90223bcb60917a09fb24553021e2e55c6e95e3ee38e4bfc057210b9cb116480,0.6198171443848243,0.7847462695206916,,1.816154656088461e-15,0.0,0.15194980434550642,-0.23492694919173548,0.01855408619248785,True
L224,constant_flux_structural,circular_two_hotspots,pilot,1,cd91a0de4b0fb6ab7eab674507e394375eec21982c65efe6c8891fed47bebf88,0.6474966291290892,0.7620683140417706,,1.661845531853417e-15,0.0,0.15517155682492847,-0.4565279855813222,0.06443164632707638,True
L224,constant_flux_structural,circular_two_hotspots,pilot,2,aaa276e58f1e929746c43812a784e297a09c86b2efa59fd0417ddd2ef1c14780,0.5966734934708618,0.802484107125666,,1.4606114552702287e-15,0.0,0.15407582309097284,-0.4797976985380556,0.060848023886336464,True
L224,constant_flux_structural,circular_two_hotspots,pilot,3,1ae1c5f509c4083020fe3dd9489af827ab00cffeb1bdfdbb6b371fec8784b701,0.5308515653709472,0.8474648166993217,,1.4443627182114632e-15,0.0,0.1544888452222855,-0.30584955659425045,0.050793274409933614,True
L224,constant_flux_structural,circular_two_hotspots,pilot,4,9813aff73909556f88b013c9af922c82c6c98a12ff9fc2adf3c65d3b38b7b858,0.8090670498546468,0.5877163506654366,,1.0455999397467272e-15,0.0,0.16052502983279218,-1.43121151755635,0.13396134440544918,True
L224,constant_flux_structural,circular_two_hotspots,pilot,5,5612c11539699c764c5fd736523bd4ca688fc125c9ec399446a5551b27cdc27f,0.7460262127772657,0.6659165787463246,,1.6707407185588029e-15,0.0,0.16350076666017835,-1.4380216541166797,0.10932485737801019,True
L224,constant_flux_structural,circular_two_hotspots,pilot,6,5d278f1f556b4ca7ef64d60f6d2d8a550cf453fbab6579bf0111b662a07f4e82,0.887635186574709,0.4605472565920696,,1.3464721086532438e-15,0.0,0.15339582120142725,-2.2663450189579337,0.19157074350461364,True
L224,constant_flux_structural,circular_two_hotspots,pilot,7,c2f6a7ec8f6acbb024d9814a830cf1ad8a012cd432185a512b0e7023910030aa,0.7679089728953493,0.640558981942186,,1.347901276494028e-15,0.0,0.15728129866007504,-0.014371642682779184,0.0010548076647392992,True
L224,constant_flux_structural,circular_crescent,selection,0,1d07ef96a7a8c7790f9241641d0b895a6d860590a9422ef273dcc2e3e769a09b,0.5365470852283487,0.8438703842018412,,1.926835523779264e-15,0.0,0.1565199194993573,-0.31820730320578644,0.049050661827529624,True
L224,constant_flux_structural,circular_crescent,selection,1,5e907274c1d173042069f42a7b41709efe76eee5aadde6c909dfc1d6ec355912,0.6106364314317807,0.7919110736744753,,4.01339695972344e-15,0.0,0.15609752198924123,-0.3366616381795318,0.0469452410609044,True
L224,constant_flux_structural,circular_crescent,selection,2,641b3fc35b5bef22f1a451300189ea8bc7a868653ed6b9ec51da19fa1378f1a2,0.45786258713491984,0.8890229756885465,,2.8359620560793093e-15,0.0,0.1564949182059924,-0.1266119278183663,0.022395130365063774,True
L224,constant_flux_structural,circular_crescent,selection,3,80860cfae766c4eacd39f76a0c6d586256d97bc0bd26d2ff03260b3ae944291c,0.680086907157387,0.7331315016510338,,2.5815608941741667e-15,0.0,0.15611347349571839,-0.3425171102839123,0.04474824871883477,True
L224,constant_flux_structural,circular_crescent,selection,4,9c5d349e849773245727b0660c4a9da75310f391a63133ea3eb7bf1f088884c0,0.6015986051387027,0.7987985467532895,,1.3666033509683482e-15,0.0,0.15651019812355502,-0.418234322227137,0.055501212500012914,True
L224,constant_flux_structural,circular_crescent,selection,5,8736bdeb4c30e02cdbb743436bf398f329bbdd5bf4a5bc5c6eec813564959c56,0.6656796614456165,0.7462376218991169,,1.7958982281573418e-15,0.0,0.15650076898592918,-0.23252279574347404,0.029727706511042683,True
L224,constant_flux_structural,circular_crescent,selection,6,4329aee6196c87c77dfecc51ef8d2c977e05e60bda977fc20f54948def451f01,0.8669937821321945,0.498318955834627,,1.0705911608785427e-15,0.0,0.1565329363266147,-1.9351426504217384,0.21144118604622533,True
L224,constant_flux_structural,circular_crescent,selection,7,9f8d93d7f32e96b27dd4dac05dea75a57e8ba9b5fe8df35b0a605dfdb3953f24,0.8308327844554174,0.556522132780052,,1.5923972397387377e-15,0.0,0.15643080773291795,-1.1079513935109602,0.14850343483249703,True
L224,constant_flux_structural,circular_crescent,pilot,0,1015ec9a253a083c8c46b194ebc550fa3e02db6fb7ffb3ae58bf44ffca3f3796,0.5628411059994753,0.8265651150377007,,2.6375974183878718e-15,0.0,0.15631160867693475,-0.40262343772366754,0.05777020456019686,True
L224,constant_flux_structural,circular_crescent,pilot,1,7ea6264f65d2a1cfdb34cc70e0cb762e3659ba5ad1c020d2bf0cb0fe172d4533,0.8065716209810826,0.5911363803962236,,1.3824580002387596e-15,0.0,0.15654801855871742,-1.6258085457473552,0.16083026834231695,True
L224,constant_flux_structural,circular_crescent,pilot,2,df0bced35ad9e19305a74ada72fdc7456c6388d731fab6c129d50a39317f6ce5,0.6275579709085664,0.7785698383248114,,2.012137721860381e-15,0.0,0.15644051613688617,-0.35467051407803935,0.048085299797869976,True
L224,constant_flux_structural,circular_crescent,pilot,3,f6f6d62685276bf9abdbae617150ce040a0f4447b8de8a14557b587c27e0b5e5,0.7558070906864124,0.6547943506690793,,1.3433454865837186e-15,0.0,0.1565698627154792,-1.1533054462197374,0.14520607091127458,True
L224,constant_flux_structural,circular_crescent,pilot,4,cdbead558a64148134c21c89f41b83827f1aacaf256f8b6eaae0b67b14f50119,0.6162687753248332,0.7875359017591708,,3.5036043707044926e-15,0.0,0.15613102834508627,-0.10003059294722365,0.017874232164712272,True
L224,constant_flux_structural,circular_crescent,pilot,5,fdab665b42d9698b14a6b0abfc931d82802ec8d72d33f6906b086f6957677705,0.6211031016215082,0.7837288671193262,,1.6385721222880121e-15,0.0,0.15656551313951333,-0.8454966701869827,0.12756179692368644,True
L224,constant_flux_structural,circular_crescent,pilot,6,cf056254e0a405c90d11c49853793694419025e90524beff209d23b5d1163e95,0.6262478294328182,0.7796240479427785,,1.5297193172475691e-15,0.0,0.15640449154146155,-0.2344279302402252,0.03255883280806492,True
L224,constant_flux_structural,circular_crescent,pilot,7,88253bce12026c24538a07bdd6f928f451ac6cf281dad0d5097be8d3d2833b4d,0.5868046374772704,0.8097285455232323,,1.1248413210029084e-15,0.0,0.15656580588197883,0.0,0.0,True
L224,constant_flux_structural,plunging_hotspot,selection,0,4ad4d57dc570276038c60802422778fbdb09aba335e4a4f630e644a516956e6e,0.9152540952454868,0.40287707943784207,,1.5655594249367813e-15,0.0,0.15529304908416217,-3.827447280087599,0.2840968947612604,True
L224,constant_flux_structural,plunging_hotspot,selection,1,f3d139a9f9ab34d5b18a23b896a5c276938eabeb8e10d36df00fecf2c490f143,0.8762989156238523,0.48176779725969704,,1.5936569965027123e-15,0.0,0.1551882829254144,-0.42822447699435323,0.04913408078502252,True
L224,constant_flux_structural,plunging_hotspot,selection,2,0dfaa04120416dfae0ca9e694d292aaa415351cf615d12293e2500dd14c0c1eb,0.9221926568063057,0.386730789739487,,1.900681665105536e-15,0.0,0.1557192013154395,-2.2820937162631547,0.08142641020493473,True
L224,constant_flux_structural,plunging_hotspot,selection,3,046f8cc7edff4c374a871bbce29d685b3aa2d7d267e416522a4d4c19b2c4abf3,0.8593329523975759,0.5114165395484053,,1.6554142768747735e-15,0.0,0.15501742008109115,-0.5429494048324321,0.06293138812788927,True
L224,constant_flux_structural,plunging_hotspot,selection,4,463ab4c9056b42cd5b40586a633d52a3b2fed1de724b4051bca3d015a2d9d783,0.9256382832606788,0.37840952493591307,,1.992450472039427e-15,0.0,0.1550276581209103,-4.346967009543461,0.29650723615008245,True
L224,constant_flux_structural,plunging_hotspot,selection,5,84fbc3c0f513f8073e20d4a98356cd6e751d040d1c57d90fcf57552930a08657,0.8976234937568023,0.4407630468356347,,1.6812948503591012e-15,0.0,0.1555882595805026,-3.093337273253307,0.26107123184800135,True
L224,constant_flux_structural,plunging_hotspot,selection,6,e2971ed5502254016884d87226c9325b42fe5a0556a2b49ddbb99c699114aa2e,0.8728832844406144,0.48792906425439087,,1.8696176726359608e-15,0.0,0.15602514819421945,-2.435075558822878,0.25305502385808104,True
L224,constant_flux_structural,plunging_hotspot,selection,7,40f2928e880ab22222c4f8d97865e774448cd27eee5135bcfc5bf1c73bff9e92,0.8624883582969711,0.5060769030514983,,2.014613567683014e-15,0.0,0.15472347822473198,-2.0636961997430494,0.14738332927560943,True
L224,constant_flux_structural,plunging_hotspot,pilot,0,a373a5e49f053797ccc22a48e4b5bd5c92886750b324330df9a3d3c42d2f49e3,0.9127380504262861,0.4085452867235436,,1.843338764635661e-15,0.0,0.15529408664512784,-3.581369508537898,0.27445949366387484,True
L224,constant_flux_structural,plunging_hotspot,pilot,1,46932157a1b21e348fda79d4de86c308881290ecdc7d3cd89f82417a65bc42ec,0.9105134537538071,0.4134794439066032,,1.83511232132705e-15,0.0,0.15236849784746362,-4.3197682817854375,0.07356229383713651,True
L224,constant_flux_structural,plunging_hotspot,pilot,2,6fff6e8e3bc4231b4c14e8bdff6675b2550ccee6665300c0675ab0cacde43a1f,0.9416457260850656,0.33660559494121545,,2.069083198804626e-15,0.0,0.15523144588541507,-4.973808906979638,0.14042921922998478,True
L224,constant_flux_structural,plunging_hotspot,pilot,3,bbef8e0b308897fa1c20c6d1157debc6ec5700ddf5e956c998833ef3d2b5d7ef,0.9527006225216601,0.30391038785609364,,1.9981601575539365e-15,0.0,0.1546503616668437,-8.1749134051674,0.19244990253852315,True
L224,constant_flux_structural,plunging_hotspot,pilot,4,050b2c43df7e56024710316960566acd4f35cf9e16e39de9357f02926748f87a,0.8947960027064228,0.4464752104435446,,1.6488135516287144e-15,0.0,0.15539103310403177,-2.7262808110206307,0.23876315823621408,True
L224,constant_flux_structural,plunging_hotspot,pilot,5,eecf492890a4d19c6fe40a4093d3e30f2221a1bba04ed95a209177d003ac0fb9,0.8392750829819209,0.5437070305648896,,2.4070367927019487e-15,0.0,0.1558776347683526,-1.6922268607120128,0.20442931861016664,True
L224,constant_flux_structural,plunging_hotspot,pilot,6,f2a9acebbcef2bf0eb290e3e9171213c121fb52803de053d7f3dbd1fbe9372c7,0.8941649153612701,0.44773776268813054,,2.881215404529369e-15,0.0,0.15212886002723897,-3.933388817910169,0.06508678713724887,True
L224,constant_flux_structural,plunging_hotspot,pilot,7,64a949acdbceb3f7691f70d5eeb55bd007f24d33d2a0b61790d1d950d8f89c11,0.8968981025296712,0.4422372594871168,,1.912380504026128e-15,0.0,0.15207254402844161,-4.054297558170054,0.06497061236575248,True
L224,structure_balanced_050,circular_single_hotspot,selection,0,6127e6d1386e35be2a74a04fd22b7711bdb26ebebf787f627905b959c792a28b,0.4890956063112543,0.8722301805641826,0.5,1.2693227854773076e-15,0.0,0.18723165398068808,0.0,0.0,False
L224,structure_balanced_050,circular_single_hotspot,selection,1,3c7f05bca5e51506f3785bcb6284e71d9b6d6e2f38b8f44a8e5f642e5aab49b9,0.43350258525869007,0.9011523226258877,0.5,1.4197500559186938e-15,0.0,0.1943820485969209,0.0,0.0,False
L224,structure_balanced_050,circular_single_hotspot,selection,2,f668c4d46549fe62a0b745be8e651eb8cf610e95e2cb67fb8b1f58413e75012e,0.5161320249799978,0.8565090383586428,0.5,1.991289671425958e-15,0.0,0.1834350780528408,0.0,0.0,True
L224,structure_balanced_050,circular_single_hotspot,selection,3,d1ad6b3b807fbf7f248d4ca7b0ecc08f81ee05e299348dacb775d15ac69e5d20,0.5069925718741035,0.861950423205698,0.5,1.400027734838544e-15,0.0,0.18199406362816306,0.0,0.0,False
L224,structure_balanced_050,circular_single_hotspot,selection,4,9b9b9abed01fb484f6e7e020b57fededf0d6afbbb2a5c1505fedc19786413095,0.5160903173883274,0.8565341699535491,0.5,1.6382810723328468e-15,0.0,0.1742394957041653,0.0,0.0,True
L224,structure_balanced_050,circular_single_hotspot,selection,5,86407e62b6e20d586479a31f5feaa2323580085a86178cfebe7785805b7a3564,0.4996218073323908,0.8662436433463251,0.5,1.6603934090821449e-15,0.0,0.1773852536138922,0.0,0.0,False
L224,structure_balanced_050,circular_single_hotspot,selection,6,72778658617a5f765391be00254dff731c0a7a90b0cd76904841b25c80943f74,0.5161383791642138,0.8565052092974906,0.5,1.4336371284484113e-15,0.0,0.17543334448863304,0.0,0.0,True
L224,structure_balanced_050,circular_single_hotspot,selection,7,c5c8144168533c894951581f0d25eca9a5662bc164824918a5cabdc3be77f1bf,0.516201338975197,0.8564672659478666,0.5,1.5338164372236115e-15,0.0,0.17893995682448746,0.0,0.0,True
L224,structure_balanced_050,circular_single_hotspot,pilot,0,5746193be6a21ab18ae5cb20b5ab3466ed3d2d2274e8257f6b48494b038cf58f,0.48644396687085273,0.8737117757561408,0.5,1.3731178526276131e-15,0.0,0.18510720138289458,0.0,0.0,False
L224,structure_balanced_050,circular_single_hotspot,pilot,1,0c9b59cf83637434bebaca26c39b1cf08769073aa757e5854f1564c867002f25,0.5161116676413284,0.8565213053535137,0.5,1.5969448266467659e-15,0.0,0.17476822881969195,0.0,0.0,True
L224,structure_balanced_050,circular_single_hotspot,pilot,2,c8428ad3f98b347d91a1bf3a4702240cd53e1e419e29f3fc955fc7ae8e473a5e,0.5162012253552684,0.8564673344277174,0.5,1.3277312109394447e-15,0.0,0.1793102317222353,0.0,0.0,True
L224,structure_balanced_050,circular_single_hotspot,pilot,3,f5dad7c2183f0a77ad91932ccb0e50747a621217615d1f39740594e043f0e4e5,0.516202061750599,0.8564668303235279,0.5,1.3161588703818805e-15,0.0,0.17923808702383295,0.0,0.0,True
L224,structure_balanced_050,circular_single_hotspot,pilot,4,f0bc500eda79f07e1bb698ca8869fdac544fdc0b569d9f7349e1802cef85c533,0.5161719422747651,0.8564849829438322,0.5,1.4279842217602035e-15,0.0,0.18192097235753069,0.0,0.0,True
L224,structure_balanced_050,circular_single_hotspot,pilot,5,1cbeb43f0eb197ecc1d789174e74b7e0acdb7ca1f924dbdba20eab3bccc646a3,0.5161883242361099,0.8564751099257448,0.5,1.622577662149762e-15,0.0,0.18102995112069978,0.0,0.0,True
L224,structure_balanced_050,circular_single_hotspot,pilot,6,c1d506588e1c47f58d758eca9199c66756712a4678875b2bdb98ae8302dca6fc,0.43300756374808935,0.9013902871325741,0.5,1.672482172382297e-15,0.0,0.18439981685296658,0.0,0.0,False
L224,structure_balanced_050,circular_single_hotspot,pilot,7,cbd5df085aae100cc6968ca7bd6bbf6c54cf20e6465fd689b9f273e11d6623ef,0.43833652312105625,0.898810932564877,0.5,1.3214532286816156e-15,0.0,0.19408068754923974,0.0,0.0,False
L224,structure_balanced_050,circular_two_hotspots,selection,0,07e399aa07388d3e88480e1caf3dab60141d070426312200c88bddacfb1ba280,0.39424853043757957,0.9190038608448873,0.5,1.5450346647706368e-15,0.0,0.18988216951773948,0.0,0.0,False
L224,structure_balanced_050,circular_two_hotspots,selection,1,9d730e6e256108f5a5718c34dd29871e194a5b8f1289c00c5ed525652b1b5856,0.45170394081880894,0.8921678933075086,0.5,1.972358693487329e-15,0.0,0.18195293272682797,0.0,0.0,False
L224,structure_balanced_050,circular_two_hotspots,selection,2,0d9c386340f23a55d24f3ef7f0125b5ecc431cd0f0f1686ee2f031f5652f1cef,0.45328651849292273,0.8913648703828109,0.5,1.5515361804859344e-15,0.0,0.18475091177205222,0.0,0.0,False
L224,structure_balanced_050,circular_two_hotspots,selection,3,c6d72f82b839e34cfed00437f18cab1b45e045d787be72f60a0c102c40997dcb,0.5161360450368006,0.8565066158610625,0.5,1.4485553766986034e-15,0.0,0.17575801777489913,0.0,0.0,True
L224,structure_balanced_050,circular_two_hotspots,selection,4,43338b69c228e6905d412b35ca2ff72e49bca9857da3cc5d8df4f8feac02f50a,0.4011466487499879,0.9160138460725655,0.5,1.385048907646318e-15,0.0,0.19069729037878544,-0.05578635482155939,0.0012309857669781168,False
L224,structure_balanced_050,circular_two_hotspots,selection,5,6af78ff9be2c40d4e38453c4561c10c9d2893e66684464701a5a3a0afd382378,0.5128719729494159,0.8584651066659458,0.5,1.4540481575941722e-15,0.0,0.17306895280106557,0.0,0.0,False
L224,structure_balanced_050,circular_two_hotspots,selection,6,67231f85a62a3acf24b25b9cb5795d60863d2f1bf8d6164d118d55955fac13f6,0.5161352764116571,0.8565070790387329,0.5,1.4102799929993704e-15,0.0,0.17532935618423007,0.0,0.0,True
L224,structure_balanced_050,circular_two_hotspots,selection,7,ed0595bde79ad228bccd55ecaf5bf73578996e52333ad67e6d05931c4d7a63ad,0.5161959855825456,0.8564704924680502,0.5,1.590551842191375e-15,0.0,0.17801421878248322,0.0,0.0,True
L224,structure_balanced_050,circular_two_hotspots,pilot,0,0a1e11cecaba09500f344e521466e83f40d5dfc48b711573b4b71fd92e928f70,0.5162003041009825,0.8564678896759955,0.5,1.3112684069757704e-15,0.0,0.1786765148943734,0.0,0.0,True
L224,structure_balanced_050,circular_two_hotspots,pilot,1,5b41bf18173a15d69e1a474b79b3ea40ca0399989cf54346ca5cc0f31d222d11,0.5162014019253772,0.8564672280071638,0.5,1.0939190963065392e-15,0.0,0.17890151530818552,0.0,0.0,True
L224,structure_balanced_050,circular_two_hotspots,pilot,2,c7089f6770632ab0b6387aacde21a81d8f44c7526c78291544677a4309236bbe,0.4567518645611189,0.8895941401672682,0.5,2.1308100441970307e-15,0.0,0.1852824701978189,0.0,0.0,False
L224,structure_balanced_050,circular_two_hotspots,pilot,3,8393d5ea91b5f5637a99d31220cee8368c4fe9333b10f12ba2b92879193337e2,0.4559112372621494,0.8900252489329143,0.5,1.670219066590217e-15,0.0,0.18057059383950158,0.0,0.0,False
L224,structure_balanced_050,circular_two_hotspots,pilot,4,54e45f2562db51fe0a699c1c409bfa40f96d2b18f969fd5230246324ee3a4165,0.515989858537203,0.8565946917222621,0.5,1.57484911527642e-15,0.0,0.1725249587413421,-0.0006367046140968394,1.9241356709590723e-05,True
L224,structure_balanced_050,circular_two_hotspots,pilot,5,b037e6b8738220f23244d2371e291a4b1215af65e99bc7e3858aa9ddcde0afff,0.5161729864886077,0.8564843536337553,0.5,1.4260358250109267e-15,0.0,0.1766071685188492,0.0,0.0,True
L224,structure_balanced_050,circular_two_hotspots,pilot,6,3988fec04580527db6cc4de7bac4901ec6763d0392247958598df815d6165e9b,0.45387098816523247,0.8910674082817278,0.5,1.6646759024552994e-15,0.0,0.18003259348852535,0.0,0.0,False
L224,structure_balanced_050,circular_two_hotspots,pilot,7,34f449db42b2301f44d3c15511c3f5695cc1c2b1ff3921e1dbfe5307b94bb05e,0.5161950839543399,0.8564710358800068,0.5,1.3309459014179503e-15,0.0,0.17787327633610922,0.0,0.0,True
L224,structure_balanced_050,circular_crescent,selection,0,d6d7e88077989126df6d37c6a26110005a684a7a545d2b161503532c0cefa3be,0.38570673515931153,0.9226214361550162,0.5,2.231410931088869e-15,0.0,0.18913989832369024,0.0,0.0,False
L224,structure_balanced_050,circular_crescent,selection,1,43a3f348efc21e625de4787289e27f45e3c437fe469b680cc6b7181ff37e6403,0.39445402540375984,0.9189156772211311,0.5,1.775719380690136e-15,0.0,0.18065993065803568,0.0,0.0,False
L224,structure_balanced_050,circular_crescent,selection,2,2c11308449f559f0d2f7e6d2e3263b0f8e04951af18649df574752c03a513c62,0.44019371057196915,0.8979028328125942,0.5,2.923922163007089e-15,0.0,0.18330647786889562,0.0,0.0,False
L224,structure_balanced_050,circular_crescent,selection,3,b77464e33ea1c8dbc2ffee3998c302fc7d7d208b0db009d5ef421cc582372b1c,0.5161915995755755,0.8564731359053878,0.5,1.4029204614132668e-15,0.0,0.1776359550424445,0.0,0.0,True
L224,structure_balanced_050,circular_crescent,selection,4,9f12c8b15db27679fdfd7875519d5777b5b23fa78459852f32fe40d5a5743ae7,0.4455421094114399,0.8952609835914913,0.5,2.705780509336431e-15,0.0,0.18590163611513202,0.0,0.0,False
L224,structure_balanced_050,circular_crescent,selection,5,d5ab79306debdeb5bc9a560e97b1d52c3dc4a7feaaf0a94bf378e9a4db368cc9,0.5135548581462851,0.8580567625013796,0.5,2.6122755663736186e-15,0.0,0.16736566308946407,0.0,0.0,False
L224,structure_balanced_050,circular_crescent,selection,6,d118093f2bf8adf6acf50782c8c7f56a569794df63393aec0f872d08dc2e7da5,0.4872910691553533,0.8732396085390497,0.5,1.6085888083716373e-15,0.0,0.18466294870822964,0.0,0.0,False
L224,structure_balanced_050,circular_crescent,selection,7,9f1ef5183cb9f5cf3a034df88eea714623f19cebe9b5ba961a36d2c95a6047ef,0.5160158249764527,0.85657904969353,0.5,1.3097436071929994e-15,0.0,0.17292837822583756,0.0,0.0,True
L224,structure_balanced_050,circular_crescent,pilot,0,b80e193c6dbecd764ccefc562ac2407eb6f752e1d46f2a56c2c2c0e006394928,0.5161743968990677,0.85648350362741,0.5,1.8936260806013624e-15,0.0,0.17666981065463644,0.0,0.0,True
L224,structure_balanced_050,circular_crescent,pilot,1,8fb0857a0dd17a59678ffedcc0df112e99c5819f547a2d5dbc5f5ada7dfbcb20,0.5156178823463856,0.856818650243229,0.5,1.431738292089529e-15,0.0,0.16878126576068506,0.0,0.0,True
L224,structure_balanced_050,circular_crescent,pilot,2,e805ce9bcb53511236d5b44866294bae6abb998eef8a7714ac7c990e1fffeba3,0.5161567264583209,0.8564941527715353,0.5,1.5568640218247233e-15,0.0,0.17598430411650606,0.0,0.0,True
L224,structure_balanced_050,circular_crescent,pilot,3,c36ea2deacb66daacff9c67b0b1f6ac5c50c03d7fa87934146321a4097990b21,0.4639822993241444,0.8858444704991277,0.5,1.7253198239793239e-15,0.0,0.17824431762612392,0.0,0.0,False
L224,structure_balanced_050,circular_crescent,pilot,4,bb0e43b1281425bdb92bbf8f6c2c0095fdd6dc91370061160a86c0ff1bdecb01,0.3833406340861794,0.923607036709014,0.5,1.6464358973904216e-15,0.0,0.18688576156058928,0.0,0.0,False
L224,structure_balanced_050,circular_crescent,pilot,5,4795991ab9f64ecb082a8ab208c1621bed120a915ff58abb272b335aef666537,0.4897302994663238,0.8718739781554584,0.5,1.3702659999749322e-15,0.0,0.18219958083637472,0.0,0.0,False
L224,structure_balanced_050,circular_crescent,pilot,6,5fd949b4f128d8f06be1eaaf4e9486fdb575112af1ca0779b6d78ec763eebbe9,0.5146356029406841,0.8574090016939865,0.5,1.447022155069059e-15,0.0,0.16388209785363567,0.0,0.0,True
L224,structure_balanced_050,circular_crescent,pilot,7,0d9a47056fd7b6c42f141206bc97daab45c67f679c5a8ea95b2c53094dba7df6,0.4323310427119739,0.9017149602327653,0.5,2.1816131413906882e-15,0.0,0.175324632370398,0.0,0.0,False
L224,structure_balanced_050,plunging_hotspot,selection,0,3882c7fd6955c751b18c0234b807627471c03e8f5baafb1175a43ba90f0b5910,0.42660503988343274,0.9044380243809163,0.5,2.2454777222769626e-15,0.0,0.1938526884542464,-0.0006628262231930198,3.954175453681354e-05,False
L224,structure_balanced_050,plunging_hotspot,selection,1,310f3b88a4e5f63706d440ec315c75d4d334de48fa78758cabd40f18bd17ee42,0.4545950582044121,0.8906982278281051,0.5,1.4964105565053828e-15,0.0,0.19071618883107497,-0.0006968949223738733,4.047133655362779e-05,False
L224,structure_balanced_050,plunging_hotspot,selection,2,c73fa94dc8a38098553b947d43556ef29f97b668a2049e2c21921e5dac9e5a23,0.48408384874721533,0.8750216153799192,0.5,2.1552283321748714e-15,0.0,0.18434666361468155,-0.011038342717275051,0.00039189804978512183,False
L224,structure_balanced_050,plunging_hotspot,selection,3,c2e9b0f9d44ebdb5eac8f2846294c363874c5cc2a545d9620be678a4eb7485c5,0.4533560207556559,0.8913295229288646,0.5,2.1648350927108294e-15,0.0,0.19007867479233867,-0.0005046910779046161,4.448182865558704e-05,False
L224,structure_balanced_050,plunging_hotspot,selection,4,b3029a4b388e374c9b0cc38be41d9d581fb8e9708aa08b938e3d9c94067540ce,0.48131526765496263,0.8765475532577977,0.5,2.2119993777154728e-15,0.0,0.18547991180100298,-0.0011071972542925634,5.2019384526151884e-05,False
L224,structure_balanced_050,plunging_hotspot,selection,5,d2298c5734d75228559ca81067fdf9b653ea27b96d8c8ccdb30831bdf8460efd,0.5161975352696665,0.856469558467504,0.5,2.082933970504126e-15,0.0,0.18023754570690595,0.0,0.0,True
L224,structure_balanced_050,plunging_hotspot,selection,6,724aa1990fce4377a8f226805c10c9ba679a25661928a84c11d8499fd66835a1,0.4492769928823811,0.8933925137735176,0.5,1.730586671094545e-15,0.0,0.1898409914588361,-0.0006324698066099036,4.800705869795909e-05,False
L224,structure_balanced_050,plunging_hotspot,selection,7,d988ddab477af0b3a3ce54c2c008242f96cae52ae7e34d4870a8af6fa33722f5,0.44416572682279104,0.8959446451182025,0.5,1.7150919143481927e-15,0.0,0.19263377130390016,-0.0005602636548200432,3.63991819537074e-05,False
L224,structure_balanced_050,plunging_hotspot,pilot,0,adc8f5b02b75f57de772b67d536f26ecb4b8149436dc24dea4ddcd63281519db,0.45556601376071243,0.890202003539744,0.5,2.2070662900148713e-15,0.0,0.1895454804677619,-0.00025286265100618556,4.605855498809355e-05,False
L224,structure_balanced_050,plunging_hotspot,pilot,1,d15d45a6a58e45640b8150e31caf3b462e9ec5bda24f5a56c6ec3aeda00e545b,0.4606866224327627,0.8875628630759025,0.5,1.644849732572048e-15,0.0,0.18943673512377782,-0.0011118993938418692,0.00015265668759647882,False
L224,structure_balanced_050,plunging_hotspot,pilot,2,6818cb39cfe2b1c23da67a23652c488327c295f8522669fc5018e03908fa1d4a,0.5161962969000864,0.8564703048364478,0.5,1.4415717572922063e-15,0.0,0.18032023052995985,0.0,0.0,True
L224,structure_balanced_050,plunging_hotspot,pilot,3,5715efdd7eb19e2391e5e9cd423eb756a806b0dfa9cb4c9074f1d40439a3b75f,0.4544177104547237,0.890788720418645,0.5,2.0535019152144735e-15,0.0,0.19039060652057152,-0.00040819754384317536,4.2294621052209977e-05,False
L224,structure_balanced_050,plunging_hotspot,pilot,4,f446dc26e7d725b11e2d763121a1b8aa941632e1c6e4a3fda3a9568f61079fee,0.5161958460719183,0.8564705765512884,0.5,2.232582680712677e-15,0.0,0.1803700041867416,0.0,0.0,True
L224,structure_balanced_050,plunging_hotspot,pilot,5,893ee445f14e4842c27362c0e14456bf665a9f42ebaf43d46ce23dbbe7b05703,0.4358888697463034,0.9000004962394688,0.5,2.0133809667472265e-15,0.0,0.1944477680773445,-0.0003833002891224403,3.159690425528255e-05,False
L224,structure_balanced_050,plunging_hotspot,pilot,6,d034d6e5947b1916738c3cec4b62f1ad71641deb0cb2f6fd697af0df3affe90f,0.5162033275234343,0.8564660674269202,0.5,1.9599386846233815e-15,0.0,0.1794331368926219,0.0,0.0,True
L224,structure_balanced_050,plunging_hotspot,pilot,7,cf671300bfb9bba3ec59052d6011ee95682e513118e660c5fca4df3740c6e3a4,0.44594664509352017,0.8950595453542932,0.5,1.572299430332331e-15,0.0,0.192855670404912,-0.0005040861063263962,3.429259253309333e-05,False
L224,structure_balanced_080,circular_single_hotspot,selection,0,c25193757d56879a9f387cafacbf4e159444f3ccc3d4616762fcb80327015384,0.5327557871788906,0.8462690300533281,0.8,1.3214794270351e-15,0.0,0.176098720494241,0.0,0.0,False
L224,structure_balanced_080,circular_single_hotspot,selection,1,9ff6ba77b7de728e1e848abdc5c60ec0ae4ea446a2b605352af34d6830ce8a2f,0.3929091453882976,0.9195772960824107,0.8,2.407380604158885e-15,0.0,0.19835557353469416,0.0,0.0,False
L224,structure_balanced_080,circular_single_hotspot,selection,2,c374cd3a7828521ce71ba2a06d3c537915e4e4926d28f1aba4fb05af631dceea,0.7700195093535246,0.6380203407533002,0.8,1.2597361325896668e-15,0.0,0.12749578334880693,0.0,0.0,False
L224,structure_balanced_080,circular_single_hotspot,selection,3,56481e4f72c284a7eaf7dcaa03d89977baa9b52c0c1a0b5b2f70cb0029f7a37d,0.4200962979814465,0.9074795316822765,0.8,1.4667454182636399e-15,0.0,0.19347878605397686,0.0,0.0,False
L224,structure_balanced_080,circular_single_hotspot,selection,4,2e652d90e2d0f03428c096c651cb7993307129669165d7d689a69c3c5cbedf66,0.48782080324295274,0.8729437919610863,0.8,1.4630426303869386e-15,0.0,0.1815945405285498,0.0,0.0,False
L224,structure_balanced_080,circular_single_hotspot,selection,5,f7269295a1e1de5e515681d616c2abe667954d88a65de0bbc50fac06c3eb8193,0.5511795601605519,0.8343866564496466,0.8,1.3591999566301506e-15,0.0,0.17129356077125393,0.0,0.0,False
L224,structure_balanced_080,circular_single_hotspot,selection,6,14a9984f6a50cb626f9db191d716d5a9623af61d89f578430f8ed52ce05fca8f,0.4623213130371913,0.8867124694688618,0.8,2.0096635545952968e-15,0.0,0.18441111168771693,0.0,0.0,False
L224,structure_balanced_080,circular_single_hotspot,selection,7,8343d4c1757feddd7453dd51fd082d37cf9f8aec2d7120d4c414dbe129ed7e67,0.6352373923564372,0.7723169397029913,0.8,1.3303838561327451e-15,0.0,0.16027945263518278,0.0,0.0,False
L224,structure_balanced_080,circular_single_hotspot,pilot,0,4e7e15d2378ed8bc0c31e5e3c149a446f11f589dddf6f11eed9387685ca15de4,0.6363166233322511,0.7714279972045622,0.8,1.6979773147295962e-15,0.0,0.15827074504066155,0.0,0.0,False
L224,structure_balanced_080,circular_single_hotspot,pilot,1,d3658ebd66494b638623ddb2935f58f34f5f4babee6f008476a00e07de21d316,0.5560934204071017,0.8311197914740873,0.8,2.4341902649058867e-15,0.0,0.17088219804869445,0.0,0.0,False
L224,structure_balanced_080,circular_single_hotspot,pilot,2,f7a2e21722223de1b9c481affb1bc0a080def311cf3ccefa8072538aa27371f3,0.431036481360271,0.9023345010230722,0.8,1.0657274155696827e-15,0.0,0.19179789011686488,0.0,0.0,False
L224,structure_balanced_080,circular_single_hotspot,pilot,3,a8fca7b56ef8dc550ac9034a17dfa1ca29bbddadabe874fd091cab73ba0182d6,0.6765145375854331,0.7364292772802883,0.8,1.4888950259819109e-15,0.0,0.15175091937880666,0.0,0.0,False
L224,structure_balanced_080,circular_single_hotspot,pilot,4,a7f9292fa3a91079ab76e0cb21ea246b56c495020b34fb17ae28dc2c06f4c605,0.4679899186813346,0.8837338038191352,0.8,1.4850452712056607e-15,0.0,0.18538497009391205,0.0,0.0,False
L224,structure_balanced_080,circular_single_hotspot,pilot,5,194c013eccc6f6074c48aef425797bb8a723d6ec7c5b546fc7f8ea62611e5c00,0.45532120406503085,0.8903272438428302,0.8,1.4099469991507032e-15,0.0,0.1907669464235399,0.0,0.0,False
L224,structure_balanced_080,circular_single_hotspot,pilot,6,7bcab9a154d63708123f1f8e66cc1ec03aed8daa8ea4b8486953e36c69a7bbbd,0.5937051022796579,0.8046827023908871,0.8,1.9239676947242284e-15,0.0,0.1637967421791821,0.0,0.0,False
L224,structure_balanced_080,circular_single_hotspot,pilot,7,a933fda37b87bd4f1b5de5a2e7acf38f33362793a5ba81c647b664a8f23ba27c,0.4629160448365134,0.8864021296414619,0.8,1.3915198413370899e-15,0.0,0.19053085722507052,0.0,0.0,False
L224,structure_balanced_080,circular_two_hotspots,selection,0,73ad06f620f7c2a5598d17a4d1e960f63d1e0e8ab37a91130e50cd32bf3a1c0f,0.4315092538910925,0.9021085099955286,0.8,1.9286691620341622e-15,0.0,0.18264735640831567,0.0,0.0,False
L224,structure_balanced_080,circular_two_hotspots,selection,1,8a7484bf8d846c4f865cffca5b98f1f493134a182cc6224589600f6332fc735c,0.5684494182203735,0.8227182135609488,0.8,1.4907298805964077e-15,0.0,0.1678369421187078,0.0,0.0,False
L224,structure_balanced_080,circular_two_hotspots,selection,2,60111d0e51bdd5161060d941b39f89b89289d1bdf4aac36428262f6253a6b494,0.4309173417810257,0.9023914031906414,0.8,2.178638762054208e-15,0.0,0.18762655299267483,-0.0255865522362293,0.001110418138840379,False
L224,structure_balanced_080,circular_two_hotspots,selection,3,aecef2b0964cf79a49f143787fe24cfd9404371aab00670fa17b3e838605ceb5,0.5134816148480172,0.8581005950429544,0.8,1.4602605602655332e-15,0.0,0.1732467666899807,-0.0009464733258247242,2.8013497485590826e-05,False
L224,structure_balanced_080,circular_two_hotspots,selection,4,78bed1275f067d6be54eea71b980fa2fe4bc9e238a8f1a632068376a679ef3bc,0.6386323040515999,0.7695120403357864,0.8,1.3410666354104113e-15,0.0,0.15814438016635726,0.0,0.0,False
L224,structure_balanced_080,circular_two_hotspots,selection,5,17ca5e99aa3ce44af0cea2449966dfbbd3b514abb2e8f9aebc3f7d81f87349cf,0.5241610090144838,0.8516191852165604,0.8,1.4432184171876204e-15,0.0,0.17664982677530053,0.0,0.0,False
L224,structure_balanced_080,circular_two_hotspots,selection,6,d30ae8e030abc9175df3a40d286fe0717be53e4c5e2741ce3bfad1f96bb443f9,0.5679921636780091,0.8230339616324309,0.8,1.2402390881608556e-15,0.0,0.17059499801417924,0.0,0.0,False
L224,structure_balanced_080,circular_two_hotspots,selection,7,f979ad7e55074aded3ca393cede929f580134276290026da6bb5cf1b45a176ea,0.5804633522468423,0.8142863726591267,0.8,1.1998246722042272e-15,0.0,0.16604581681386468,0.0,0.0,False
L224,structure_balanced_080,circular_two_hotspots,pilot,0,ca1e792765b8e41c60e57c54e539278192ffd8ffa2f6fa7513c00cd46e180f4d,0.4725023354497563,0.881329417978616,0.8,1.729528017275533e-15,0.0,0.18414737614968513,0.0,0.0,False
L224,structure_balanced_080,circular_two_hotspots,pilot,1,952cf7bab326d32fb8b80c1d31602fce0f1c7233956afd624d290941fb96f948,0.6775581109448021,0.7354692422480434,0.8,1.1843928575458342e-15,0.0,0.14604435917864889,0.0,0.0,False
L224,structure_balanced_080,circular_two_hotspots,pilot,2,b826c5baa8eb40d0817e57377724633118c3e889c49725077395268af6222d79,0.5756660157130613,0.8176849260889242,0.8,1.1941989424364761e-15,0.0,0.16804259439619418,0.0,0.0,False
L224,structure_balanced_080,circular_two_hotspots,pilot,3,b02a0a600fdd9176c59912a79c07388bae7c826315c70ee103b2e16f42a4b161,0.5652623782276509,0.8249111732546845,0.8,1.4400091268919189e-15,0.0,0.1679704734351113,0.0,0.0,False
L224,structure_balanced_080,circular_two_hotspots,pilot,4,00586535f90caff51af56f71d333722e7995182b2570bf6ebafe12553b81b353,0.4974263805174211,0.8675061936178541,0.8,1.4938597928122996e-15,0.0,0.17802781544665666,0.0,0.0,False
L224,structure_balanced_080,circular_two_hotspots,pilot,5,4eed23acfe58dc64ff27c26566932155b3bb3edf2c3a9c5f92e8c03442e3e9fb,0.5967648624301755,0.8024161632025453,0.8,1.4146336039899248e-15,0.0,0.1609399498065113,0.0,0.0,False
L224,structure_balanced_080,circular_two_hotspots,pilot,6,4d9e6c4b1e6d7b2632b771a3cae9df78abe6a3685e0af7fe26fae7d12e5b845a,0.5217293422415901,0.8531110674725523,0.8,1.3572026254268017e-15,0.0,0.1801976932938508,0.0,0.0,False
L224,structure_balanced_080,circular_two_hotspots,pilot,7,20da01f032800c721125696ab5f9fc615ff778418790dd753c54a984f6f4b351,0.5315545144732874,0.8470240835673255,0.8,1.489967392091041e-15,0.0,0.17849510883538178,0.0,0.0,False
L224,structure_balanced_080,circular_crescent,selection,0,f4b92a24849043a257f022a59b64fce8641a67fe5602fb1bad437a4a875896f5,0.6047936443708377,0.7963822246438206,0.8,1.6499044729812233e-15,0.0,0.1645984653164224,0.0,0.0,False
L224,structure_balanced_080,circular_crescent,selection,1,e51159c34c933ff8b88b15c92796b8f1147854656fdeb89215404a7a3bc9ecaf,0.4130310953826126,0.910716923224247,0.8,1.8687149392624973e-15,0.0,0.18449341565784572,0.0,0.0,False
L224,structure_balanced_080,circular_crescent,selection,2,ffe978b66c0e8835c7ec805724fd07a693179f9d3a038c0374c5a938b9277b10,0.5274633638481205,0.8495777773682791,0.8,2.0121503012878696e-15,0.0,0.17126716989566423,0.0,0.0,False
L224,structure_balanced_080,circular_crescent,selection,3,b9514370fb25437671d188ef3770a554082db0c0e7d1ee2f9caceb73f367ec1d,0.4465881236285779,0.8947396536612793,0.8,1.6142288123457353e-15,0.0,0.18553902360308905,0.0,0.0,False
L224,structure_balanced_080,circular_crescent,selection,4,5bcbe84186a451265040357e2d1c72604125692ee16d54b608fcea87a57df2f4,0.5678192825618741,0.8231532435403013,0.8,1.540283434766411e-15,0.0,0.16015488467710073,0.0,0.0,False
L224,structure_balanced_080,circular_crescent,selection,5,4bf274a7cf7218e25c3010fbb1d46aadb98bb3edc778a3e83e43060187132bd8,0.6545572298792746,0.7560124554613968,0.8,1.5945521591250594e-15,0.0,0.14973263441893506,0.0,0.0,False
L224,structure_balanced_080,circular_crescent,selection,6,9c066788c51c46bfb0b82e224ea2c3e89ef5ab8e3f2c3e82bac1fd9ced0eb104,0.499788497423491,0.8661474804230335,0.8,1.7772364287915518e-15,0.0,0.17621698774657515,0.0,0.0,False
L224,structure_balanced_080,circular_crescent,selection,7,cf3ec5f7d7356af0cf7a37f79bd3aff7d9646d7d4c511d961fe2b1dba9077ef0,0.4897727133022425,0.8718501530105729,0.8,1.583359854692299e-15,0.0,0.18288620411382994,0.0,0.0,False
L224,structure_balanced_080,circular_crescent,pilot,0,c7040728e759caa773859ea99723b5def4c38b014cc1674f78c280f57586c8b1,0.3823104343868932,0.9240339451334594,0.8,1.608627201238353e-15,0.0,0.18420793831207802,0.0,0.0,False
L224,structure_balanced_080,circular_crescent,pilot,1,2f6fcf5ef6a94a7c67eab29064ba4537f7e3756e6e0b9a0a26d2fb7c40ea9762,0.48872892320415623,0.87243569368963,0.8,2.88120117204204e-15,0.0,0.17368502761570642,0.0,0.0,False
L224,structure_balanced_080,circular_crescent,pilot,2,1e8947506c8e25d545545a1babeff1774beaa1c0f11d360ac07117ee64ebe065,0.47133544228486796,0.8819540242246916,0.8,1.972409269152304e-15,0.0,0.17723876974168498,0.0,0.0,False
L224,structure_balanced_080,circular_crescent,pilot,3,f6cc5e1048820352d83075da23e373173f1e1c87d6b5df8ac01051ec6a5c80ed,0.6039127769958513,0.7970504110664263,0.8,1.907949299878079e-15,0.0,0.1566297419094856,0.0,0.0,False
L224,structure_balanced_080,circular_crescent,pilot,4,4185c0b2b61aa62179cc2bd8a0f52e781ce2b346751542e5f7ff5564f2985289,0.39255825232201336,0.9197271435234944,0.8,1.6692123324766215e-15,0.0,0.18790267270772593,0.0,0.0,False
L224,structure_balanced_080,circular_crescent,pilot,5,466cee803d07a58e0edaa2ae790e427a8fd134874ac27532ebea20741f433168,0.4742400091959568,0.880395600669278,0.8,1.4676807397318416e-15,0.0,0.18633989688495134,0.0,0.0,False
L224,structure_balanced_080,circular_crescent,pilot,6,8f39a355411f43139199ce4c486086d7e53b9520a491b9639ad77cdf88a18a52,0.6257016921423699,0.7800624285595191,0.8,1.7795936186164267e-15,0.0,0.15608698719715014,0.0,0.0,False
L224,structure_balanced_080,circular_crescent,pilot,7,8a54705b823ffdb75a9e8eca4f0d26ecd0632b87ce5663f3f9881f534a811165,0.5779290757880767,0.8160869949697395,0.8,1.5877887560671747e-15,0.0,0.1614540513791898,0.0,0.0,False
L224,structure_balanced_080,plunging_hotspot,selection,0,4fc10e712c023ac6fe982c4e4776b23e64a10d1086c5d276b9522e5757bea204,0.4463107327071385,0.8948780530722703,0.8,2.2065926671714116e-15,0.0,0.19141727872442568,-0.0003656636534225058,4.152884853595283e-05,False
L224,structure_balanced_080,plunging_hotspot,selection,1,9373a1d8feaf44be7deaf64d6679dfcfe8c55894bfac4805d1bb1bb8a53647e3,0.45578393087389624,0.8900904495370903,0.8,1.4830354962489147e-15,0.0,0.18923687881043055,-0.0009674047949206792,4.684697402641846e-05,False
L224,structure_balanced_080,plunging_hotspot,selection,2,648f531f6b12a83034bb6f02910ba2eb0bf9cff8ff48133913977dc917627fac,0.4548656213620009,0.8905600858465198,0.8,2.0777403089311365e-15,0.0,0.18885811193302005,-0.00037330707494970705,4.993970328695057e-05,False
L224,structure_balanced_080,plunging_hotspot,selection,3,8cbf2596725e80267ace580a3898f10f8de6ba064e1b589b96b6f939f2b0d4d7,0.5391435427871742,0.842213892233377,0.8,1.3034255036513535e-15,0.0,0.18038213624394248,-0.0005004924713827045,3.988425652391609e-05,False
L224,structure_balanced_080,plunging_hotspot,selection,4,5c478644f6b0212f2d024ccd0ff5497aacc533285abacce40a4b2d1333a37443,0.468363601502177,0.883535815226474,0.8,1.5192344942123246e-15,0.0,0.18776691592658717,-0.00035019487070889866,4.7869805614751354e-05,False
L224,structure_balanced_080,plunging_hotspot,selection,5,4faa7a021cdaf5fd9ff9e5797004563f1c02864dac541233b81a0a43f21538f4,0.47123062643799746,0.882010032089688,0.8,1.9788151352539128e-15,0.0,0.18748836596571114,-0.004151720962415192,0.0002875504721279988,False
L224,structure_balanced_080,plunging_hotspot,selection,6,c048c3003722e7b106053d09bbbc621eafab8c3206e6cb5884611a7f6d2a5831,0.41811904018293283,0.9083922436021253,0.8,2.280597544917714e-15,0.0,0.19604936102786977,-0.00027682634311697974,3.2614464182949534e-05,False
L224,structure_balanced_080,plunging_hotspot,selection,7,7431493fe95e0dc5f9712e58cc1ccd9e0afe70fd28baa7f5845875fbec18c023,0.443651519754722,0.896199380171246,0.8,2.0212318849326447e-15,0.0,0.19201809908554845,0.0,0.0,False
L224,structure_balanced_080,plunging_hotspot,pilot,0,c9fe7997edb9cd914b2fefa9a8ba127829464abd7cf911e0bf7d2c5379cde5e1,0.49788592262429265,0.8672425312751658,0.8,1.962668691572005e-15,0.0,0.18284616869283024,-0.0004341462391975564,5.5431328882250066e-05,False
L224,structure_balanced_080,plunging_hotspot,pilot,1,c06465bb5f9078931e6db9624df8b553ff40404846110abcc8c131a3110a6649,0.47170040026567744,0.8817588856309868,0.8,1.8613166110583195e-15,0.0,0.18803399266530066,-0.004765293855043927,0.0004228000983270813,False
L224,structure_balanced_080,plunging_hotspot,pilot,2,944f072e60d0d580a73cfb3d9fee403870cd3d4a1b0f00019ec3ad756d4cf432,0.5657358852246619,0.8245865073896542,0.8,1.3995387758638274e-15,0.0,0.1727753965173415,-0.0006477026143539306,6.011672267062191e-05,False
L224,structure_balanced_080,plunging_hotspot,pilot,3,5df1a5d19dee2f8bae3ed13535c3276c3a1abbb654067fa13a5e70e3b7591de7,0.4266127583213158,0.9044343837103268,0.8,1.9741373149078223e-15,0.0,0.19515351056032193,-0.00044009790091879245,3.285032421575937e-05,False
L224,structure_balanced_080,plunging_hotspot,pilot,4,c7bd3e1a04fe744ccfa18b3a4a3b13e3fce34dbd9dbc6b35448421bf0969b2c1,0.5268685066250651,0.8499468081748844,0.8,1.5902833563997176e-15,0.0,0.18083045512953966,-0.00046337351467928074,4.6225360663682586e-05,False
L224,structure_balanced_080,plunging_hotspot,pilot,5,a64ac8f74690591d60e7a32855972fc694e19b2a768456f091aac9ce6942c61a,0.4531422582821423,0.891438216456396,0.8,1.7869443546294703e-15,0.0,0.1912847071430815,-0.00044045936985763587,3.83494569250597e-05,False
L224,structure_balanced_080,plunging_hotspot,pilot,6,fa531b75c33ca016b47ca91857c27e36e0b0837127204a840a562a1fc98ede1f,0.5114891686391967,0.8592897243449286,0.8,1.9425276960679418e-15,0.0,0.18019464788993372,-0.001163387375852019,6.0601372068656895e-05,False
L224,structure_balanced_080,plunging_hotspot,pilot,7,482fffdb8da19d1831cce0330d71c4cedf35c113ab282381035393e85fe48b80,0.5937956128011096,0.8046159147184169,0.8,1.7980683704934305e-15,0.0,0.17269174757459596,-0.0005698749899661641,3.7430086701470465e-05,False
