reading,arm,readout,snr,source_seed,rule,hyperparameter,nrmse,visible_component_error,null_component_error,data_residual
B_cells6_screen2,resolved_identical,resolved,-1.0,300000,oracle,1e-10,0.5629423798367554,9.929394948966153e-09,0.8659946468311026,8.552132003563572e-10
B_cells6_screen2,resolved_identical,resolved,-1.0,300000,gcv,1e-10,0.5629423798367554,9.929394948966153e-09,0.8659946468311026,8.552132003563572e-10
B_cells6_screen2,resolved_identical,resolved,-1.0,300001,oracle,1e-10,0.43579632199787666,1.0238033525752441e-08,0.904171086074033,1.2125094721342946e-09
B_cells6_screen2,resolved_identical,resolved,-1.0,300001,gcv,1e-10,0.43579632199787666,1.0238033525752441e-08,0.904171086074033,1.2125094721342946e-09
B_cells6_screen2,resolved_identical,resolved,-1.0,300002,oracle,1e-10,0.5366360094361309,5.439635845718391e-09,0.8407376045372256,6.073630445169396e-10
B_cells6_screen2,resolved_identical,resolved,-1.0,300002,gcv,1e-10,0.5366360094361309,5.439635845718391e-09,0.8407376045372256,6.073630445169396e-10
B_cells6_screen2,resolved_identical,resolved,-1.0,300003,oracle,1.1242100350620885e-07,0.17430148508904447,1.803192987098376e-05,0.3177520931756448,2.179934746927487e-06
B_cells6_screen2,resolved_identical,resolved,-1.0,300003,gcv,1e-10,0.17430267277255573,1.6040191149616192e-08,0.3177542599747069,1.93914688252513e-09
B_cells6_screen2,resolved_identical,resolved,-1.0,300004,oracle,2.868316813342009e-07,0.4298905127349883,2.161608135883013e-05,0.6393623352071117,2.041232299557706e-06
B_cells6_screen2,resolved_identical,resolved,-1.0,300004,gcv,1e-10,0.42989139011191435,7.536647741849104e-09,0.6393636407604957,7.116859879921418e-10
B_cells6_screen2,resolved_identical,resolved,-1.0,300005,oracle,1e-10,0.48071291802765326,8.505893169908027e-09,0.8026455178655592,7.908983292066809e-10
B_cells6_screen2,resolved_identical,resolved,-1.0,300005,gcv,1e-10,0.48071291802765326,8.505893169908027e-09,0.8026455178655592,7.908983292066809e-10
B_cells6_screen2,resolved_identical,resolved,-1.0,300006,oracle,1.7957144943716408e-07,0.4208467330130659,1.035852404933491e-05,0.6129361175334451,9.65220581421731e-07
B_cells6_screen2,resolved_identical,resolved,-1.0,300006,gcv,1e-10,0.4208473936974712,5.7688236237811004e-09,0.612937079930443,5.375429744740909e-10
B_cells6_screen2,resolved_identical,resolved,-1.0,300007,oracle,1e-10,0.3641510971292191,9.818808031864706e-09,0.567976910696493,9.73779453646498e-10
B_cells6_screen2,resolved_identical,resolved,-1.0,300007,gcv,1e-10,0.3641510971292191,9.818808031864706e-09,0.567976910696493,9.73779453646498e-10
B_cells6_screen2,resolved_identical,resolved,100.0,300000,oracle,1e-10,0.5573307983852477,0.038125716197427946,0.8559907211424864,16.73962224562436
B_cells6_screen2,resolved_identical,resolved,100.0,300000,gcv,6.02089449333615,0.5635954878870965,0.03279163717309943,0.8659963207257337,16.741549799952768
B_cells6_screen2,resolved_identical,resolved,100.0,300000,discrepancy,62.60516572014828,0.5689923682148124,0.10011719510816461,0.865996320725852,16.867330134737564
B_cells6_screen2,resolved_identical,resolved,100.0,300001,oracle,2.551406520031293e-10,0.43113888089734614,0.04828375302363501,0.8899523091095968,15.55478486337901
B_cells6_screen2,resolved_identical,resolved,100.0,300001,gcv,3.7693909753883634,0.43863672465486575,0.05535666570717445,0.9041743335026468,15.55602241290962
B_cells6_screen2,resolved_identical,resolved,100.0,300001,discrepancy,62.60516572014828,0.45415554319298057,0.14201304685856594,0.904174333504285,15.748578546982136
B_cells6_screen2,resolved_identical,resolved,100.0,300002,oracle,1e-10,0.4699173832390291,0.03639016056576752,0.7346373287302876,16.673462589433885
B_cells6_screen2,resolved_identical,resolved,100.0,300002,gcv,15.361749466718296,0.5376870464475397,0.039781796900919014,0.840740987324577,16.67915244509214
B_cells6_screen2,resolved_identical,resolved,100.0,300002,discrepancy,100.0,0.5419537477826112,0.08973418820265512,0.8407409873252026,16.84104593726553
B_cells6_screen2,resolved_identical,resolved,100.0,300003,oracle,0.00012638482029342997,0.18633777368786014,0.06690861061235895,0.3177521187103594,16.50846243597711
B_cells6_screen2,resolved_identical,resolved,100.0,300003,gcv,1.4773776525985156,0.18670779728174072,0.06796416946447287,0.31775209116757813,16.50902448171822
B_cells6_screen2,resolved_identical,resolved,100.0,300003,discrepancy,39.19406774847229,0.2275453211181069,0.1485471689410918,0.31775209116504244,16.78171627947169
B_cells6_screen2,resolved_identical,resolved,100.0,300004,oracle,3.7693909753883634,0.43862966194869585,0.09649260367822961,0.6393623347182678,16.572417915771638
B_cells6_screen2,resolved_identical,resolved,100.0,300004,gcv,9.617248711152984,0.43869011195034535,0.09682912494872283,0.6393623347166143,16.5749042538351
B_cells6_screen2,resolved_identical,resolved,100.0,300004,discrepancy,100.0,0.4476671343502347,0.13833495219306854,0.6393623347153504,16.754033807806206
B_cells6_screen2,resolved_identical,resolved,100.0,300005,oracle,2.6529484644318945e-09,0.48310788406681054,0.05665738273603996,0.802367695834937,16.510831645314948
B_cells6_screen2,resolved_identical,resolved,100.0,300005,gcv,15.361749466718296,0.48530164026387707,0.07592678448764717,0.8026456434048906,16.51786176280042
B_cells6_screen2,resolved_identical,resolved,100.0,300005,discrepancy,100.0,0.4990794400601192,0.15298203791689938,0.8026456434048028,16.66081993268043
B_cells6_screen2,resolved_identical,resolved,100.0,300006,oracle,9.617248711152984,0.42217883071609436,0.036941805851939395,0.6129361169562249,15.289416878112839
B_cells6_screen2,resolved_identical,resolved,100.0,300006,gcv,15.361749466718296,0.4222496598759445,0.037912797982916704,0.612936116955698,15.292340407059868
B_cells6_screen2,resolved_identical,resolved,100.0,300006,discrepancy,100.0,0.42844692322198336,0.08856677137232248,0.6129361169549408,15.404743632437665
B_cells6_screen2,resolved_identical,resolved,100.0,300007,oracle,39.19406774847229,0.36628553682461606,0.04239308904305985,0.5679773720580892,16.74552349176021
B_cells6_screen2,resolved_identical,resolved,100.0,300007,gcv,3.7693909753883634,0.3710365846330676,0.07639220912962488,0.5679773720572469,16.64920487456798
B_cells6_screen2,resolved_identical,resolved,100.0,300007,discrepancy,100.0,0.3776769388168628,0.10755261186972577,0.5679773720581622,17.06246807645115
B_cells6_screen2,resolved_identical,resolved,10.0,300000,oracle,1.4773776525985156,0.5964678407910026,0.2385385936394253,0.8659963207258401,16.74841321130777
B_cells6_screen2,resolved_identical,resolved,10.0,300000,gcv,15.361749466718296,0.6505599284717091,0.39452352781940714,0.8659963207258619,16.829599726290674
B_cells6_screen2,resolved_identical,resolved,10.0,300000,discrepancy,39.19406774847229,0.6827702276141201,0.4674612162364766,0.8659963207258636,16.97418547726262
B_cells6_screen2,resolved_identical,resolved,10.0,300001,oracle,15.361749466718296,0.5827942731796816,0.429921816735982,0.9041743335043378,15.666476893257128
B_cells6_screen2,resolved_identical,resolved,10.0,300001,gcv,9.617248711152984,0.5833592737056044,0.43086670423814855,0.9041743335043428,15.605760497687172
B_cells6_screen2,resolved_identical,resolved,10.0,300001,discrepancy,24.537511066398267,0.5865768773653978,0.43622591946019473,0.9041743335043323,15.791782660239313
B_cells6_screen2,resolved_identical,resolved,10.0,300002,oracle,6.02089449333615,0.5821494682696035,0.2674160758054757,0.8407409873253535,16.719557407415248
B_cells6_screen2,resolved_identical,resolved,10.0,300002,gcv,6.02089449333615,0.5821494682696035,0.2674160758054757,0.8407409873253535,16.719557407415248
B_cells6_screen2,resolved_identical,resolved,10.0,300002,discrepancy,24.537511066398267,0.618501874727097,0.3644324862628412,0.8407409873253369,16.910311999369515
B_cells6_screen2,resolved_identical,resolved,10.0,300003,oracle,1.4773776525985156,0.5829937893149842,0.564976386852823,0.31775209116491543,16.532404684439573
B_cells6_screen2,resolved_identical,resolved,10.0,300003,gcv,15.361749466718296,0.6956879550641679,0.6839688333058205,0.3177520911649419,16.63129161371338
B_cells6_screen2,resolved_identical,resolved,10.0,300003,discrepancy,62.60516572014828,0.7311419166017998,0.72109997104867,0.31775209116494424,16.944130703642486
B_cells6_screen2,resolved_identical,resolved,10.0,300004,oracle,9.617248711152984,0.5558339266070788,0.39024286135725766,0.6393623347152492,16.67402735708011
B_cells6_screen2,resolved_identical,resolved,10.0,300004,gcv,9.617248711152984,0.5558339266070788,0.39024286135725766,0.6393623347152492,16.67402735708011
B_cells6_screen2,resolved_identical,resolved,10.0,300004,discrepancy,39.19406774847229,0.6037240798028238,0.46947839502398037,0.639362334715248,16.914805115415003
B_cells6_screen2,resolved_identical,resolved,10.0,300005,oracle,24.537511066398267,0.5932907393081186,0.39654273563440406,0.8026456434047999,16.643107826530077
B_cells6_screen2,resolved_identical,resolved,10.0,300005,gcv,15.361749466718296,0.5954591794698229,0.4007475143570589,0.8026456434048026,16.5826496758183
B_cells6_screen2,resolved_identical,resolved,10.0,300005,discrepancy,39.19406774847229,0.5952357685327486,0.4003156375891189,0.8026456434047994,16.758645578590308
B_cells6_screen2,resolved_identical,resolved,10.0,300006,oracle,15.361749466718296,0.4886236638097352,0.2736937389105692,0.6129361169548333,15.38016822317409
B_cells6_screen2,resolved_identical,resolved,10.0,300006,gcv,9.617248711152984,0.49208395405427524,0.2811266497131825,0.6129361169548397,15.340247915435215
B_cells6_screen2,resolved_identical,resolved,10.0,300006,discrepancy,39.19406774847229,0.49789089492300503,0.2932886448669771,0.6129361169548286,15.566596541534976
B_cells6_screen2,resolved_identical,resolved,10.0,300007,oracle,3.7693909753883634,0.44267322708630075,0.2702568069434126,0.5679773720582029,16.729712938233657
B_cells6_screen2,resolved_identical,resolved,10.0,300007,gcv,2.3598334667821987,0.45369619048615556,0.29056829118337457,0.567977372058212,16.703309808501714
B_cells6_screen2,resolved_identical,resolved,10.0,300007,discrepancy,39.19406774847229,0.6193086982249758,0.5378661662321385,0.5679773720581887,17.076240192758245
B_cells6_screen2,resolved_diverse,resolved,-1.0,300000,oracle,1e-10,1.1522493417676635e-08,1.1522493425419153e-08,3.180986353285387e-16,8.651643432156595e-10
B_cells6_screen2,resolved_diverse,resolved,-1.0,300000,gcv,1e-10,1.1522493417676635e-08,1.1522493425419153e-08,3.180986353285387e-16,8.651643432156595e-10
B_cells6_screen2,resolved_diverse,resolved,-1.0,300001,oracle,1e-10,1.4386896455688906e-08,1.4386896450225366e-08,4.971851851796287e-16,1.3710416948727365e-09
B_cells6_screen2,resolved_diverse,resolved,-1.0,300001,gcv,1e-10,1.4386896455688906e-08,1.4386896450225366e-08,4.971851851796287e-16,1.3710416948727365e-09
B_cells6_screen2,resolved_diverse,resolved,-1.0,300002,oracle,1e-10,5.6603015922619546e-09,5.660301647471054e-09,3.5809331620365754e-16,6.739071822416748e-10
B_cells6_screen2,resolved_diverse,resolved,-1.0,300002,gcv,1e-10,5.6603015922619546e-09,5.660301647471054e-09,3.5809331620365754e-16,6.739071822416748e-10
B_cells6_screen2,resolved_diverse,resolved,-1.0,300003,oracle,1e-10,4.547880371563973e-08,4.547880361611603e-08,4.771214933605184e-16,2.7342621761306652e-09
B_cells6_screen2,resolved_diverse,resolved,-1.0,300003,gcv,1e-10,4.547880371563973e-08,4.547880361611603e-08,4.771214933605184e-16,2.7342621761306652e-09
B_cells6_screen2,resolved_diverse,resolved,-1.0,300004,oracle,1e-10,9.25062395480244e-09,9.250623884339091e-09,3.147316217316019e-16,8.512449018587375e-10
B_cells6_screen2,resolved_diverse,resolved,-1.0,300004,gcv,1e-10,9.25062395480244e-09,9.250623884339091e-09,3.147316217316019e-16,8.512449018587375e-10
B_cells6_screen2,resolved_diverse,resolved,-1.0,300005,oracle,1e-10,3.134403720508517e-08,3.134403725869013e-08,4.2845739812580586e-16,1.7250687012747802e-09
B_cells6_screen2,resolved_diverse,resolved,-1.0,300005,gcv,1e-10,3.134403720508517e-08,3.134403725869013e-08,4.2845739812580586e-16,1.7250687012747802e-09
B_cells6_screen2,resolved_diverse,resolved,-1.0,300006,oracle,1e-10,6.2391504480042726e-09,6.23915046750888e-09,3.623205760570257e-16,5.427110576622198e-10
B_cells6_screen2,resolved_diverse,resolved,-1.0,300006,gcv,1e-10,6.2391504480042726e-09,6.23915046750888e-09,3.623205760570257e-16,5.427110576622198e-10
B_cells6_screen2,resolved_diverse,resolved,-1.0,300007,oracle,1e-10,7.585511993313385e-09,7.585512049423495e-09,3.989260567036801e-16,1.0424553374411268e-09
B_cells6_screen2,resolved_diverse,resolved,-1.0,300007,gcv,1e-10,7.585511993313385e-09,7.585512049423495e-09,3.989260567036801e-16,1.0424553374411268e-09
B_cells6_screen2,resolved_diverse,resolved,100.0,300000,oracle,39.19406774847229,0.07803266623142024,0.07803266623142015,3.7333474975514796e-16,16.59501024183522
B_cells6_screen2,resolved_diverse,resolved,100.0,300000,gcv,9.617248711152984,0.1072674254109579,0.10726742541095781,3.840427137701379e-16,16.515572081859226
B_cells6_screen2,resolved_diverse,resolved,100.0,300000,discrepancy,100.0,0.12274893150702293,0.12274893150702275,3.8647754783925606e-16,16.829512755037698
B_cells6_screen2,resolved_diverse,resolved,100.0,300001,oracle,39.19406774847229,0.04509676792558098,0.0450967679255809,4.732714238271012e-16,15.366221394002814
B_cells6_screen2,resolved_diverse,resolved,100.0,300001,gcv,3.7693909753883634,0.11349064439281617,0.11349064439281614,4.3691297473157094e-16,15.13584509682931
B_cells6_screen2,resolved_diverse,resolved,100.0,300001,discrepancy,62.60516572014828,0.0724613914004019,0.07246139140040184,3.4159107031525234e-16,15.586220060193407
B_cells6_screen2,resolved_diverse,resolved,100.0,300002,oracle,24.537511066398267,0.07372043868867022,0.07372043868867006,4.553442605056512e-16,16.48591802508199
B_cells6_screen2,resolved_diverse,resolved,100.0,300002,gcv,24.537511066398267,0.07372043868867022,0.07372043868867006,4.553442605056512e-16,16.48591802508199
B_cells6_screen2,resolved_diverse,resolved,100.0,300002,discrepancy,100.0,0.09301763983591924,0.09301763983591918,4.2157706612253544e-16,16.72521400978343
B_cells6_screen2,resolved_diverse,resolved,100.0,300003,oracle,2.3598334667821987,0.08008645150194789,0.08008645150194785,3.351430085944972e-16,16.224994059088086
B_cells6_screen2,resolved_diverse,resolved,100.0,300003,gcv,2.3598334667821987,0.08008645150194789,0.08008645150194785,3.351430085944972e-16,16.224994059088086
B_cells6_screen2,resolved_diverse,resolved,100.0,300003,discrepancy,62.60516572014828,0.29033400671858395,0.2903340067185837,5.103861891161692e-16,16.76323267984587
B_cells6_screen2,resolved_diverse,resolved,100.0,300004,oracle,6.02089449333615,0.11402457986975924,0.11402457986975917,4.52629878708565e-16,16.184896217007072
B_cells6_screen2,resolved_diverse,resolved,100.0,300004,gcv,15.361749466718296,0.11602980739284008,0.11602980739284002,3.71834244184471e-16,16.19498549760934
B_cells6_screen2,resolved_diverse,resolved,100.0,300004,discrepancy,100.0,0.1768129316925713,0.17681293169257126,3.910640135906078e-16,16.456928556642364
B_cells6_screen2,resolved_diverse,resolved,100.0,300005,oracle,6.02089449333615,0.05741352307587777,0.05741352307587778,5.342823339686356e-16,16.256362447572513
B_cells6_screen2,resolved_diverse,resolved,100.0,300005,gcv,3.7693909753883634,0.06336931417764834,0.06336931417764828,4.141761285323018e-16,16.250856170703116
B_cells6_screen2,resolved_diverse,resolved,100.0,300005,discrepancy,100.0,0.21911274320697754,0.2191127432069777,5.988454449086548e-16,16.687531308966673
B_cells6_screen2,resolved_diverse,resolved,100.0,300006,oracle,1e-10,0.05820014668304159,0.05820014668304165,5.39284209545046e-16,15.093720952922554
B_cells6_screen2,resolved_diverse,resolved,100.0,300006,gcv,39.19406774847229,0.06572778869629119,0.06572778869629133,4.434658988004889e-16,15.124012347583786
B_cells6_screen2,resolved_diverse,resolved,100.0,300006,discrepancy,100.0,0.08462830760886976,0.08462830760886994,4.101034523862893e-16,15.252684839552686
B_cells6_screen2,resolved_diverse,resolved,100.0,300007,oracle,9.617248711152984,0.11949317729646561,0.11949317729646565,2.892153953322128e-16,16.216005656109918
B_cells6_screen2,resolved_diverse,resolved,100.0,300007,gcv,9.617248711152984,0.11949317729646561,0.11949317729646565,2.892153953322128e-16,16.216005656109918
B_cells6_screen2,resolved_diverse,resolved,100.0,300007,discrepancy,100.0,0.1850575272055827,0.18505752720558258,2.980899072581393e-16,16.70737639750893
B_cells6_screen2,resolved_diverse,resolved,10.0,300000,oracle,6.02089449333615,0.4182012916382621,0.4182012916382621,4.974591792020691e-16,16.605918195515926
B_cells6_screen2,resolved_diverse,resolved,10.0,300000,gcv,15.361749466718296,0.43457103007888453,0.4345710300788845,6.02629958694323e-16,16.709833906518693
B_cells6_screen2,resolved_diverse,resolved,10.0,300000,discrepancy,24.537511066398267,0.4550734456179025,0.4550734456179025,7.0968120976732775e-16,16.82121969247001
B_cells6_screen2,resolved_diverse,resolved,10.0,300001,oracle,3.7693909753883634,0.29031131148976125,0.29031131148976114,7.266961934974163e-16,15.328247163843148
B_cells6_screen2,resolved_diverse,resolved,10.0,300001,gcv,1.4773776525985156,0.3800179126942751,0.380017912694275,8.745416400502178e-16,15.231459208881583
B_cells6_screen2,resolved_diverse,resolved,10.0,300001,discrepancy,15.361749466718296,0.37088791215566036,0.3708879121556603,6.493011183558211e-16,15.648184572287876
B_cells6_screen2,resolved_diverse,resolved,10.0,300002,oracle,6.02089449333615,0.400026107841388,0.4000261078413879,7.453499376270522e-16,16.54706987237367
B_cells6_screen2,resolved_diverse,resolved,10.0,300002,gcv,9.617248711152984,0.41080883251535116,0.4108088325153512,9.575896418385087e-16,16.59571750840515
B_cells6_screen2,resolved_diverse,resolved,10.0,300002,discrepancy,39.19406774847229,0.5116943724269957,0.511694372426996,1.252774249793911e-15,16.98182667164974
B_cells6_screen2,resolved_diverse,resolved,10.0,300003,oracle,3.7693909753883634,0.6480953747018612,0.6480953747018618,1.0979227140273943e-15,16.304320969531034
B_cells6_screen2,resolved_diverse,resolved,10.0,300003,gcv,24.537511066398267,0.6894404806308437,0.6894404806308442,1.3354847292507512e-15,16.5161184516147
B_cells6_screen2,resolved_diverse,resolved,10.0,300003,discrepancy,62.60516572014828,0.7145019195271257,0.7145019195271259,1.294666329493633e-15,16.876073032770233
B_cells6_screen2,resolved_diverse,resolved,10.0,300004,oracle,24.537511066398267,0.5689102273627791,0.568910227362779,9.066830587173652e-16,16.49553610937377
B_cells6_screen2,resolved_diverse,resolved,10.0,300004,gcv,15.361749466718296,0.582406735800759,0.5824067358007589,8.818420337909133e-16,16.38624226392085
B_cells6_screen2,resolved_diverse,resolved,10.0,300004,discrepancy,62.60516572014828,0.5850269325020241,0.585026932502024,9.020512034840333e-16,16.974701237983368
B_cells6_screen2,resolved_diverse,resolved,10.0,300005,oracle,3.7693909753883634,0.4349969529443423,0.4349969529443424,8.0685075672783775e-16,16.31449386066196
B_cells6_screen2,resolved_diverse,resolved,10.0,300005,gcv,15.361749466718296,0.4628573585554551,0.4628573585554552,8.6089585028016425e-16,16.444681631115905
B_cells6_screen2,resolved_diverse,resolved,10.0,300005,discrepancy,39.19406774847229,0.4932416320477349,0.4932416320477352,9.538874547904163e-16,16.73797707131812
B_cells6_screen2,resolved_diverse,resolved,10.0,300006,oracle,6.02089449333615,0.35998718961773135,0.3599871896177319,6.32563056201319e-16,15.14198958209073
B_cells6_screen2,resolved_diverse,resolved,10.0,300006,gcv,15.361749466718296,0.37048879900059184,0.37048879900059234,6.805247455105624e-16,15.218583120781856
B_cells6_screen2,resolved_diverse,resolved,10.0,300006,discrepancy,39.19406774847229,0.4017654458370409,0.4017654458370412,7.52046143726312e-16,15.454766540699758
B_cells6_screen2,resolved_diverse,resolved,10.0,300007,oracle,15.361749466718296,0.6244381721025276,0.6244381721025274,8.374385440880465e-16,16.49190525395773
B_cells6_screen2,resolved_diverse,resolved,10.0,300007,gcv,9.617248711152984,0.6372137892754186,0.6372137892754185,8.350491066336779e-16,16.405136813216547
B_cells6_screen2,resolved_diverse,resolved,10.0,300007,discrepancy,62.60516572014828,0.6552750021150353,0.6552750021150353,9.59980987791096e-16,17.03871807098082
B_cells6_screen2,unresolved_diverse,unresolved,-1.0,300000,oracle,1e-10,0.2586385609634821,0.25433308979639985,0.07475320403686289,2.154544433796517e-06
B_cells6_screen2,unresolved_diverse,unresolved,-1.0,300000,gcv,1e-10,0.2586385609634821,0.25433308979639985,0.07475320403686289,2.154544433796517e-06
B_cells6_screen2,unresolved_diverse,unresolved,-1.0,300001,oracle,1e-10,0.252701132655773,0.07949327703806161,0.4992563101548595,1.1460903109971798e-06
B_cells6_screen2,unresolved_diverse,unresolved,-1.0,300001,gcv,1e-10,0.252701132655773,0.07949327703806161,0.4992563101548595,1.1460903109971798e-06
B_cells6_screen2,unresolved_diverse,unresolved,-1.0,300002,oracle,1e-10,0.45888434020704383,0.14139543437728505,0.6908872151284325,1.7982197015548585e-06
B_cells6_screen2,unresolved_diverse,unresolved,-1.0,300002,gcv,1e-10,0.45888434020704383,0.14139543437728505,0.6908872151284325,1.7982197015548585e-06
B_cells6_screen2,unresolved_diverse,unresolved,-1.0,300003,oracle,1e-10,0.1261450510126772,0.11447939685148427,0.09722464880671002,3.2150571138465833e-06
B_cells6_screen2,unresolved_diverse,unresolved,-1.0,300003,gcv,1e-10,0.1261450510126772,0.11447939685148427,0.09722464880671002,3.2150571138465833e-06
B_cells6_screen2,unresolved_diverse,unresolved,-1.0,300004,oracle,1e-10,0.33155574140207994,0.28283383265338263,0.26827369970813536,1.6313122350112805e-06
B_cells6_screen2,unresolved_diverse,unresolved,-1.0,300004,gcv,1e-10,0.33155574140207994,0.28283383265338263,0.26827369970813536,1.6313122350112805e-06
B_cells6_screen2,unresolved_diverse,unresolved,-1.0,300005,oracle,1e-10,0.5100136629577807,0.4933394071654491,0.24828510285543137,2.9585335621580857e-06
B_cells6_screen2,unresolved_diverse,unresolved,-1.0,300005,gcv,1e-10,0.5100136629577807,0.4933394071654491,0.24828510285543137,2.9585335621580857e-06
B_cells6_screen2,unresolved_diverse,unresolved,-1.0,300006,oracle,1e-10,0.22671385632892327,0.226178141041091,0.023289387631073813,1.598402353749201e-06
B_cells6_screen2,unresolved_diverse,unresolved,-1.0,300006,gcv,1e-10,0.22671385632892327,0.226178141041091,0.023289387631073813,1.598402353749201e-06
B_cells6_screen2,unresolved_diverse,unresolved,-1.0,300007,oracle,1e-10,0.1660337808807048,0.16293228685045946,0.05049550021872002,1.2577226113603935e-06
B_cells6_screen2,unresolved_diverse,unresolved,-1.0,300007,gcv,1e-10,0.1660337808807048,0.16293228685045946,0.05049550021872002,1.2577226113603935e-06
B_cells6_screen2,unresolved_diverse,unresolved,100.0,300000,oracle,6.02089449333615,0.6717971245878213,0.6708298138570066,0.0747541984600968,5.325259635664987
B_cells6_screen2,unresolved_diverse,unresolved,100.0,300000,gcv,24.537511066398267,0.6824979245233385,0.6815709662008724,0.0747541984600472,5.387038966033192
B_cells6_screen2,unresolved_diverse,unresolved,100.0,300000,discrepancy,100.0,0.6928924657511719,0.6920038827931231,0.07475419846003264,5.8111291682371755
B_cells6_screen2,unresolved_diverse,unresolved,100.0,300001,oracle,2.3598334667821987,0.5534808495339506,0.513523079900631,0.49925800689763106,5.955236489300136
B_cells6_screen2,unresolved_diverse,unresolved,100.0,300001,gcv,6.02089449333615,0.5575564490582549,0.5181818356014034,0.49925800689748806,6.0057312351869125
B_cells6_screen2,unresolved_diverse,unresolved,100.0,300001,discrepancy,39.19406774847229,0.5947633343287907,0.5603765422339663,0.49925800689742555,6.483008354525108
B_cells6_screen2,unresolved_diverse,unresolved,100.0,300002,oracle,39.19406774847229,0.7173953847728075,0.6304634258927886,0.6908891154813549,5.414716033054973
B_cells6_screen2,unresolved_diverse,unresolved,100.0,300002,gcv,0.1420830832533924,1.8243898516054617,1.9724405325325414,0.6908891154797397,4.638271368819962
B_cells6_screen2,unresolved_diverse,unresolved,100.0,300002,discrepancy,100.0,0.7206551444947674,0.6350618377270633,0.6908891154813505,6.048949080819126
B_cells6_screen2,unresolved_diverse,unresolved,100.0,300003,oracle,2.3598334667821987,0.7447756995535624,0.7439224672063977,0.09722433756649408,5.556228164137197
B_cells6_screen2,unresolved_diverse,unresolved,100.0,300003,gcv,24.537511066398267,0.7509434198586618,0.750114743495423,0.09722433756630247,5.625695329454959
B_cells6_screen2,unresolved_diverse,unresolved,100.0,300003,discrepancy,100.0,0.7528235037472386,0.7520022611255538,0.09722433756628758,6.200300295936216
B_cells6_screen2,unresolved_diverse,unresolved,100.0,300004,oracle,15.361749466718296,0.6715513480894265,0.6576602938613536,0.2682733024461547,7.229301736627386
B_cells6_screen2,unresolved_diverse,unresolved,100.0,300004,gcv,9.617248711152984,0.6775836190922223,0.6640249333579686,0.2682733024461514,7.135327628285463
B_cells6_screen2,unresolved_diverse,unresolved,100.0,300004,discrepancy,62.60516572014828,0.6893701323180716,0.6764485075538037,0.26827330244616354,7.754593985881833
B_cells6_screen2,unresolved_diverse,unresolved,100.0,300005,oracle,62.60516572014828,0.6162711044708409,0.6047858308307492,0.248285769601316,7.059081656062627
B_cells6_screen2,unresolved_diverse,unresolved,100.0,300005,gcv,24.537511066398267,0.6195716113180156,0.6082244985868309,0.24828576960132961,6.7315440977061
B_cells6_screen2,unresolved_diverse,unresolved,100.0,300005,discrepancy,62.60516572014828,0.6162711044708409,0.6047858308307492,0.248285769601316,7.059081656062627
B_cells6_screen2,unresolved_diverse,unresolved,100.0,300006,oracle,15.361749466718296,0.5140439404124066,0.5138608699970029,0.023289143362491757,4.897230008194162
B_cells6_screen2,unresolved_diverse,unresolved,100.0,300006,gcv,15.361749466718296,0.5140439404124066,0.5138608699970029,0.023289143362491757,4.897230008194162
B_cells6_screen2,unresolved_diverse,unresolved,100.0,300006,discrepancy,100.0,0.5234410643330231,0.5232636643095344,0.023289143362482015,5.688454556546239
B_cells6_screen2,unresolved_diverse,unresolved,100.0,300007,oracle,15.361749466718296,0.6726454860946485,0.6722183028735816,0.0504959405094699,6.837087562479627
B_cells6_screen2,unresolved_diverse,unresolved,100.0,300007,gcv,24.537511066398267,0.674141762528843,0.6737170972379146,0.050495940509473855,6.8859186799228835
B_cells6_screen2,unresolved_diverse,unresolved,100.0,300007,discrepancy,100.0,0.68839627595747,0.6879952197025833,0.05049594050947648,7.5499310558876935
B_cells6_screen2,unresolved_diverse,unresolved,10.0,300000,oracle,9.617248711152984,0.7860323115003752,0.7854567104700133,0.0747541985409765,5.618326531761222
B_cells6_screen2,unresolved_diverse,unresolved,10.0,300000,gcv,9.617248711152984,0.7860323115003752,0.7854567104700133,0.0747541985409765,5.618326531761222
B_cells6_screen2,unresolved_diverse,unresolved,10.0,300000,discrepancy,15.361749466718296,0.7901253719258844,0.7895624248962816,0.07475419854097592,5.819448456281622
B_cells6_screen2,unresolved_diverse,unresolved,10.0,300001,oracle,6.02089449333615,0.6647237723538345,0.6383979947944969,0.4992580069166802,6.475462839316789
B_cells6_screen2,unresolved_diverse,unresolved,10.0,300001,gcv,2.3598334667821987,0.6848778432715412,0.6606237861969665,0.49925800691668126,6.117062846155164
B_cells6_screen2,unresolved_diverse,unresolved,10.0,300001,discrepancy,6.02089449333615,0.6647237723538345,0.6383979947944969,0.4992580069166802,6.475462839316789
B_cells6_screen2,unresolved_diverse,unresolved,10.0,300002,oracle,9.617248711152984,0.8086601901908786,0.7552371750099233,0.6908891154987515,5.75596857424913
B_cells6_screen2,unresolved_diverse,unresolved,10.0,300002,gcv,3.7693909753883634,0.8370404876170147,0.7926943477725361,0.6908891154987514,5.466066465332564
B_cells6_screen2,unresolved_diverse,unresolved,10.0,300002,discrepancy,15.361749466718296,0.8126026824112689,0.7604723025208595,0.6908891154987513,5.993666160604978
B_cells6_screen2,unresolved_diverse,unresolved,10.0,300003,oracle,15.361749466718296,0.8295893782951443,0.8290531992697666,0.09722433757704027,6.647094828372797
B_cells6_screen2,unresolved_diverse,unresolved,10.0,300003,gcv,2.3598334667821987,0.9380961631120208,0.937913744099015,0.09722433757704053,5.728960118766619
B_cells6_screen2,unresolved_diverse,unresolved,10.0,300003,discrepancy,15.361749466718296,0.8295893782951443,0.8290531992697666,0.09722433757704027,6.647094828372797
B_cells6_screen2,unresolved_diverse,unresolved,10.0,300004,oracle,9.617248711152984,0.8554908826794216,0.8502040587307519,0.2682733023823525,7.625158519615869
B_cells6_screen2,unresolved_diverse,unresolved,10.0,300004,gcv,24.537511066398267,0.879249072018731,0.8748984551138884,0.2682733023823526,7.918671307743393
B_cells6_screen2,unresolved_diverse,unresolved,10.0,300004,discrepancy,24.537511066398267,0.879249072018731,0.8748984551138884,0.2682733023823526,7.918671307743393
B_cells6_screen2,unresolved_diverse,unresolved,10.0,300005,oracle,6.02089449333615,0.6662041170953336,0.6566976283352712,0.24828576971850025,7.0000631854616495
B_cells6_screen2,unresolved_diverse,unresolved,10.0,300005,gcv,6.02089449333615,0.6662041170953336,0.6566976283352712,0.24828576971850025,7.0000631854616495
B_cells6_screen2,unresolved_diverse,unresolved,10.0,300005,discrepancy,6.02089449333615,0.6662041170953336,0.6566976283352712,0.24828576971850025,7.0000631854616495
B_cells6_screen2,unresolved_diverse,unresolved,10.0,300006,oracle,9.617248711152984,0.6697282446803816,0.6696229374115462,0.02328914342324217,5.53836588710178
B_cells6_screen2,unresolved_diverse,unresolved,10.0,300006,gcv,2.3598334667821987,0.7903267306323988,0.790265988368753,0.023289143423242894,4.996755459265052
B_cells6_screen2,unresolved_diverse,unresolved,10.0,300006,discrepancy,9.617248711152984,0.6697282446803816,0.6696229374115462,0.02328914342324217,5.53836588710178
B_cells6_screen2,unresolved_diverse,unresolved,10.0,300007,oracle,15.361749466718296,0.8642379266373453,0.8640842791928208,0.050495940545950815,7.362056191840541
B_cells6_screen2,unresolved_diverse,unresolved,10.0,300007,gcv,9.617248711152984,0.8647582028394306,0.8646051936736927,0.05049594054595088,7.167854494655884
B_cells6_screen2,unresolved_diverse,unresolved,10.0,300007,discrepancy,24.537511066398267,0.8762957108973292,0.8761567444196899,0.050495940545950815,7.597047524037333
