geometry,source_class,arm,snr0,T_rec_best_mode,right_censored,age_grid_max,depth_report
a000_i020,C224,DIRECT_PHYSICAL,1.0,-1.0,False,252.0,none
a000_i020,C224,DIRECT_PHYSICAL,3.0,16.0,False,252.0,16.0
a000_i020,C224,DIRECT_PHYSICAL,10.0,20.0,False,252.0,20.0
a000_i020,C224,DIRECT_PHYSICAL,30.0,20.0,False,252.0,20.0
a000_i020,C224,DIRECT_PHYSICAL,100.0,24.0,False,252.0,24.0
a000_i020,C224,DIRECT_PHYSICAL,300.0,24.0,False,252.0,24.0
a000_i020,C224,DIRECT_PHYSICAL,1000.0,24.0,False,252.0,24.0
a000_i020,C224,DIRECT_PHYSICAL,3000.0,28.0,False,252.0,28.0
a000_i020,C224,DIRECT_PHYSICAL,10000.0,28.0,False,252.0,28.0
a000_i020,C224,DIRECT_PHYSICAL,30000.0,28.0,False,252.0,28.0
a000_i020,C224,DIRECT_PHYSICAL,100000.0,28.0,False,252.0,28.0
a000_i020,C224,DIRECT_PHYSICAL,1000000.0,32.0,False,252.0,32.0
a000_i020,C224,RESOLVED_PHYSICAL,1.0,-1.0,False,252.0,none
a000_i020,C224,RESOLVED_PHYSICAL,3.0,16.0,False,252.0,16.0
a000_i020,C224,RESOLVED_PHYSICAL,10.0,20.0,False,252.0,20.0
a000_i020,C224,RESOLVED_PHYSICAL,30.0,44.0,False,252.0,44.0
a000_i020,C224,RESOLVED_PHYSICAL,100.0,68.0,False,252.0,68.0
a000_i020,C224,RESOLVED_PHYSICAL,300.0,80.0,False,252.0,80.0
a000_i020,C224,RESOLVED_PHYSICAL,1000.0,92.0,False,252.0,92.0
a000_i020,C224,RESOLVED_PHYSICAL,3000.0,96.0,False,252.0,96.0
a000_i020,C224,RESOLVED_PHYSICAL,10000.0,100.0,False,252.0,100.0
a000_i020,C224,RESOLVED_PHYSICAL,30000.0,100.0,False,252.0,100.0
a000_i020,C224,RESOLVED_PHYSICAL,100000.0,104.0,False,252.0,104.0
a000_i020,C224,RESOLVED_PHYSICAL,1000000.0,104.0,False,252.0,104.0
a000_i020,C224,DELAY_ONLY,1.0,-1.0,False,252.0,none
a000_i020,C224,DELAY_ONLY,3.0,16.0,False,252.0,16.0
a000_i020,C224,DELAY_ONLY,10.0,20.0,False,252.0,20.0
a000_i020,C224,DELAY_ONLY,30.0,64.0,False,252.0,64.0
a000_i020,C224,DELAY_ONLY,100.0,80.0,False,252.0,80.0
a000_i020,C224,DELAY_ONLY,300.0,92.0,False,252.0,92.0
a000_i020,C224,DELAY_ONLY,1000.0,96.0,False,252.0,96.0
a000_i020,C224,DELAY_ONLY,3000.0,100.0,False,252.0,100.0
a000_i020,C224,DELAY_ONLY,10000.0,100.0,False,252.0,100.0
a000_i020,C224,DELAY_ONLY,30000.0,104.0,False,252.0,104.0
a000_i020,C224,DELAY_ONLY,100000.0,104.0,False,252.0,104.0
a000_i020,C224,DELAY_ONLY,1000000.0,104.0,False,252.0,104.0
a000_i020,C224,SPATIAL_ONLY,1.0,-1.0,False,252.0,none
a000_i020,C224,SPATIAL_ONLY,3.0,16.0,False,252.0,16.0
a000_i020,C224,SPATIAL_ONLY,10.0,20.0,False,252.0,20.0
a000_i020,C224,SPATIAL_ONLY,30.0,20.0,False,252.0,20.0
a000_i020,C224,SPATIAL_ONLY,100.0,24.0,False,252.0,24.0
a000_i020,C224,SPATIAL_ONLY,300.0,24.0,False,252.0,24.0
a000_i020,C224,SPATIAL_ONLY,1000.0,28.0,False,252.0,28.0
a000_i020,C224,SPATIAL_ONLY,3000.0,32.0,False,252.0,32.0
a000_i020,C224,SPATIAL_ONLY,10000.0,32.0,False,252.0,32.0
a000_i020,C224,SPATIAL_ONLY,30000.0,32.0,False,252.0,32.0
a000_i020,C224,SPATIAL_ONLY,100000.0,36.0,False,252.0,36.0
a000_i020,C224,SPATIAL_ONLY,1000000.0,36.0,False,252.0,36.0
a000_i020,C224,UNRESOLVED_IMAGE,1.0,-1.0,False,252.0,none
a000_i020,C224,UNRESOLVED_IMAGE,3.0,16.0,False,252.0,16.0
a000_i020,C224,UNRESOLVED_IMAGE,10.0,20.0,False,252.0,20.0
a000_i020,C224,UNRESOLVED_IMAGE,30.0,20.0,False,252.0,20.0
a000_i020,C224,UNRESOLVED_IMAGE,100.0,28.0,False,252.0,28.0
a000_i020,C224,UNRESOLVED_IMAGE,300.0,52.0,False,252.0,52.0
a000_i020,C224,UNRESOLVED_IMAGE,1000.0,72.0,False,252.0,72.0
a000_i020,C224,UNRESOLVED_IMAGE,3000.0,80.0,False,252.0,80.0
a000_i020,C224,UNRESOLVED_IMAGE,10000.0,84.0,False,252.0,84.0
a000_i020,C224,UNRESOLVED_IMAGE,30000.0,88.0,False,252.0,88.0
a000_i020,C224,UNRESOLVED_IMAGE,100000.0,96.0,False,252.0,96.0
a000_i020,C224,UNRESOLVED_IMAGE,1000000.0,100.0,False,252.0,100.0
a000_i020,C224,EQUALIZED_ORDER_SENSITIVITY,1.0,36.0,False,252.0,36.0
a000_i020,C224,EQUALIZED_ORDER_SENSITIVITY,3.0,60.0,False,252.0,60.0
a000_i020,C224,EQUALIZED_ORDER_SENSITIVITY,10.0,88.0,False,252.0,88.0
a000_i020,C224,EQUALIZED_ORDER_SENSITIVITY,30.0,96.0,False,252.0,96.0
a000_i020,C224,EQUALIZED_ORDER_SENSITIVITY,100.0,100.0,False,252.0,100.0
a000_i020,C224,EQUALIZED_ORDER_SENSITIVITY,300.0,100.0,False,252.0,100.0
a000_i020,C224,EQUALIZED_ORDER_SENSITIVITY,1000.0,104.0,False,252.0,104.0
a000_i020,C224,EQUALIZED_ORDER_SENSITIVITY,3000.0,104.0,False,252.0,104.0
a000_i020,C224,EQUALIZED_ORDER_SENSITIVITY,10000.0,104.0,False,252.0,104.0
a000_i020,C224,EQUALIZED_ORDER_SENSITIVITY,30000.0,104.0,False,252.0,104.0
a000_i020,C224,EQUALIZED_ORDER_SENSITIVITY,100000.0,108.0,False,252.0,108.0
a000_i020,C224,EQUALIZED_ORDER_SENSITIVITY,1000000.0,108.0,False,252.0,108.0
a000_i020,C224,PAIRING_DESTROYED,1.0,-1.0,False,252.0,none
a000_i020,C224,PAIRING_DESTROYED,3.0,16.0,False,252.0,16.0
a000_i020,C224,PAIRING_DESTROYED,10.0,36.0,False,252.0,36.0
a000_i020,C224,PAIRING_DESTROYED,30.0,68.0,False,252.0,68.0
a000_i020,C224,PAIRING_DESTROYED,100.0,80.0,False,252.0,80.0
a000_i020,C224,PAIRING_DESTROYED,300.0,96.0,False,252.0,96.0
a000_i020,C224,PAIRING_DESTROYED,1000.0,100.0,False,252.0,100.0
a000_i020,C224,PAIRING_DESTROYED,3000.0,100.0,False,252.0,100.0
a000_i020,C224,PAIRING_DESTROYED,10000.0,104.0,False,252.0,104.0
a000_i020,C224,PAIRING_DESTROYED,30000.0,104.0,False,252.0,104.0
a000_i020,C224,PAIRING_DESTROYED,100000.0,104.0,False,252.0,104.0
a000_i020,C224,PAIRING_DESTROYED,1000000.0,108.0,False,252.0,108.0
a000_i020,C448_T,DIRECT_PHYSICAL,1.0,-1.0,False,252.0,none
a000_i020,C448_T,DIRECT_PHYSICAL,3.0,16.0,False,252.0,16.0
a000_i020,C448_T,DIRECT_PHYSICAL,10.0,20.0,False,252.0,20.0
a000_i020,C448_T,DIRECT_PHYSICAL,30.0,20.0,False,252.0,20.0
a000_i020,C448_T,DIRECT_PHYSICAL,100.0,24.0,False,252.0,24.0
a000_i020,C448_T,DIRECT_PHYSICAL,300.0,24.0,False,252.0,24.0
a000_i020,C448_T,DIRECT_PHYSICAL,1000.0,24.0,False,252.0,24.0
a000_i020,C448_T,DIRECT_PHYSICAL,3000.0,28.0,False,252.0,28.0
a000_i020,C448_T,DIRECT_PHYSICAL,10000.0,28.0,False,252.0,28.0
a000_i020,C448_T,DIRECT_PHYSICAL,30000.0,28.0,False,252.0,28.0
a000_i020,C448_T,DIRECT_PHYSICAL,100000.0,28.0,False,252.0,28.0
a000_i020,C448_T,DIRECT_PHYSICAL,1000000.0,32.0,False,252.0,32.0
a000_i020,C448_T,RESOLVED_PHYSICAL,1.0,-1.0,False,252.0,none
a000_i020,C448_T,RESOLVED_PHYSICAL,3.0,16.0,False,252.0,16.0
a000_i020,C448_T,RESOLVED_PHYSICAL,10.0,20.0,False,252.0,20.0
a000_i020,C448_T,RESOLVED_PHYSICAL,30.0,44.0,False,252.0,44.0
a000_i020,C448_T,RESOLVED_PHYSICAL,100.0,68.0,False,252.0,68.0
a000_i020,C448_T,RESOLVED_PHYSICAL,300.0,80.0,False,252.0,80.0
a000_i020,C448_T,RESOLVED_PHYSICAL,1000.0,92.0,False,252.0,92.0
a000_i020,C448_T,RESOLVED_PHYSICAL,3000.0,96.0,False,252.0,96.0
a000_i020,C448_T,RESOLVED_PHYSICAL,10000.0,100.0,False,252.0,100.0
a000_i020,C448_T,RESOLVED_PHYSICAL,30000.0,100.0,False,252.0,100.0
a000_i020,C448_T,RESOLVED_PHYSICAL,100000.0,104.0,False,252.0,104.0
a000_i020,C448_T,RESOLVED_PHYSICAL,1000000.0,104.0,False,252.0,104.0
a000_i020,C448_T,DELAY_ONLY,1.0,-1.0,False,252.0,none
a000_i020,C448_T,DELAY_ONLY,3.0,16.0,False,252.0,16.0
a000_i020,C448_T,DELAY_ONLY,10.0,20.0,False,252.0,20.0
a000_i020,C448_T,DELAY_ONLY,30.0,64.0,False,252.0,64.0
a000_i020,C448_T,DELAY_ONLY,100.0,80.0,False,252.0,80.0
a000_i020,C448_T,DELAY_ONLY,300.0,92.0,False,252.0,92.0
a000_i020,C448_T,DELAY_ONLY,1000.0,96.0,False,252.0,96.0
a000_i020,C448_T,DELAY_ONLY,3000.0,100.0,False,252.0,100.0
a000_i020,C448_T,DELAY_ONLY,10000.0,100.0,False,252.0,100.0
a000_i020,C448_T,DELAY_ONLY,30000.0,104.0,False,252.0,104.0
a000_i020,C448_T,DELAY_ONLY,100000.0,104.0,False,252.0,104.0
a000_i020,C448_T,DELAY_ONLY,1000000.0,104.0,False,252.0,104.0
a000_i020,C448_T,SPATIAL_ONLY,1.0,-1.0,False,252.0,none
a000_i020,C448_T,SPATIAL_ONLY,3.0,16.0,False,252.0,16.0
a000_i020,C448_T,SPATIAL_ONLY,10.0,20.0,False,252.0,20.0
a000_i020,C448_T,SPATIAL_ONLY,30.0,20.0,False,252.0,20.0
a000_i020,C448_T,SPATIAL_ONLY,100.0,24.0,False,252.0,24.0
a000_i020,C448_T,SPATIAL_ONLY,300.0,24.0,False,252.0,24.0
a000_i020,C448_T,SPATIAL_ONLY,1000.0,28.0,False,252.0,28.0
a000_i020,C448_T,SPATIAL_ONLY,3000.0,32.0,False,252.0,32.0
a000_i020,C448_T,SPATIAL_ONLY,10000.0,32.0,False,252.0,32.0
a000_i020,C448_T,SPATIAL_ONLY,30000.0,32.0,False,252.0,32.0
a000_i020,C448_T,SPATIAL_ONLY,100000.0,36.0,False,252.0,36.0
a000_i020,C448_T,SPATIAL_ONLY,1000000.0,36.0,False,252.0,36.0
a000_i020,C448_T,UNRESOLVED_IMAGE,1.0,-1.0,False,252.0,none
a000_i020,C448_T,UNRESOLVED_IMAGE,3.0,16.0,False,252.0,16.0
a000_i020,C448_T,UNRESOLVED_IMAGE,10.0,20.0,False,252.0,20.0
a000_i020,C448_T,UNRESOLVED_IMAGE,30.0,20.0,False,252.0,20.0
a000_i020,C448_T,UNRESOLVED_IMAGE,100.0,28.0,False,252.0,28.0
a000_i020,C448_T,UNRESOLVED_IMAGE,300.0,52.0,False,252.0,52.0
a000_i020,C448_T,UNRESOLVED_IMAGE,1000.0,72.0,False,252.0,72.0
a000_i020,C448_T,UNRESOLVED_IMAGE,3000.0,80.0,False,252.0,80.0
a000_i020,C448_T,UNRESOLVED_IMAGE,10000.0,84.0,False,252.0,84.0
a000_i020,C448_T,UNRESOLVED_IMAGE,30000.0,88.0,False,252.0,88.0
a000_i020,C448_T,UNRESOLVED_IMAGE,100000.0,96.0,False,252.0,96.0
a000_i020,C448_T,UNRESOLVED_IMAGE,1000000.0,100.0,False,252.0,100.0
a000_i020,C448_T,EQUALIZED_ORDER_SENSITIVITY,1.0,36.0,False,252.0,36.0
a000_i020,C448_T,EQUALIZED_ORDER_SENSITIVITY,3.0,60.0,False,252.0,60.0
a000_i020,C448_T,EQUALIZED_ORDER_SENSITIVITY,10.0,88.0,False,252.0,88.0
a000_i020,C448_T,EQUALIZED_ORDER_SENSITIVITY,30.0,96.0,False,252.0,96.0
a000_i020,C448_T,EQUALIZED_ORDER_SENSITIVITY,100.0,100.0,False,252.0,100.0
a000_i020,C448_T,EQUALIZED_ORDER_SENSITIVITY,300.0,100.0,False,252.0,100.0
a000_i020,C448_T,EQUALIZED_ORDER_SENSITIVITY,1000.0,104.0,False,252.0,104.0
a000_i020,C448_T,EQUALIZED_ORDER_SENSITIVITY,3000.0,104.0,False,252.0,104.0
a000_i020,C448_T,EQUALIZED_ORDER_SENSITIVITY,10000.0,104.0,False,252.0,104.0
a000_i020,C448_T,EQUALIZED_ORDER_SENSITIVITY,30000.0,104.0,False,252.0,104.0
a000_i020,C448_T,EQUALIZED_ORDER_SENSITIVITY,100000.0,108.0,False,252.0,108.0
a000_i020,C448_T,EQUALIZED_ORDER_SENSITIVITY,1000000.0,108.0,False,252.0,108.0
a000_i020,C448_T,PAIRING_DESTROYED,1.0,-1.0,False,252.0,none
a000_i020,C448_T,PAIRING_DESTROYED,3.0,16.0,False,252.0,16.0
a000_i020,C448_T,PAIRING_DESTROYED,10.0,36.0,False,252.0,36.0
a000_i020,C448_T,PAIRING_DESTROYED,30.0,68.0,False,252.0,68.0
a000_i020,C448_T,PAIRING_DESTROYED,100.0,80.0,False,252.0,80.0
a000_i020,C448_T,PAIRING_DESTROYED,300.0,96.0,False,252.0,96.0
a000_i020,C448_T,PAIRING_DESTROYED,1000.0,100.0,False,252.0,100.0
a000_i020,C448_T,PAIRING_DESTROYED,3000.0,100.0,False,252.0,100.0
a000_i020,C448_T,PAIRING_DESTROYED,10000.0,104.0,False,252.0,104.0
a000_i020,C448_T,PAIRING_DESTROYED,30000.0,104.0,False,252.0,104.0
a000_i020,C448_T,PAIRING_DESTROYED,100000.0,104.0,False,252.0,104.0
a000_i020,C448_T,PAIRING_DESTROYED,1000000.0,108.0,False,252.0,108.0
a000_i020,C528_S,DIRECT_PHYSICAL,1.0,-1.0,False,252.0,none
a000_i020,C528_S,DIRECT_PHYSICAL,3.0,16.0,False,252.0,16.0
a000_i020,C528_S,DIRECT_PHYSICAL,10.0,20.0,False,252.0,20.0
a000_i020,C528_S,DIRECT_PHYSICAL,30.0,20.0,False,252.0,20.0
a000_i020,C528_S,DIRECT_PHYSICAL,100.0,24.0,False,252.0,24.0
a000_i020,C528_S,DIRECT_PHYSICAL,300.0,24.0,False,252.0,24.0
a000_i020,C528_S,DIRECT_PHYSICAL,1000.0,24.0,False,252.0,24.0
a000_i020,C528_S,DIRECT_PHYSICAL,3000.0,28.0,False,252.0,28.0
a000_i020,C528_S,DIRECT_PHYSICAL,10000.0,28.0,False,252.0,28.0
a000_i020,C528_S,DIRECT_PHYSICAL,30000.0,28.0,False,252.0,28.0
a000_i020,C528_S,DIRECT_PHYSICAL,100000.0,28.0,False,252.0,28.0
a000_i020,C528_S,DIRECT_PHYSICAL,1000000.0,32.0,False,252.0,32.0
a000_i020,C528_S,RESOLVED_PHYSICAL,1.0,-1.0,False,252.0,none
a000_i020,C528_S,RESOLVED_PHYSICAL,3.0,16.0,False,252.0,16.0
a000_i020,C528_S,RESOLVED_PHYSICAL,10.0,20.0,False,252.0,20.0
a000_i020,C528_S,RESOLVED_PHYSICAL,30.0,44.0,False,252.0,44.0
a000_i020,C528_S,RESOLVED_PHYSICAL,100.0,72.0,False,252.0,72.0
a000_i020,C528_S,RESOLVED_PHYSICAL,300.0,84.0,False,252.0,84.0
a000_i020,C528_S,RESOLVED_PHYSICAL,1000.0,96.0,False,252.0,96.0
a000_i020,C528_S,RESOLVED_PHYSICAL,3000.0,100.0,False,252.0,100.0
a000_i020,C528_S,RESOLVED_PHYSICAL,10000.0,100.0,False,252.0,100.0
a000_i020,C528_S,RESOLVED_PHYSICAL,30000.0,104.0,False,252.0,104.0
a000_i020,C528_S,RESOLVED_PHYSICAL,100000.0,104.0,False,252.0,104.0
a000_i020,C528_S,RESOLVED_PHYSICAL,1000000.0,104.0,False,252.0,104.0
a000_i020,C528_S,DELAY_ONLY,1.0,-1.0,False,252.0,none
a000_i020,C528_S,DELAY_ONLY,3.0,16.0,False,252.0,16.0
a000_i020,C528_S,DELAY_ONLY,10.0,48.0,False,252.0,48.0
a000_i020,C528_S,DELAY_ONLY,30.0,76.0,False,252.0,76.0
a000_i020,C528_S,DELAY_ONLY,100.0,80.0,False,252.0,80.0
a000_i020,C528_S,DELAY_ONLY,300.0,96.0,False,252.0,96.0
a000_i020,C528_S,DELAY_ONLY,1000.0,96.0,False,252.0,96.0
a000_i020,C528_S,DELAY_ONLY,3000.0,100.0,False,252.0,100.0
a000_i020,C528_S,DELAY_ONLY,10000.0,100.0,False,252.0,100.0
a000_i020,C528_S,DELAY_ONLY,30000.0,104.0,False,252.0,104.0
a000_i020,C528_S,DELAY_ONLY,100000.0,104.0,False,252.0,104.0
a000_i020,C528_S,DELAY_ONLY,1000000.0,104.0,False,252.0,104.0
a000_i020,C528_S,SPATIAL_ONLY,1.0,-1.0,False,252.0,none
a000_i020,C528_S,SPATIAL_ONLY,3.0,16.0,False,252.0,16.0
a000_i020,C528_S,SPATIAL_ONLY,10.0,20.0,False,252.0,20.0
a000_i020,C528_S,SPATIAL_ONLY,30.0,20.0,False,252.0,20.0
a000_i020,C528_S,SPATIAL_ONLY,100.0,24.0,False,252.0,24.0
a000_i020,C528_S,SPATIAL_ONLY,300.0,28.0,False,252.0,28.0
a000_i020,C528_S,SPATIAL_ONLY,1000.0,28.0,False,252.0,28.0
a000_i020,C528_S,SPATIAL_ONLY,3000.0,32.0,False,252.0,32.0
a000_i020,C528_S,SPATIAL_ONLY,10000.0,32.0,False,252.0,32.0
a000_i020,C528_S,SPATIAL_ONLY,30000.0,32.0,False,252.0,32.0
a000_i020,C528_S,SPATIAL_ONLY,100000.0,36.0,False,252.0,36.0
a000_i020,C528_S,SPATIAL_ONLY,1000000.0,36.0,False,252.0,36.0
a000_i020,C528_S,UNRESOLVED_IMAGE,1.0,-1.0,False,252.0,none
a000_i020,C528_S,UNRESOLVED_IMAGE,3.0,16.0,False,252.0,16.0
a000_i020,C528_S,UNRESOLVED_IMAGE,10.0,20.0,False,252.0,20.0
a000_i020,C528_S,UNRESOLVED_IMAGE,30.0,20.0,False,252.0,20.0
a000_i020,C528_S,UNRESOLVED_IMAGE,100.0,32.0,False,252.0,32.0
a000_i020,C528_S,UNRESOLVED_IMAGE,300.0,56.0,False,252.0,56.0
a000_i020,C528_S,UNRESOLVED_IMAGE,1000.0,76.0,False,252.0,76.0
a000_i020,C528_S,UNRESOLVED_IMAGE,3000.0,84.0,False,252.0,84.0
a000_i020,C528_S,UNRESOLVED_IMAGE,10000.0,84.0,False,252.0,84.0
a000_i020,C528_S,UNRESOLVED_IMAGE,30000.0,92.0,False,252.0,92.0
a000_i020,C528_S,UNRESOLVED_IMAGE,100000.0,100.0,False,252.0,100.0
a000_i020,C528_S,UNRESOLVED_IMAGE,1000000.0,100.0,False,252.0,100.0
a000_i020,C528_S,EQUALIZED_ORDER_SENSITIVITY,1.0,44.0,False,252.0,44.0
a000_i020,C528_S,EQUALIZED_ORDER_SENSITIVITY,3.0,64.0,False,252.0,64.0
a000_i020,C528_S,EQUALIZED_ORDER_SENSITIVITY,10.0,92.0,False,252.0,92.0
a000_i020,C528_S,EQUALIZED_ORDER_SENSITIVITY,30.0,100.0,False,252.0,100.0
a000_i020,C528_S,EQUALIZED_ORDER_SENSITIVITY,100.0,100.0,False,252.0,100.0
a000_i020,C528_S,EQUALIZED_ORDER_SENSITIVITY,300.0,100.0,False,252.0,100.0
a000_i020,C528_S,EQUALIZED_ORDER_SENSITIVITY,1000.0,104.0,False,252.0,104.0
a000_i020,C528_S,EQUALIZED_ORDER_SENSITIVITY,3000.0,104.0,False,252.0,104.0
a000_i020,C528_S,EQUALIZED_ORDER_SENSITIVITY,10000.0,104.0,False,252.0,104.0
a000_i020,C528_S,EQUALIZED_ORDER_SENSITIVITY,30000.0,108.0,False,252.0,108.0
a000_i020,C528_S,EQUALIZED_ORDER_SENSITIVITY,100000.0,108.0,False,252.0,108.0
a000_i020,C528_S,EQUALIZED_ORDER_SENSITIVITY,1000000.0,108.0,False,252.0,108.0
a000_i020,C528_S,PAIRING_DESTROYED,1.0,12.0,False,252.0,12.0
a000_i020,C528_S,PAIRING_DESTROYED,3.0,20.0,False,252.0,20.0
a000_i020,C528_S,PAIRING_DESTROYED,10.0,68.0,False,252.0,68.0
a000_i020,C528_S,PAIRING_DESTROYED,30.0,80.0,False,252.0,80.0
a000_i020,C528_S,PAIRING_DESTROYED,100.0,96.0,False,252.0,96.0
a000_i020,C528_S,PAIRING_DESTROYED,300.0,100.0,False,252.0,100.0
a000_i020,C528_S,PAIRING_DESTROYED,1000.0,100.0,False,252.0,100.0
a000_i020,C528_S,PAIRING_DESTROYED,3000.0,100.0,False,252.0,100.0
a000_i020,C528_S,PAIRING_DESTROYED,10000.0,104.0,False,252.0,104.0
a000_i020,C528_S,PAIRING_DESTROYED,30000.0,104.0,False,252.0,104.0
a000_i020,C528_S,PAIRING_DESTROYED,100000.0,104.0,False,252.0,104.0
a000_i020,C528_S,PAIRING_DESTROYED,1000000.0,108.0,False,252.0,108.0
a000_i020,C1056_ST,DIRECT_PHYSICAL,1.0,-1.0,False,252.0,none
a000_i020,C1056_ST,DIRECT_PHYSICAL,3.0,16.0,False,252.0,16.0
a000_i020,C1056_ST,DIRECT_PHYSICAL,10.0,20.0,False,252.0,20.0
a000_i020,C1056_ST,DIRECT_PHYSICAL,30.0,20.0,False,252.0,20.0
a000_i020,C1056_ST,DIRECT_PHYSICAL,100.0,24.0,False,252.0,24.0
a000_i020,C1056_ST,DIRECT_PHYSICAL,300.0,24.0,False,252.0,24.0
a000_i020,C1056_ST,DIRECT_PHYSICAL,1000.0,24.0,False,252.0,24.0
a000_i020,C1056_ST,DIRECT_PHYSICAL,3000.0,28.0,False,252.0,28.0
a000_i020,C1056_ST,DIRECT_PHYSICAL,10000.0,28.0,False,252.0,28.0
a000_i020,C1056_ST,DIRECT_PHYSICAL,30000.0,28.0,False,252.0,28.0
a000_i020,C1056_ST,DIRECT_PHYSICAL,100000.0,28.0,False,252.0,28.0
a000_i020,C1056_ST,DIRECT_PHYSICAL,1000000.0,32.0,False,252.0,32.0
a000_i020,C1056_ST,RESOLVED_PHYSICAL,1.0,-1.0,False,252.0,none
a000_i020,C1056_ST,RESOLVED_PHYSICAL,3.0,16.0,False,252.0,16.0
a000_i020,C1056_ST,RESOLVED_PHYSICAL,10.0,20.0,False,252.0,20.0
a000_i020,C1056_ST,RESOLVED_PHYSICAL,30.0,44.0,False,252.0,44.0
a000_i020,C1056_ST,RESOLVED_PHYSICAL,100.0,72.0,False,252.0,72.0
a000_i020,C1056_ST,RESOLVED_PHYSICAL,300.0,84.0,False,252.0,84.0
a000_i020,C1056_ST,RESOLVED_PHYSICAL,1000.0,96.0,False,252.0,96.0
a000_i020,C1056_ST,RESOLVED_PHYSICAL,3000.0,100.0,False,252.0,100.0
a000_i020,C1056_ST,RESOLVED_PHYSICAL,10000.0,100.0,False,252.0,100.0
a000_i020,C1056_ST,RESOLVED_PHYSICAL,30000.0,104.0,False,252.0,104.0
a000_i020,C1056_ST,RESOLVED_PHYSICAL,100000.0,104.0,False,252.0,104.0
a000_i020,C1056_ST,RESOLVED_PHYSICAL,1000000.0,104.0,False,252.0,104.0
a000_i020,C1056_ST,DELAY_ONLY,1.0,-1.0,False,252.0,none
a000_i020,C1056_ST,DELAY_ONLY,3.0,16.0,False,252.0,16.0
a000_i020,C1056_ST,DELAY_ONLY,10.0,48.0,False,252.0,48.0
a000_i020,C1056_ST,DELAY_ONLY,30.0,76.0,False,252.0,76.0
a000_i020,C1056_ST,DELAY_ONLY,100.0,80.0,False,252.0,80.0
a000_i020,C1056_ST,DELAY_ONLY,300.0,96.0,False,252.0,96.0
a000_i020,C1056_ST,DELAY_ONLY,1000.0,96.0,False,252.0,96.0
a000_i020,C1056_ST,DELAY_ONLY,3000.0,100.0,False,252.0,100.0
a000_i020,C1056_ST,DELAY_ONLY,10000.0,100.0,False,252.0,100.0
a000_i020,C1056_ST,DELAY_ONLY,30000.0,104.0,False,252.0,104.0
a000_i020,C1056_ST,DELAY_ONLY,100000.0,104.0,False,252.0,104.0
a000_i020,C1056_ST,DELAY_ONLY,1000000.0,104.0,False,252.0,104.0
a000_i020,C1056_ST,SPATIAL_ONLY,1.0,-1.0,False,252.0,none
a000_i020,C1056_ST,SPATIAL_ONLY,3.0,16.0,False,252.0,16.0
a000_i020,C1056_ST,SPATIAL_ONLY,10.0,20.0,False,252.0,20.0
a000_i020,C1056_ST,SPATIAL_ONLY,30.0,20.0,False,252.0,20.0
a000_i020,C1056_ST,SPATIAL_ONLY,100.0,24.0,False,252.0,24.0
a000_i020,C1056_ST,SPATIAL_ONLY,300.0,28.0,False,252.0,28.0
a000_i020,C1056_ST,SPATIAL_ONLY,1000.0,28.0,False,252.0,28.0
a000_i020,C1056_ST,SPATIAL_ONLY,3000.0,32.0,False,252.0,32.0
a000_i020,C1056_ST,SPATIAL_ONLY,10000.0,32.0,False,252.0,32.0
a000_i020,C1056_ST,SPATIAL_ONLY,30000.0,32.0,False,252.0,32.0
a000_i020,C1056_ST,SPATIAL_ONLY,100000.0,36.0,False,252.0,36.0
a000_i020,C1056_ST,SPATIAL_ONLY,1000000.0,36.0,False,252.0,36.0
a000_i020,C1056_ST,UNRESOLVED_IMAGE,1.0,-1.0,False,252.0,none
a000_i020,C1056_ST,UNRESOLVED_IMAGE,3.0,16.0,False,252.0,16.0
a000_i020,C1056_ST,UNRESOLVED_IMAGE,10.0,20.0,False,252.0,20.0
a000_i020,C1056_ST,UNRESOLVED_IMAGE,30.0,20.0,False,252.0,20.0
a000_i020,C1056_ST,UNRESOLVED_IMAGE,100.0,32.0,False,252.0,32.0
a000_i020,C1056_ST,UNRESOLVED_IMAGE,300.0,56.0,False,252.0,56.0
a000_i020,C1056_ST,UNRESOLVED_IMAGE,1000.0,76.0,False,252.0,76.0
a000_i020,C1056_ST,UNRESOLVED_IMAGE,3000.0,84.0,False,252.0,84.0
a000_i020,C1056_ST,UNRESOLVED_IMAGE,10000.0,84.0,False,252.0,84.0
a000_i020,C1056_ST,UNRESOLVED_IMAGE,30000.0,92.0,False,252.0,92.0
a000_i020,C1056_ST,UNRESOLVED_IMAGE,100000.0,100.0,False,252.0,100.0
a000_i020,C1056_ST,UNRESOLVED_IMAGE,1000000.0,100.0,False,252.0,100.0
a000_i020,C1056_ST,EQUALIZED_ORDER_SENSITIVITY,1.0,44.0,False,252.0,44.0
a000_i020,C1056_ST,EQUALIZED_ORDER_SENSITIVITY,3.0,64.0,False,252.0,64.0
a000_i020,C1056_ST,EQUALIZED_ORDER_SENSITIVITY,10.0,92.0,False,252.0,92.0
a000_i020,C1056_ST,EQUALIZED_ORDER_SENSITIVITY,30.0,100.0,False,252.0,100.0
a000_i020,C1056_ST,EQUALIZED_ORDER_SENSITIVITY,100.0,100.0,False,252.0,100.0
a000_i020,C1056_ST,EQUALIZED_ORDER_SENSITIVITY,300.0,100.0,False,252.0,100.0
a000_i020,C1056_ST,EQUALIZED_ORDER_SENSITIVITY,1000.0,104.0,False,252.0,104.0
a000_i020,C1056_ST,EQUALIZED_ORDER_SENSITIVITY,3000.0,104.0,False,252.0,104.0
a000_i020,C1056_ST,EQUALIZED_ORDER_SENSITIVITY,10000.0,104.0,False,252.0,104.0
a000_i020,C1056_ST,EQUALIZED_ORDER_SENSITIVITY,30000.0,108.0,False,252.0,108.0
a000_i020,C1056_ST,EQUALIZED_ORDER_SENSITIVITY,100000.0,108.0,False,252.0,108.0
a000_i020,C1056_ST,EQUALIZED_ORDER_SENSITIVITY,1000000.0,108.0,False,252.0,108.0
a000_i020,C1056_ST,PAIRING_DESTROYED,1.0,12.0,False,252.0,12.0
a000_i020,C1056_ST,PAIRING_DESTROYED,3.0,20.0,False,252.0,20.0
a000_i020,C1056_ST,PAIRING_DESTROYED,10.0,68.0,False,252.0,68.0
a000_i020,C1056_ST,PAIRING_DESTROYED,30.0,80.0,False,252.0,80.0
a000_i020,C1056_ST,PAIRING_DESTROYED,100.0,96.0,False,252.0,96.0
a000_i020,C1056_ST,PAIRING_DESTROYED,300.0,100.0,False,252.0,100.0
a000_i020,C1056_ST,PAIRING_DESTROYED,1000.0,100.0,False,252.0,100.0
a000_i020,C1056_ST,PAIRING_DESTROYED,3000.0,100.0,False,252.0,100.0
a000_i020,C1056_ST,PAIRING_DESTROYED,10000.0,104.0,False,252.0,104.0
a000_i020,C1056_ST,PAIRING_DESTROYED,30000.0,104.0,False,252.0,104.0
a000_i020,C1056_ST,PAIRING_DESTROYED,100000.0,104.0,False,252.0,104.0
a000_i020,C1056_ST,PAIRING_DESTROYED,1000000.0,108.0,False,252.0,108.0
a050_i050,C224,DIRECT_PHYSICAL,1.0,-1.0,False,252.0,none
a050_i050,C224,DIRECT_PHYSICAL,3.0,48.0,False,252.0,48.0
a050_i050,C224,DIRECT_PHYSICAL,10.0,56.0,False,252.0,56.0
a050_i050,C224,DIRECT_PHYSICAL,30.0,60.0,False,252.0,60.0
a050_i050,C224,DIRECT_PHYSICAL,100.0,60.0,False,252.0,60.0
a050_i050,C224,DIRECT_PHYSICAL,300.0,64.0,False,252.0,64.0
a050_i050,C224,DIRECT_PHYSICAL,1000.0,64.0,False,252.0,64.0
a050_i050,C224,DIRECT_PHYSICAL,3000.0,64.0,False,252.0,64.0
a050_i050,C224,DIRECT_PHYSICAL,10000.0,68.0,False,252.0,68.0
a050_i050,C224,DIRECT_PHYSICAL,30000.0,68.0,False,252.0,68.0
a050_i050,C224,DIRECT_PHYSICAL,100000.0,68.0,False,252.0,68.0
a050_i050,C224,DIRECT_PHYSICAL,1000000.0,68.0,False,252.0,68.0
a050_i050,C224,RESOLVED_PHYSICAL,1.0,-1.0,False,252.0,none
a050_i050,C224,RESOLVED_PHYSICAL,3.0,48.0,False,252.0,48.0
a050_i050,C224,RESOLVED_PHYSICAL,10.0,56.0,False,252.0,56.0
a050_i050,C224,RESOLVED_PHYSICAL,30.0,72.0,False,252.0,72.0
a050_i050,C224,RESOLVED_PHYSICAL,100.0,92.0,False,252.0,92.0
a050_i050,C224,RESOLVED_PHYSICAL,300.0,100.0,False,252.0,100.0
a050_i050,C224,RESOLVED_PHYSICAL,1000.0,112.0,False,252.0,112.0
a050_i050,C224,RESOLVED_PHYSICAL,3000.0,120.0,False,252.0,120.0
a050_i050,C224,RESOLVED_PHYSICAL,10000.0,124.0,False,252.0,124.0
a050_i050,C224,RESOLVED_PHYSICAL,30000.0,124.0,False,252.0,124.0
a050_i050,C224,RESOLVED_PHYSICAL,100000.0,128.0,False,252.0,128.0
a050_i050,C224,RESOLVED_PHYSICAL,1000000.0,128.0,False,252.0,128.0
a050_i050,C224,DELAY_ONLY,1.0,-1.0,False,252.0,none
a050_i050,C224,DELAY_ONLY,3.0,48.0,False,252.0,48.0
a050_i050,C224,DELAY_ONLY,10.0,56.0,False,252.0,56.0
a050_i050,C224,DELAY_ONLY,30.0,92.0,False,252.0,92.0
a050_i050,C224,DELAY_ONLY,100.0,96.0,False,252.0,96.0
a050_i050,C224,DELAY_ONLY,300.0,112.0,False,252.0,112.0
a050_i050,C224,DELAY_ONLY,1000.0,120.0,False,252.0,120.0
a050_i050,C224,DELAY_ONLY,3000.0,124.0,False,252.0,124.0
a050_i050,C224,DELAY_ONLY,10000.0,124.0,False,252.0,124.0
a050_i050,C224,DELAY_ONLY,30000.0,124.0,False,252.0,124.0
a050_i050,C224,DELAY_ONLY,100000.0,128.0,False,252.0,128.0
a050_i050,C224,DELAY_ONLY,1000000.0,128.0,False,252.0,128.0
a050_i050,C224,SPATIAL_ONLY,1.0,-1.0,False,252.0,none
a050_i050,C224,SPATIAL_ONLY,3.0,48.0,False,252.0,48.0
a050_i050,C224,SPATIAL_ONLY,10.0,56.0,False,252.0,56.0
a050_i050,C224,SPATIAL_ONLY,30.0,60.0,False,252.0,60.0
a050_i050,C224,SPATIAL_ONLY,100.0,60.0,False,252.0,60.0
a050_i050,C224,SPATIAL_ONLY,300.0,64.0,False,252.0,64.0
a050_i050,C224,SPATIAL_ONLY,1000.0,64.0,False,252.0,64.0
a050_i050,C224,SPATIAL_ONLY,3000.0,64.0,False,252.0,64.0
a050_i050,C224,SPATIAL_ONLY,10000.0,68.0,False,252.0,68.0
a050_i050,C224,SPATIAL_ONLY,30000.0,68.0,False,252.0,68.0
a050_i050,C224,SPATIAL_ONLY,100000.0,68.0,False,252.0,68.0
a050_i050,C224,SPATIAL_ONLY,1000000.0,68.0,False,252.0,68.0
a050_i050,C224,UNRESOLVED_IMAGE,1.0,-1.0,False,252.0,none
a050_i050,C224,UNRESOLVED_IMAGE,3.0,48.0,False,252.0,48.0
a050_i050,C224,UNRESOLVED_IMAGE,10.0,56.0,False,252.0,56.0
a050_i050,C224,UNRESOLVED_IMAGE,30.0,60.0,False,252.0,60.0
a050_i050,C224,UNRESOLVED_IMAGE,100.0,60.0,False,252.0,60.0
a050_i050,C224,UNRESOLVED_IMAGE,300.0,84.0,False,252.0,84.0
a050_i050,C224,UNRESOLVED_IMAGE,1000.0,96.0,False,252.0,96.0
a050_i050,C224,UNRESOLVED_IMAGE,3000.0,100.0,False,252.0,100.0
a050_i050,C224,UNRESOLVED_IMAGE,10000.0,104.0,False,252.0,104.0
a050_i050,C224,UNRESOLVED_IMAGE,30000.0,108.0,False,252.0,108.0
a050_i050,C224,UNRESOLVED_IMAGE,100000.0,120.0,False,252.0,120.0
a050_i050,C224,UNRESOLVED_IMAGE,1000000.0,124.0,False,252.0,124.0
a050_i050,C224,EQUALIZED_ORDER_SENSITIVITY,1.0,68.0,False,252.0,68.0
a050_i050,C224,EQUALIZED_ORDER_SENSITIVITY,3.0,80.0,False,252.0,80.0
a050_i050,C224,EQUALIZED_ORDER_SENSITIVITY,10.0,108.0,False,252.0,108.0
a050_i050,C224,EQUALIZED_ORDER_SENSITIVITY,30.0,120.0,False,252.0,120.0
a050_i050,C224,EQUALIZED_ORDER_SENSITIVITY,100.0,124.0,False,252.0,124.0
a050_i050,C224,EQUALIZED_ORDER_SENSITIVITY,300.0,124.0,False,252.0,124.0
a050_i050,C224,EQUALIZED_ORDER_SENSITIVITY,1000.0,124.0,False,252.0,124.0
a050_i050,C224,EQUALIZED_ORDER_SENSITIVITY,3000.0,128.0,False,252.0,128.0
a050_i050,C224,EQUALIZED_ORDER_SENSITIVITY,10000.0,128.0,False,252.0,128.0
a050_i050,C224,EQUALIZED_ORDER_SENSITIVITY,30000.0,128.0,False,252.0,128.0
a050_i050,C224,EQUALIZED_ORDER_SENSITIVITY,100000.0,128.0,False,252.0,128.0
a050_i050,C224,EQUALIZED_ORDER_SENSITIVITY,1000000.0,132.0,False,252.0,132.0
a050_i050,C224,PAIRING_DESTROYED,1.0,-1.0,False,252.0,none
a050_i050,C224,PAIRING_DESTROYED,3.0,56.0,False,252.0,56.0
a050_i050,C224,PAIRING_DESTROYED,10.0,68.0,False,252.0,68.0
a050_i050,C224,PAIRING_DESTROYED,30.0,92.0,False,252.0,92.0
a050_i050,C224,PAIRING_DESTROYED,100.0,96.0,False,252.0,96.0
a050_i050,C224,PAIRING_DESTROYED,300.0,112.0,False,252.0,112.0
a050_i050,C224,PAIRING_DESTROYED,1000.0,120.0,False,252.0,120.0
a050_i050,C224,PAIRING_DESTROYED,3000.0,124.0,False,252.0,124.0
a050_i050,C224,PAIRING_DESTROYED,10000.0,124.0,False,252.0,124.0
a050_i050,C224,PAIRING_DESTROYED,30000.0,128.0,False,252.0,128.0
a050_i050,C224,PAIRING_DESTROYED,100000.0,128.0,False,252.0,128.0
a050_i050,C224,PAIRING_DESTROYED,1000000.0,128.0,False,252.0,128.0
a050_i050,C448_T,DIRECT_PHYSICAL,1.0,-1.0,False,252.0,none
a050_i050,C448_T,DIRECT_PHYSICAL,3.0,48.0,False,252.0,48.0
a050_i050,C448_T,DIRECT_PHYSICAL,10.0,56.0,False,252.0,56.0
a050_i050,C448_T,DIRECT_PHYSICAL,30.0,60.0,False,252.0,60.0
a050_i050,C448_T,DIRECT_PHYSICAL,100.0,60.0,False,252.0,60.0
a050_i050,C448_T,DIRECT_PHYSICAL,300.0,64.0,False,252.0,64.0
a050_i050,C448_T,DIRECT_PHYSICAL,1000.0,64.0,False,252.0,64.0
a050_i050,C448_T,DIRECT_PHYSICAL,3000.0,64.0,False,252.0,64.0
a050_i050,C448_T,DIRECT_PHYSICAL,10000.0,68.0,False,252.0,68.0
a050_i050,C448_T,DIRECT_PHYSICAL,30000.0,68.0,False,252.0,68.0
a050_i050,C448_T,DIRECT_PHYSICAL,100000.0,68.0,False,252.0,68.0
a050_i050,C448_T,DIRECT_PHYSICAL,1000000.0,68.0,False,252.0,68.0
a050_i050,C448_T,RESOLVED_PHYSICAL,1.0,-1.0,False,252.0,none
a050_i050,C448_T,RESOLVED_PHYSICAL,3.0,48.0,False,252.0,48.0
a050_i050,C448_T,RESOLVED_PHYSICAL,10.0,56.0,False,252.0,56.0
a050_i050,C448_T,RESOLVED_PHYSICAL,30.0,72.0,False,252.0,72.0
a050_i050,C448_T,RESOLVED_PHYSICAL,100.0,92.0,False,252.0,92.0
a050_i050,C448_T,RESOLVED_PHYSICAL,300.0,100.0,False,252.0,100.0
a050_i050,C448_T,RESOLVED_PHYSICAL,1000.0,112.0,False,252.0,112.0
a050_i050,C448_T,RESOLVED_PHYSICAL,3000.0,120.0,False,252.0,120.0
a050_i050,C448_T,RESOLVED_PHYSICAL,10000.0,124.0,False,252.0,124.0
a050_i050,C448_T,RESOLVED_PHYSICAL,30000.0,124.0,False,252.0,124.0
a050_i050,C448_T,RESOLVED_PHYSICAL,100000.0,128.0,False,252.0,128.0
a050_i050,C448_T,RESOLVED_PHYSICAL,1000000.0,128.0,False,252.0,128.0
a050_i050,C448_T,DELAY_ONLY,1.0,-1.0,False,252.0,none
a050_i050,C448_T,DELAY_ONLY,3.0,48.0,False,252.0,48.0
a050_i050,C448_T,DELAY_ONLY,10.0,56.0,False,252.0,56.0
a050_i050,C448_T,DELAY_ONLY,30.0,92.0,False,252.0,92.0
a050_i050,C448_T,DELAY_ONLY,100.0,96.0,False,252.0,96.0
a050_i050,C448_T,DELAY_ONLY,300.0,112.0,False,252.0,112.0
a050_i050,C448_T,DELAY_ONLY,1000.0,120.0,False,252.0,120.0
a050_i050,C448_T,DELAY_ONLY,3000.0,124.0,False,252.0,124.0
a050_i050,C448_T,DELAY_ONLY,10000.0,124.0,False,252.0,124.0
a050_i050,C448_T,DELAY_ONLY,30000.0,124.0,False,252.0,124.0
a050_i050,C448_T,DELAY_ONLY,100000.0,128.0,False,252.0,128.0
a050_i050,C448_T,DELAY_ONLY,1000000.0,128.0,False,252.0,128.0
a050_i050,C448_T,SPATIAL_ONLY,1.0,-1.0,False,252.0,none
a050_i050,C448_T,SPATIAL_ONLY,3.0,48.0,False,252.0,48.0
a050_i050,C448_T,SPATIAL_ONLY,10.0,56.0,False,252.0,56.0
a050_i050,C448_T,SPATIAL_ONLY,30.0,60.0,False,252.0,60.0
a050_i050,C448_T,SPATIAL_ONLY,100.0,60.0,False,252.0,60.0
a050_i050,C448_T,SPATIAL_ONLY,300.0,64.0,False,252.0,64.0
a050_i050,C448_T,SPATIAL_ONLY,1000.0,64.0,False,252.0,64.0
a050_i050,C448_T,SPATIAL_ONLY,3000.0,64.0,False,252.0,64.0
a050_i050,C448_T,SPATIAL_ONLY,10000.0,68.0,False,252.0,68.0
a050_i050,C448_T,SPATIAL_ONLY,30000.0,68.0,False,252.0,68.0
a050_i050,C448_T,SPATIAL_ONLY,100000.0,68.0,False,252.0,68.0
a050_i050,C448_T,SPATIAL_ONLY,1000000.0,68.0,False,252.0,68.0
a050_i050,C448_T,UNRESOLVED_IMAGE,1.0,-1.0,False,252.0,none
a050_i050,C448_T,UNRESOLVED_IMAGE,3.0,48.0,False,252.0,48.0
a050_i050,C448_T,UNRESOLVED_IMAGE,10.0,56.0,False,252.0,56.0
a050_i050,C448_T,UNRESOLVED_IMAGE,30.0,60.0,False,252.0,60.0
a050_i050,C448_T,UNRESOLVED_IMAGE,100.0,60.0,False,252.0,60.0
a050_i050,C448_T,UNRESOLVED_IMAGE,300.0,84.0,False,252.0,84.0
a050_i050,C448_T,UNRESOLVED_IMAGE,1000.0,96.0,False,252.0,96.0
a050_i050,C448_T,UNRESOLVED_IMAGE,3000.0,100.0,False,252.0,100.0
a050_i050,C448_T,UNRESOLVED_IMAGE,10000.0,104.0,False,252.0,104.0
a050_i050,C448_T,UNRESOLVED_IMAGE,30000.0,108.0,False,252.0,108.0
a050_i050,C448_T,UNRESOLVED_IMAGE,100000.0,120.0,False,252.0,120.0
a050_i050,C448_T,UNRESOLVED_IMAGE,1000000.0,124.0,False,252.0,124.0
a050_i050,C448_T,EQUALIZED_ORDER_SENSITIVITY,1.0,68.0,False,252.0,68.0
a050_i050,C448_T,EQUALIZED_ORDER_SENSITIVITY,3.0,80.0,False,252.0,80.0
a050_i050,C448_T,EQUALIZED_ORDER_SENSITIVITY,10.0,108.0,False,252.0,108.0
a050_i050,C448_T,EQUALIZED_ORDER_SENSITIVITY,30.0,120.0,False,252.0,120.0
a050_i050,C448_T,EQUALIZED_ORDER_SENSITIVITY,100.0,124.0,False,252.0,124.0
a050_i050,C448_T,EQUALIZED_ORDER_SENSITIVITY,300.0,124.0,False,252.0,124.0
a050_i050,C448_T,EQUALIZED_ORDER_SENSITIVITY,1000.0,124.0,False,252.0,124.0
a050_i050,C448_T,EQUALIZED_ORDER_SENSITIVITY,3000.0,128.0,False,252.0,128.0
a050_i050,C448_T,EQUALIZED_ORDER_SENSITIVITY,10000.0,128.0,False,252.0,128.0
a050_i050,C448_T,EQUALIZED_ORDER_SENSITIVITY,30000.0,128.0,False,252.0,128.0
a050_i050,C448_T,EQUALIZED_ORDER_SENSITIVITY,100000.0,128.0,False,252.0,128.0
a050_i050,C448_T,EQUALIZED_ORDER_SENSITIVITY,1000000.0,132.0,False,252.0,132.0
a050_i050,C448_T,PAIRING_DESTROYED,1.0,-1.0,False,252.0,none
a050_i050,C448_T,PAIRING_DESTROYED,3.0,56.0,False,252.0,56.0
a050_i050,C448_T,PAIRING_DESTROYED,10.0,68.0,False,252.0,68.0
a050_i050,C448_T,PAIRING_DESTROYED,30.0,92.0,False,252.0,92.0
a050_i050,C448_T,PAIRING_DESTROYED,100.0,96.0,False,252.0,96.0
a050_i050,C448_T,PAIRING_DESTROYED,300.0,112.0,False,252.0,112.0
a050_i050,C448_T,PAIRING_DESTROYED,1000.0,120.0,False,252.0,120.0
a050_i050,C448_T,PAIRING_DESTROYED,3000.0,124.0,False,252.0,124.0
a050_i050,C448_T,PAIRING_DESTROYED,10000.0,124.0,False,252.0,124.0
a050_i050,C448_T,PAIRING_DESTROYED,30000.0,128.0,False,252.0,128.0
a050_i050,C448_T,PAIRING_DESTROYED,100000.0,128.0,False,252.0,128.0
a050_i050,C448_T,PAIRING_DESTROYED,1000000.0,128.0,False,252.0,128.0
a050_i050,C528_S,DIRECT_PHYSICAL,1.0,-1.0,False,252.0,none
a050_i050,C528_S,DIRECT_PHYSICAL,3.0,52.0,False,252.0,52.0
a050_i050,C528_S,DIRECT_PHYSICAL,10.0,56.0,False,252.0,56.0
a050_i050,C528_S,DIRECT_PHYSICAL,30.0,60.0,False,252.0,60.0
a050_i050,C528_S,DIRECT_PHYSICAL,100.0,60.0,False,252.0,60.0
a050_i050,C528_S,DIRECT_PHYSICAL,300.0,64.0,False,252.0,64.0
a050_i050,C528_S,DIRECT_PHYSICAL,1000.0,64.0,False,252.0,64.0
a050_i050,C528_S,DIRECT_PHYSICAL,3000.0,64.0,False,252.0,64.0
a050_i050,C528_S,DIRECT_PHYSICAL,10000.0,68.0,False,252.0,68.0
a050_i050,C528_S,DIRECT_PHYSICAL,30000.0,68.0,False,252.0,68.0
a050_i050,C528_S,DIRECT_PHYSICAL,100000.0,68.0,False,252.0,68.0
a050_i050,C528_S,DIRECT_PHYSICAL,1000000.0,68.0,False,252.0,68.0
a050_i050,C528_S,RESOLVED_PHYSICAL,1.0,-1.0,False,252.0,none
a050_i050,C528_S,RESOLVED_PHYSICAL,3.0,52.0,False,252.0,52.0
a050_i050,C528_S,RESOLVED_PHYSICAL,10.0,56.0,False,252.0,56.0
a050_i050,C528_S,RESOLVED_PHYSICAL,30.0,80.0,False,252.0,80.0
a050_i050,C528_S,RESOLVED_PHYSICAL,100.0,92.0,False,252.0,92.0
a050_i050,C528_S,RESOLVED_PHYSICAL,300.0,100.0,False,252.0,100.0
a050_i050,C528_S,RESOLVED_PHYSICAL,1000.0,120.0,False,252.0,120.0
a050_i050,C528_S,RESOLVED_PHYSICAL,3000.0,120.0,False,252.0,120.0
a050_i050,C528_S,RESOLVED_PHYSICAL,10000.0,124.0,False,252.0,124.0
a050_i050,C528_S,RESOLVED_PHYSICAL,30000.0,124.0,False,252.0,124.0
a050_i050,C528_S,RESOLVED_PHYSICAL,100000.0,128.0,False,252.0,128.0
a050_i050,C528_S,RESOLVED_PHYSICAL,1000000.0,128.0,False,252.0,128.0
a050_i050,C528_S,DELAY_ONLY,1.0,-1.0,False,252.0,none
a050_i050,C528_S,DELAY_ONLY,3.0,52.0,False,252.0,52.0
a050_i050,C528_S,DELAY_ONLY,10.0,92.0,False,252.0,92.0
a050_i050,C528_S,DELAY_ONLY,30.0,96.0,False,252.0,96.0
a050_i050,C528_S,DELAY_ONLY,100.0,96.0,False,252.0,96.0
a050_i050,C528_S,DELAY_ONLY,300.0,112.0,False,252.0,112.0
a050_i050,C528_S,DELAY_ONLY,1000.0,120.0,False,252.0,120.0
a050_i050,C528_S,DELAY_ONLY,3000.0,124.0,False,252.0,124.0
a050_i050,C528_S,DELAY_ONLY,10000.0,124.0,False,252.0,124.0
a050_i050,C528_S,DELAY_ONLY,30000.0,128.0,False,252.0,128.0
a050_i050,C528_S,DELAY_ONLY,100000.0,128.0,False,252.0,128.0
a050_i050,C528_S,DELAY_ONLY,1000000.0,128.0,False,252.0,128.0
a050_i050,C528_S,SPATIAL_ONLY,1.0,-1.0,False,252.0,none
a050_i050,C528_S,SPATIAL_ONLY,3.0,52.0,False,252.0,52.0
a050_i050,C528_S,SPATIAL_ONLY,10.0,56.0,False,252.0,56.0
a050_i050,C528_S,SPATIAL_ONLY,30.0,60.0,False,252.0,60.0
a050_i050,C528_S,SPATIAL_ONLY,100.0,60.0,False,252.0,60.0
a050_i050,C528_S,SPATIAL_ONLY,300.0,64.0,False,252.0,64.0
a050_i050,C528_S,SPATIAL_ONLY,1000.0,64.0,False,252.0,64.0
a050_i050,C528_S,SPATIAL_ONLY,3000.0,64.0,False,252.0,64.0
a050_i050,C528_S,SPATIAL_ONLY,10000.0,68.0,False,252.0,68.0
a050_i050,C528_S,SPATIAL_ONLY,30000.0,68.0,False,252.0,68.0
a050_i050,C528_S,SPATIAL_ONLY,100000.0,68.0,False,252.0,68.0
a050_i050,C528_S,SPATIAL_ONLY,1000000.0,68.0,False,252.0,68.0
a050_i050,C528_S,UNRESOLVED_IMAGE,1.0,-1.0,False,252.0,none
a050_i050,C528_S,UNRESOLVED_IMAGE,3.0,52.0,False,252.0,52.0
a050_i050,C528_S,UNRESOLVED_IMAGE,10.0,56.0,False,252.0,56.0
a050_i050,C528_S,UNRESOLVED_IMAGE,30.0,60.0,False,252.0,60.0
a050_i050,C528_S,UNRESOLVED_IMAGE,100.0,64.0,False,252.0,64.0
a050_i050,C528_S,UNRESOLVED_IMAGE,300.0,92.0,False,252.0,92.0
a050_i050,C528_S,UNRESOLVED_IMAGE,1000.0,100.0,False,252.0,100.0
a050_i050,C528_S,UNRESOLVED_IMAGE,3000.0,104.0,False,252.0,104.0
a050_i050,C528_S,UNRESOLVED_IMAGE,10000.0,104.0,False,252.0,104.0
a050_i050,C528_S,UNRESOLVED_IMAGE,30000.0,112.0,False,252.0,112.0
a050_i050,C528_S,UNRESOLVED_IMAGE,100000.0,120.0,False,252.0,120.0
a050_i050,C528_S,UNRESOLVED_IMAGE,1000000.0,124.0,False,252.0,124.0
a050_i050,C528_S,EQUALIZED_ORDER_SENSITIVITY,1.0,68.0,False,252.0,68.0
a050_i050,C528_S,EQUALIZED_ORDER_SENSITIVITY,3.0,84.0,False,252.0,84.0
a050_i050,C528_S,EQUALIZED_ORDER_SENSITIVITY,10.0,108.0,False,252.0,108.0
a050_i050,C528_S,EQUALIZED_ORDER_SENSITIVITY,30.0,120.0,False,252.0,120.0
a050_i050,C528_S,EQUALIZED_ORDER_SENSITIVITY,100.0,124.0,False,252.0,124.0
a050_i050,C528_S,EQUALIZED_ORDER_SENSITIVITY,300.0,124.0,False,252.0,124.0
a050_i050,C528_S,EQUALIZED_ORDER_SENSITIVITY,1000.0,128.0,False,252.0,128.0
a050_i050,C528_S,EQUALIZED_ORDER_SENSITIVITY,3000.0,128.0,False,252.0,128.0
a050_i050,C528_S,EQUALIZED_ORDER_SENSITIVITY,10000.0,128.0,False,252.0,128.0
a050_i050,C528_S,EQUALIZED_ORDER_SENSITIVITY,30000.0,128.0,False,252.0,128.0
a050_i050,C528_S,EQUALIZED_ORDER_SENSITIVITY,100000.0,132.0,False,252.0,132.0
a050_i050,C528_S,EQUALIZED_ORDER_SENSITIVITY,1000000.0,132.0,False,252.0,132.0
a050_i050,C528_S,PAIRING_DESTROYED,1.0,56.0,False,252.0,56.0
a050_i050,C528_S,PAIRING_DESTROYED,3.0,60.0,False,252.0,60.0
a050_i050,C528_S,PAIRING_DESTROYED,10.0,92.0,False,252.0,92.0
a050_i050,C528_S,PAIRING_DESTROYED,30.0,96.0,False,252.0,96.0
a050_i050,C528_S,PAIRING_DESTROYED,100.0,108.0,False,252.0,108.0
a050_i050,C528_S,PAIRING_DESTROYED,300.0,112.0,False,252.0,112.0
a050_i050,C528_S,PAIRING_DESTROYED,1000.0,120.0,False,252.0,120.0
a050_i050,C528_S,PAIRING_DESTROYED,3000.0,124.0,False,252.0,124.0
a050_i050,C528_S,PAIRING_DESTROYED,10000.0,124.0,False,252.0,124.0
a050_i050,C528_S,PAIRING_DESTROYED,30000.0,128.0,False,252.0,128.0
a050_i050,C528_S,PAIRING_DESTROYED,100000.0,128.0,False,252.0,128.0
a050_i050,C528_S,PAIRING_DESTROYED,1000000.0,128.0,False,252.0,128.0
a050_i050,C1056_ST,DIRECT_PHYSICAL,1.0,-1.0,False,252.0,none
a050_i050,C1056_ST,DIRECT_PHYSICAL,3.0,52.0,False,252.0,52.0
a050_i050,C1056_ST,DIRECT_PHYSICAL,10.0,56.0,False,252.0,56.0
a050_i050,C1056_ST,DIRECT_PHYSICAL,30.0,60.0,False,252.0,60.0
a050_i050,C1056_ST,DIRECT_PHYSICAL,100.0,60.0,False,252.0,60.0
a050_i050,C1056_ST,DIRECT_PHYSICAL,300.0,64.0,False,252.0,64.0
a050_i050,C1056_ST,DIRECT_PHYSICAL,1000.0,64.0,False,252.0,64.0
a050_i050,C1056_ST,DIRECT_PHYSICAL,3000.0,64.0,False,252.0,64.0
a050_i050,C1056_ST,DIRECT_PHYSICAL,10000.0,68.0,False,252.0,68.0
a050_i050,C1056_ST,DIRECT_PHYSICAL,30000.0,68.0,False,252.0,68.0
a050_i050,C1056_ST,DIRECT_PHYSICAL,100000.0,68.0,False,252.0,68.0
a050_i050,C1056_ST,DIRECT_PHYSICAL,1000000.0,68.0,False,252.0,68.0
a050_i050,C1056_ST,RESOLVED_PHYSICAL,1.0,-1.0,False,252.0,none
a050_i050,C1056_ST,RESOLVED_PHYSICAL,3.0,52.0,False,252.0,52.0
a050_i050,C1056_ST,RESOLVED_PHYSICAL,10.0,56.0,False,252.0,56.0
a050_i050,C1056_ST,RESOLVED_PHYSICAL,30.0,80.0,False,252.0,80.0
a050_i050,C1056_ST,RESOLVED_PHYSICAL,100.0,92.0,False,252.0,92.0
a050_i050,C1056_ST,RESOLVED_PHYSICAL,300.0,100.0,False,252.0,100.0
a050_i050,C1056_ST,RESOLVED_PHYSICAL,1000.0,120.0,False,252.0,120.0
a050_i050,C1056_ST,RESOLVED_PHYSICAL,3000.0,120.0,False,252.0,120.0
a050_i050,C1056_ST,RESOLVED_PHYSICAL,10000.0,124.0,False,252.0,124.0
a050_i050,C1056_ST,RESOLVED_PHYSICAL,30000.0,124.0,False,252.0,124.0
a050_i050,C1056_ST,RESOLVED_PHYSICAL,100000.0,128.0,False,252.0,128.0
a050_i050,C1056_ST,RESOLVED_PHYSICAL,1000000.0,128.0,False,252.0,128.0
a050_i050,C1056_ST,DELAY_ONLY,1.0,-1.0,False,252.0,none
a050_i050,C1056_ST,DELAY_ONLY,3.0,52.0,False,252.0,52.0
a050_i050,C1056_ST,DELAY_ONLY,10.0,92.0,False,252.0,92.0
a050_i050,C1056_ST,DELAY_ONLY,30.0,96.0,False,252.0,96.0
a050_i050,C1056_ST,DELAY_ONLY,100.0,96.0,False,252.0,96.0
a050_i050,C1056_ST,DELAY_ONLY,300.0,112.0,False,252.0,112.0
a050_i050,C1056_ST,DELAY_ONLY,1000.0,120.0,False,252.0,120.0
a050_i050,C1056_ST,DELAY_ONLY,3000.0,124.0,False,252.0,124.0
a050_i050,C1056_ST,DELAY_ONLY,10000.0,124.0,False,252.0,124.0
a050_i050,C1056_ST,DELAY_ONLY,30000.0,128.0,False,252.0,128.0
a050_i050,C1056_ST,DELAY_ONLY,100000.0,128.0,False,252.0,128.0
a050_i050,C1056_ST,DELAY_ONLY,1000000.0,128.0,False,252.0,128.0
a050_i050,C1056_ST,SPATIAL_ONLY,1.0,-1.0,False,252.0,none
a050_i050,C1056_ST,SPATIAL_ONLY,3.0,52.0,False,252.0,52.0
a050_i050,C1056_ST,SPATIAL_ONLY,10.0,56.0,False,252.0,56.0
a050_i050,C1056_ST,SPATIAL_ONLY,30.0,60.0,False,252.0,60.0
a050_i050,C1056_ST,SPATIAL_ONLY,100.0,60.0,False,252.0,60.0
a050_i050,C1056_ST,SPATIAL_ONLY,300.0,64.0,False,252.0,64.0
a050_i050,C1056_ST,SPATIAL_ONLY,1000.0,64.0,False,252.0,64.0
a050_i050,C1056_ST,SPATIAL_ONLY,3000.0,64.0,False,252.0,64.0
a050_i050,C1056_ST,SPATIAL_ONLY,10000.0,68.0,False,252.0,68.0
a050_i050,C1056_ST,SPATIAL_ONLY,30000.0,68.0,False,252.0,68.0
a050_i050,C1056_ST,SPATIAL_ONLY,100000.0,68.0,False,252.0,68.0
a050_i050,C1056_ST,SPATIAL_ONLY,1000000.0,68.0,False,252.0,68.0
a050_i050,C1056_ST,UNRESOLVED_IMAGE,1.0,-1.0,False,252.0,none
a050_i050,C1056_ST,UNRESOLVED_IMAGE,3.0,52.0,False,252.0,52.0
a050_i050,C1056_ST,UNRESOLVED_IMAGE,10.0,56.0,False,252.0,56.0
a050_i050,C1056_ST,UNRESOLVED_IMAGE,30.0,60.0,False,252.0,60.0
a050_i050,C1056_ST,UNRESOLVED_IMAGE,100.0,64.0,False,252.0,64.0
a050_i050,C1056_ST,UNRESOLVED_IMAGE,300.0,92.0,False,252.0,92.0
a050_i050,C1056_ST,UNRESOLVED_IMAGE,1000.0,100.0,False,252.0,100.0
a050_i050,C1056_ST,UNRESOLVED_IMAGE,3000.0,104.0,False,252.0,104.0
a050_i050,C1056_ST,UNRESOLVED_IMAGE,10000.0,104.0,False,252.0,104.0
a050_i050,C1056_ST,UNRESOLVED_IMAGE,30000.0,112.0,False,252.0,112.0
a050_i050,C1056_ST,UNRESOLVED_IMAGE,100000.0,120.0,False,252.0,120.0
a050_i050,C1056_ST,UNRESOLVED_IMAGE,1000000.0,124.0,False,252.0,124.0
a050_i050,C1056_ST,EQUALIZED_ORDER_SENSITIVITY,1.0,68.0,False,252.0,68.0
a050_i050,C1056_ST,EQUALIZED_ORDER_SENSITIVITY,3.0,84.0,False,252.0,84.0
a050_i050,C1056_ST,EQUALIZED_ORDER_SENSITIVITY,10.0,108.0,False,252.0,108.0
a050_i050,C1056_ST,EQUALIZED_ORDER_SENSITIVITY,30.0,120.0,False,252.0,120.0
a050_i050,C1056_ST,EQUALIZED_ORDER_SENSITIVITY,100.0,124.0,False,252.0,124.0
a050_i050,C1056_ST,EQUALIZED_ORDER_SENSITIVITY,300.0,124.0,False,252.0,124.0
a050_i050,C1056_ST,EQUALIZED_ORDER_SENSITIVITY,1000.0,128.0,False,252.0,128.0
a050_i050,C1056_ST,EQUALIZED_ORDER_SENSITIVITY,3000.0,128.0,False,252.0,128.0
a050_i050,C1056_ST,EQUALIZED_ORDER_SENSITIVITY,10000.0,128.0,False,252.0,128.0
a050_i050,C1056_ST,EQUALIZED_ORDER_SENSITIVITY,30000.0,128.0,False,252.0,128.0
a050_i050,C1056_ST,EQUALIZED_ORDER_SENSITIVITY,100000.0,132.0,False,252.0,132.0
a050_i050,C1056_ST,EQUALIZED_ORDER_SENSITIVITY,1000000.0,132.0,False,252.0,132.0
a050_i050,C1056_ST,PAIRING_DESTROYED,1.0,56.0,False,252.0,56.0
a050_i050,C1056_ST,PAIRING_DESTROYED,3.0,60.0,False,252.0,60.0
a050_i050,C1056_ST,PAIRING_DESTROYED,10.0,92.0,False,252.0,92.0
a050_i050,C1056_ST,PAIRING_DESTROYED,30.0,96.0,False,252.0,96.0
a050_i050,C1056_ST,PAIRING_DESTROYED,100.0,108.0,False,252.0,108.0
a050_i050,C1056_ST,PAIRING_DESTROYED,300.0,112.0,False,252.0,112.0
a050_i050,C1056_ST,PAIRING_DESTROYED,1000.0,120.0,False,252.0,120.0
a050_i050,C1056_ST,PAIRING_DESTROYED,3000.0,124.0,False,252.0,124.0
a050_i050,C1056_ST,PAIRING_DESTROYED,10000.0,124.0,False,252.0,124.0
a050_i050,C1056_ST,PAIRING_DESTROYED,30000.0,128.0,False,252.0,128.0
a050_i050,C1056_ST,PAIRING_DESTROYED,100000.0,128.0,False,252.0,128.0
a050_i050,C1056_ST,PAIRING_DESTROYED,1000000.0,128.0,False,252.0,128.0
a098_i075,C224,DIRECT_PHYSICAL,1.0,-1.0,False,252.0,none
a098_i075,C224,DIRECT_PHYSICAL,3.0,120.0,False,252.0,120.0
a098_i075,C224,DIRECT_PHYSICAL,10.0,136.0,False,252.0,136.0
a098_i075,C224,DIRECT_PHYSICAL,30.0,140.0,False,252.0,140.0
a098_i075,C224,DIRECT_PHYSICAL,100.0,140.0,False,252.0,140.0
a098_i075,C224,DIRECT_PHYSICAL,300.0,144.0,False,252.0,144.0
a098_i075,C224,DIRECT_PHYSICAL,1000.0,144.0,False,252.0,144.0
a098_i075,C224,DIRECT_PHYSICAL,3000.0,144.0,False,252.0,144.0
a098_i075,C224,DIRECT_PHYSICAL,10000.0,148.0,False,252.0,148.0
a098_i075,C224,DIRECT_PHYSICAL,30000.0,148.0,False,252.0,148.0
a098_i075,C224,DIRECT_PHYSICAL,100000.0,148.0,False,252.0,148.0
a098_i075,C224,DIRECT_PHYSICAL,1000000.0,152.0,False,252.0,152.0
a098_i075,C224,RESOLVED_PHYSICAL,1.0,-1.0,False,252.0,none
a098_i075,C224,RESOLVED_PHYSICAL,3.0,120.0,False,252.0,120.0
a098_i075,C224,RESOLVED_PHYSICAL,10.0,136.0,False,252.0,136.0
a098_i075,C224,RESOLVED_PHYSICAL,30.0,148.0,False,252.0,148.0
a098_i075,C224,RESOLVED_PHYSICAL,100.0,152.0,False,252.0,152.0
a098_i075,C224,RESOLVED_PHYSICAL,300.0,160.0,False,252.0,160.0
a098_i075,C224,RESOLVED_PHYSICAL,1000.0,176.0,False,252.0,176.0
a098_i075,C224,RESOLVED_PHYSICAL,3000.0,180.0,False,252.0,180.0
a098_i075,C224,RESOLVED_PHYSICAL,10000.0,184.0,False,252.0,184.0
a098_i075,C224,RESOLVED_PHYSICAL,30000.0,184.0,False,252.0,184.0
a098_i075,C224,RESOLVED_PHYSICAL,100000.0,188.0,False,252.0,188.0
a098_i075,C224,RESOLVED_PHYSICAL,1000000.0,188.0,False,252.0,188.0
a098_i075,C224,DELAY_ONLY,1.0,-1.0,False,252.0,none
a098_i075,C224,DELAY_ONLY,3.0,120.0,False,252.0,120.0
a098_i075,C224,DELAY_ONLY,10.0,136.0,False,252.0,136.0
a098_i075,C224,DELAY_ONLY,30.0,156.0,False,252.0,156.0
a098_i075,C224,DELAY_ONLY,100.0,160.0,False,252.0,160.0
a098_i075,C224,DELAY_ONLY,300.0,164.0,False,252.0,164.0
a098_i075,C224,DELAY_ONLY,1000.0,180.0,False,252.0,180.0
a098_i075,C224,DELAY_ONLY,3000.0,180.0,False,252.0,180.0
a098_i075,C224,DELAY_ONLY,10000.0,184.0,False,252.0,184.0
a098_i075,C224,DELAY_ONLY,30000.0,184.0,False,252.0,184.0
a098_i075,C224,DELAY_ONLY,100000.0,188.0,False,252.0,188.0
a098_i075,C224,DELAY_ONLY,1000000.0,188.0,False,252.0,188.0
a098_i075,C224,SPATIAL_ONLY,1.0,-1.0,False,252.0,none
a098_i075,C224,SPATIAL_ONLY,3.0,120.0,False,252.0,120.0
a098_i075,C224,SPATIAL_ONLY,10.0,136.0,False,252.0,136.0
a098_i075,C224,SPATIAL_ONLY,30.0,140.0,False,252.0,140.0
a098_i075,C224,SPATIAL_ONLY,100.0,140.0,False,252.0,140.0
a098_i075,C224,SPATIAL_ONLY,300.0,144.0,False,252.0,144.0
a098_i075,C224,SPATIAL_ONLY,1000.0,144.0,False,252.0,144.0
a098_i075,C224,SPATIAL_ONLY,3000.0,144.0,False,252.0,144.0
a098_i075,C224,SPATIAL_ONLY,10000.0,148.0,False,252.0,148.0
a098_i075,C224,SPATIAL_ONLY,30000.0,148.0,False,252.0,148.0
a098_i075,C224,SPATIAL_ONLY,100000.0,148.0,False,252.0,148.0
a098_i075,C224,SPATIAL_ONLY,1000000.0,152.0,False,252.0,152.0
a098_i075,C224,UNRESOLVED_IMAGE,1.0,-1.0,False,252.0,none
a098_i075,C224,UNRESOLVED_IMAGE,3.0,120.0,False,252.0,120.0
a098_i075,C224,UNRESOLVED_IMAGE,10.0,136.0,False,252.0,136.0
a098_i075,C224,UNRESOLVED_IMAGE,30.0,140.0,False,252.0,140.0
a098_i075,C224,UNRESOLVED_IMAGE,100.0,144.0,False,252.0,144.0
a098_i075,C224,UNRESOLVED_IMAGE,300.0,148.0,False,252.0,148.0
a098_i075,C224,UNRESOLVED_IMAGE,1000.0,160.0,False,252.0,160.0
a098_i075,C224,UNRESOLVED_IMAGE,3000.0,164.0,False,252.0,164.0
a098_i075,C224,UNRESOLVED_IMAGE,10000.0,164.0,False,252.0,164.0
a098_i075,C224,UNRESOLVED_IMAGE,30000.0,180.0,False,252.0,180.0
a098_i075,C224,UNRESOLVED_IMAGE,100000.0,184.0,False,252.0,184.0
a098_i075,C224,UNRESOLVED_IMAGE,1000000.0,184.0,False,252.0,184.0
a098_i075,C224,EQUALIZED_ORDER_SENSITIVITY,1.0,152.0,False,252.0,152.0
a098_i075,C224,EQUALIZED_ORDER_SENSITIVITY,3.0,152.0,False,252.0,152.0
a098_i075,C224,EQUALIZED_ORDER_SENSITIVITY,10.0,160.0,False,252.0,160.0
a098_i075,C224,EQUALIZED_ORDER_SENSITIVITY,30.0,180.0,False,252.0,180.0
a098_i075,C224,EQUALIZED_ORDER_SENSITIVITY,100.0,184.0,False,252.0,184.0
a098_i075,C224,EQUALIZED_ORDER_SENSITIVITY,300.0,184.0,False,252.0,184.0
a098_i075,C224,EQUALIZED_ORDER_SENSITIVITY,1000.0,184.0,False,252.0,184.0
a098_i075,C224,EQUALIZED_ORDER_SENSITIVITY,3000.0,188.0,False,252.0,188.0
a098_i075,C224,EQUALIZED_ORDER_SENSITIVITY,10000.0,188.0,False,252.0,188.0
a098_i075,C224,EQUALIZED_ORDER_SENSITIVITY,30000.0,188.0,False,252.0,188.0
a098_i075,C224,EQUALIZED_ORDER_SENSITIVITY,100000.0,188.0,False,252.0,188.0
a098_i075,C224,EQUALIZED_ORDER_SENSITIVITY,1000000.0,192.0,False,252.0,192.0
a098_i075,C224,PAIRING_DESTROYED,1.0,-1.0,False,252.0,none
a098_i075,C224,PAIRING_DESTROYED,3.0,132.0,False,252.0,132.0
a098_i075,C224,PAIRING_DESTROYED,10.0,144.0,False,252.0,144.0
a098_i075,C224,PAIRING_DESTROYED,30.0,148.0,False,252.0,148.0
a098_i075,C224,PAIRING_DESTROYED,100.0,176.0,False,252.0,176.0
a098_i075,C224,PAIRING_DESTROYED,300.0,180.0,False,252.0,180.0
a098_i075,C224,PAIRING_DESTROYED,1000.0,184.0,False,252.0,184.0
a098_i075,C224,PAIRING_DESTROYED,3000.0,184.0,False,252.0,184.0
a098_i075,C224,PAIRING_DESTROYED,10000.0,184.0,False,252.0,184.0
a098_i075,C224,PAIRING_DESTROYED,30000.0,188.0,False,252.0,188.0
a098_i075,C224,PAIRING_DESTROYED,100000.0,188.0,False,252.0,188.0
a098_i075,C224,PAIRING_DESTROYED,1000000.0,188.0,False,252.0,188.0
a098_i075,C448_T,DIRECT_PHYSICAL,1.0,-1.0,False,252.0,none
a098_i075,C448_T,DIRECT_PHYSICAL,3.0,120.0,False,252.0,120.0
a098_i075,C448_T,DIRECT_PHYSICAL,10.0,136.0,False,252.0,136.0
a098_i075,C448_T,DIRECT_PHYSICAL,30.0,140.0,False,252.0,140.0
a098_i075,C448_T,DIRECT_PHYSICAL,100.0,140.0,False,252.0,140.0
a098_i075,C448_T,DIRECT_PHYSICAL,300.0,144.0,False,252.0,144.0
a098_i075,C448_T,DIRECT_PHYSICAL,1000.0,144.0,False,252.0,144.0
a098_i075,C448_T,DIRECT_PHYSICAL,3000.0,144.0,False,252.0,144.0
a098_i075,C448_T,DIRECT_PHYSICAL,10000.0,148.0,False,252.0,148.0
a098_i075,C448_T,DIRECT_PHYSICAL,30000.0,148.0,False,252.0,148.0
a098_i075,C448_T,DIRECT_PHYSICAL,100000.0,148.0,False,252.0,148.0
a098_i075,C448_T,DIRECT_PHYSICAL,1000000.0,152.0,False,252.0,152.0
a098_i075,C448_T,RESOLVED_PHYSICAL,1.0,-1.0,False,252.0,none
a098_i075,C448_T,RESOLVED_PHYSICAL,3.0,120.0,False,252.0,120.0
a098_i075,C448_T,RESOLVED_PHYSICAL,10.0,136.0,False,252.0,136.0
a098_i075,C448_T,RESOLVED_PHYSICAL,30.0,148.0,False,252.0,148.0
a098_i075,C448_T,RESOLVED_PHYSICAL,100.0,152.0,False,252.0,152.0
a098_i075,C448_T,RESOLVED_PHYSICAL,300.0,160.0,False,252.0,160.0
a098_i075,C448_T,RESOLVED_PHYSICAL,1000.0,176.0,False,252.0,176.0
a098_i075,C448_T,RESOLVED_PHYSICAL,3000.0,180.0,False,252.0,180.0
a098_i075,C448_T,RESOLVED_PHYSICAL,10000.0,184.0,False,252.0,184.0
a098_i075,C448_T,RESOLVED_PHYSICAL,30000.0,184.0,False,252.0,184.0
a098_i075,C448_T,RESOLVED_PHYSICAL,100000.0,188.0,False,252.0,188.0
a098_i075,C448_T,RESOLVED_PHYSICAL,1000000.0,188.0,False,252.0,188.0
a098_i075,C448_T,DELAY_ONLY,1.0,-1.0,False,252.0,none
a098_i075,C448_T,DELAY_ONLY,3.0,120.0,False,252.0,120.0
a098_i075,C448_T,DELAY_ONLY,10.0,136.0,False,252.0,136.0
a098_i075,C448_T,DELAY_ONLY,30.0,156.0,False,252.0,156.0
a098_i075,C448_T,DELAY_ONLY,100.0,160.0,False,252.0,160.0
a098_i075,C448_T,DELAY_ONLY,300.0,164.0,False,252.0,164.0
a098_i075,C448_T,DELAY_ONLY,1000.0,180.0,False,252.0,180.0
a098_i075,C448_T,DELAY_ONLY,3000.0,180.0,False,252.0,180.0
a098_i075,C448_T,DELAY_ONLY,10000.0,184.0,False,252.0,184.0
a098_i075,C448_T,DELAY_ONLY,30000.0,184.0,False,252.0,184.0
a098_i075,C448_T,DELAY_ONLY,100000.0,188.0,False,252.0,188.0
a098_i075,C448_T,DELAY_ONLY,1000000.0,188.0,False,252.0,188.0
a098_i075,C448_T,SPATIAL_ONLY,1.0,-1.0,False,252.0,none
a098_i075,C448_T,SPATIAL_ONLY,3.0,120.0,False,252.0,120.0
a098_i075,C448_T,SPATIAL_ONLY,10.0,136.0,False,252.0,136.0
a098_i075,C448_T,SPATIAL_ONLY,30.0,140.0,False,252.0,140.0
a098_i075,C448_T,SPATIAL_ONLY,100.0,140.0,False,252.0,140.0
a098_i075,C448_T,SPATIAL_ONLY,300.0,144.0,False,252.0,144.0
a098_i075,C448_T,SPATIAL_ONLY,1000.0,144.0,False,252.0,144.0
a098_i075,C448_T,SPATIAL_ONLY,3000.0,144.0,False,252.0,144.0
a098_i075,C448_T,SPATIAL_ONLY,10000.0,148.0,False,252.0,148.0
a098_i075,C448_T,SPATIAL_ONLY,30000.0,148.0,False,252.0,148.0
a098_i075,C448_T,SPATIAL_ONLY,100000.0,148.0,False,252.0,148.0
a098_i075,C448_T,SPATIAL_ONLY,1000000.0,152.0,False,252.0,152.0
a098_i075,C448_T,UNRESOLVED_IMAGE,1.0,-1.0,False,252.0,none
a098_i075,C448_T,UNRESOLVED_IMAGE,3.0,120.0,False,252.0,120.0
a098_i075,C448_T,UNRESOLVED_IMAGE,10.0,136.0,False,252.0,136.0
a098_i075,C448_T,UNRESOLVED_IMAGE,30.0,140.0,False,252.0,140.0
a098_i075,C448_T,UNRESOLVED_IMAGE,100.0,144.0,False,252.0,144.0
a098_i075,C448_T,UNRESOLVED_IMAGE,300.0,148.0,False,252.0,148.0
a098_i075,C448_T,UNRESOLVED_IMAGE,1000.0,160.0,False,252.0,160.0
a098_i075,C448_T,UNRESOLVED_IMAGE,3000.0,164.0,False,252.0,164.0
a098_i075,C448_T,UNRESOLVED_IMAGE,10000.0,164.0,False,252.0,164.0
a098_i075,C448_T,UNRESOLVED_IMAGE,30000.0,180.0,False,252.0,180.0
a098_i075,C448_T,UNRESOLVED_IMAGE,100000.0,184.0,False,252.0,184.0
a098_i075,C448_T,UNRESOLVED_IMAGE,1000000.0,184.0,False,252.0,184.0
a098_i075,C448_T,EQUALIZED_ORDER_SENSITIVITY,1.0,152.0,False,252.0,152.0
a098_i075,C448_T,EQUALIZED_ORDER_SENSITIVITY,3.0,152.0,False,252.0,152.0
a098_i075,C448_T,EQUALIZED_ORDER_SENSITIVITY,10.0,160.0,False,252.0,160.0
a098_i075,C448_T,EQUALIZED_ORDER_SENSITIVITY,30.0,180.0,False,252.0,180.0
a098_i075,C448_T,EQUALIZED_ORDER_SENSITIVITY,100.0,184.0,False,252.0,184.0
a098_i075,C448_T,EQUALIZED_ORDER_SENSITIVITY,300.0,184.0,False,252.0,184.0
a098_i075,C448_T,EQUALIZED_ORDER_SENSITIVITY,1000.0,184.0,False,252.0,184.0
a098_i075,C448_T,EQUALIZED_ORDER_SENSITIVITY,3000.0,188.0,False,252.0,188.0
a098_i075,C448_T,EQUALIZED_ORDER_SENSITIVITY,10000.0,188.0,False,252.0,188.0
a098_i075,C448_T,EQUALIZED_ORDER_SENSITIVITY,30000.0,188.0,False,252.0,188.0
a098_i075,C448_T,EQUALIZED_ORDER_SENSITIVITY,100000.0,188.0,False,252.0,188.0
a098_i075,C448_T,EQUALIZED_ORDER_SENSITIVITY,1000000.0,192.0,False,252.0,192.0
a098_i075,C448_T,PAIRING_DESTROYED,1.0,-1.0,False,252.0,none
a098_i075,C448_T,PAIRING_DESTROYED,3.0,132.0,False,252.0,132.0
a098_i075,C448_T,PAIRING_DESTROYED,10.0,144.0,False,252.0,144.0
a098_i075,C448_T,PAIRING_DESTROYED,30.0,148.0,False,252.0,148.0
a098_i075,C448_T,PAIRING_DESTROYED,100.0,176.0,False,252.0,176.0
a098_i075,C448_T,PAIRING_DESTROYED,300.0,180.0,False,252.0,180.0
a098_i075,C448_T,PAIRING_DESTROYED,1000.0,184.0,False,252.0,184.0
a098_i075,C448_T,PAIRING_DESTROYED,3000.0,184.0,False,252.0,184.0
a098_i075,C448_T,PAIRING_DESTROYED,10000.0,184.0,False,252.0,184.0
a098_i075,C448_T,PAIRING_DESTROYED,30000.0,188.0,False,252.0,188.0
a098_i075,C448_T,PAIRING_DESTROYED,100000.0,188.0,False,252.0,188.0
a098_i075,C448_T,PAIRING_DESTROYED,1000000.0,188.0,False,252.0,188.0
a098_i075,C528_S,DIRECT_PHYSICAL,1.0,96.0,False,252.0,96.0
a098_i075,C528_S,DIRECT_PHYSICAL,3.0,128.0,False,252.0,128.0
a098_i075,C528_S,DIRECT_PHYSICAL,10.0,136.0,False,252.0,136.0
a098_i075,C528_S,DIRECT_PHYSICAL,30.0,140.0,False,252.0,140.0
a098_i075,C528_S,DIRECT_PHYSICAL,100.0,144.0,False,252.0,144.0
a098_i075,C528_S,DIRECT_PHYSICAL,300.0,144.0,False,252.0,144.0
a098_i075,C528_S,DIRECT_PHYSICAL,1000.0,144.0,False,252.0,144.0
a098_i075,C528_S,DIRECT_PHYSICAL,3000.0,148.0,False,252.0,148.0
a098_i075,C528_S,DIRECT_PHYSICAL,10000.0,148.0,False,252.0,148.0
a098_i075,C528_S,DIRECT_PHYSICAL,30000.0,148.0,False,252.0,148.0
a098_i075,C528_S,DIRECT_PHYSICAL,100000.0,148.0,False,252.0,148.0
a098_i075,C528_S,DIRECT_PHYSICAL,1000000.0,152.0,False,252.0,152.0
a098_i075,C528_S,RESOLVED_PHYSICAL,1.0,96.0,False,252.0,96.0
a098_i075,C528_S,RESOLVED_PHYSICAL,3.0,128.0,False,252.0,128.0
a098_i075,C528_S,RESOLVED_PHYSICAL,10.0,148.0,False,252.0,148.0
a098_i075,C528_S,RESOLVED_PHYSICAL,30.0,152.0,False,252.0,152.0
a098_i075,C528_S,RESOLVED_PHYSICAL,100.0,156.0,False,252.0,156.0
a098_i075,C528_S,RESOLVED_PHYSICAL,300.0,164.0,False,252.0,164.0
a098_i075,C528_S,RESOLVED_PHYSICAL,1000.0,180.0,False,252.0,180.0
a098_i075,C528_S,RESOLVED_PHYSICAL,3000.0,184.0,False,252.0,184.0
a098_i075,C528_S,RESOLVED_PHYSICAL,10000.0,184.0,False,252.0,184.0
a098_i075,C528_S,RESOLVED_PHYSICAL,30000.0,184.0,False,252.0,184.0
a098_i075,C528_S,RESOLVED_PHYSICAL,100000.0,188.0,False,252.0,188.0
a098_i075,C528_S,RESOLVED_PHYSICAL,1000000.0,188.0,False,252.0,188.0
a098_i075,C528_S,DELAY_ONLY,1.0,96.0,False,252.0,96.0
a098_i075,C528_S,DELAY_ONLY,3.0,128.0,False,252.0,128.0
a098_i075,C528_S,DELAY_ONLY,10.0,156.0,False,252.0,156.0
a098_i075,C528_S,DELAY_ONLY,30.0,160.0,False,252.0,160.0
a098_i075,C528_S,DELAY_ONLY,100.0,160.0,False,252.0,160.0
a098_i075,C528_S,DELAY_ONLY,300.0,164.0,False,252.0,164.0
a098_i075,C528_S,DELAY_ONLY,1000.0,180.0,False,252.0,180.0
a098_i075,C528_S,DELAY_ONLY,3000.0,184.0,False,252.0,184.0
a098_i075,C528_S,DELAY_ONLY,10000.0,184.0,False,252.0,184.0
a098_i075,C528_S,DELAY_ONLY,30000.0,184.0,False,252.0,184.0
a098_i075,C528_S,DELAY_ONLY,100000.0,188.0,False,252.0,188.0
a098_i075,C528_S,DELAY_ONLY,1000000.0,188.0,False,252.0,188.0
a098_i075,C528_S,SPATIAL_ONLY,1.0,96.0,False,252.0,96.0
a098_i075,C528_S,SPATIAL_ONLY,3.0,136.0,False,252.0,136.0
a098_i075,C528_S,SPATIAL_ONLY,10.0,140.0,False,252.0,140.0
a098_i075,C528_S,SPATIAL_ONLY,30.0,140.0,False,252.0,140.0
a098_i075,C528_S,SPATIAL_ONLY,100.0,144.0,False,252.0,144.0
a098_i075,C528_S,SPATIAL_ONLY,300.0,144.0,False,252.0,144.0
a098_i075,C528_S,SPATIAL_ONLY,1000.0,144.0,False,252.0,144.0
a098_i075,C528_S,SPATIAL_ONLY,3000.0,148.0,False,252.0,148.0
a098_i075,C528_S,SPATIAL_ONLY,10000.0,148.0,False,252.0,148.0
a098_i075,C528_S,SPATIAL_ONLY,30000.0,148.0,False,252.0,148.0
a098_i075,C528_S,SPATIAL_ONLY,100000.0,148.0,False,252.0,148.0
a098_i075,C528_S,SPATIAL_ONLY,1000000.0,152.0,False,252.0,152.0
a098_i075,C528_S,UNRESOLVED_IMAGE,1.0,96.0,False,252.0,96.0
a098_i075,C528_S,UNRESOLVED_IMAGE,3.0,128.0,False,252.0,128.0
a098_i075,C528_S,UNRESOLVED_IMAGE,10.0,136.0,False,252.0,136.0
a098_i075,C528_S,UNRESOLVED_IMAGE,30.0,140.0,False,252.0,140.0
a098_i075,C528_S,UNRESOLVED_IMAGE,100.0,148.0,False,252.0,148.0
a098_i075,C528_S,UNRESOLVED_IMAGE,300.0,156.0,False,252.0,156.0
a098_i075,C528_S,UNRESOLVED_IMAGE,1000.0,160.0,False,252.0,160.0
a098_i075,C528_S,UNRESOLVED_IMAGE,3000.0,164.0,False,252.0,164.0
a098_i075,C528_S,UNRESOLVED_IMAGE,10000.0,176.0,False,252.0,176.0
a098_i075,C528_S,UNRESOLVED_IMAGE,30000.0,180.0,False,252.0,180.0
a098_i075,C528_S,UNRESOLVED_IMAGE,100000.0,184.0,False,252.0,184.0
a098_i075,C528_S,UNRESOLVED_IMAGE,1000000.0,184.0,False,252.0,184.0
a098_i075,C528_S,EQUALIZED_ORDER_SENSITIVITY,1.0,152.0,False,252.0,152.0
a098_i075,C528_S,EQUALIZED_ORDER_SENSITIVITY,3.0,156.0,False,252.0,156.0
a098_i075,C528_S,EQUALIZED_ORDER_SENSITIVITY,10.0,172.0,False,252.0,172.0
a098_i075,C528_S,EQUALIZED_ORDER_SENSITIVITY,30.0,180.0,False,252.0,180.0
a098_i075,C528_S,EQUALIZED_ORDER_SENSITIVITY,100.0,184.0,False,252.0,184.0
a098_i075,C528_S,EQUALIZED_ORDER_SENSITIVITY,300.0,184.0,False,252.0,184.0
a098_i075,C528_S,EQUALIZED_ORDER_SENSITIVITY,1000.0,184.0,False,252.0,184.0
a098_i075,C528_S,EQUALIZED_ORDER_SENSITIVITY,3000.0,188.0,False,252.0,188.0
a098_i075,C528_S,EQUALIZED_ORDER_SENSITIVITY,10000.0,188.0,False,252.0,188.0
a098_i075,C528_S,EQUALIZED_ORDER_SENSITIVITY,30000.0,188.0,False,252.0,188.0
a098_i075,C528_S,EQUALIZED_ORDER_SENSITIVITY,100000.0,188.0,False,252.0,188.0
a098_i075,C528_S,EQUALIZED_ORDER_SENSITIVITY,1000000.0,192.0,False,252.0,192.0
a098_i075,C528_S,PAIRING_DESTROYED,1.0,120.0,False,252.0,120.0
a098_i075,C528_S,PAIRING_DESTROYED,3.0,136.0,False,252.0,136.0
a098_i075,C528_S,PAIRING_DESTROYED,10.0,148.0,False,252.0,148.0
a098_i075,C528_S,PAIRING_DESTROYED,30.0,164.0,False,252.0,164.0
a098_i075,C528_S,PAIRING_DESTROYED,100.0,176.0,False,252.0,176.0
a098_i075,C528_S,PAIRING_DESTROYED,300.0,180.0,False,252.0,180.0
a098_i075,C528_S,PAIRING_DESTROYED,1000.0,184.0,False,252.0,184.0
a098_i075,C528_S,PAIRING_DESTROYED,3000.0,184.0,False,252.0,184.0
a098_i075,C528_S,PAIRING_DESTROYED,10000.0,184.0,False,252.0,184.0
a098_i075,C528_S,PAIRING_DESTROYED,30000.0,188.0,False,252.0,188.0
a098_i075,C528_S,PAIRING_DESTROYED,100000.0,188.0,False,252.0,188.0
a098_i075,C528_S,PAIRING_DESTROYED,1000000.0,188.0,False,252.0,188.0
a098_i075,C1056_ST,DIRECT_PHYSICAL,1.0,96.0,False,252.0,96.0
a098_i075,C1056_ST,DIRECT_PHYSICAL,3.0,128.0,False,252.0,128.0
a098_i075,C1056_ST,DIRECT_PHYSICAL,10.0,136.0,False,252.0,136.0
a098_i075,C1056_ST,DIRECT_PHYSICAL,30.0,140.0,False,252.0,140.0
a098_i075,C1056_ST,DIRECT_PHYSICAL,100.0,144.0,False,252.0,144.0
a098_i075,C1056_ST,DIRECT_PHYSICAL,300.0,144.0,False,252.0,144.0
a098_i075,C1056_ST,DIRECT_PHYSICAL,1000.0,144.0,False,252.0,144.0
a098_i075,C1056_ST,DIRECT_PHYSICAL,3000.0,148.0,False,252.0,148.0
a098_i075,C1056_ST,DIRECT_PHYSICAL,10000.0,148.0,False,252.0,148.0
a098_i075,C1056_ST,DIRECT_PHYSICAL,30000.0,148.0,False,252.0,148.0
a098_i075,C1056_ST,DIRECT_PHYSICAL,100000.0,148.0,False,252.0,148.0
a098_i075,C1056_ST,DIRECT_PHYSICAL,1000000.0,152.0,False,252.0,152.0
a098_i075,C1056_ST,RESOLVED_PHYSICAL,1.0,96.0,False,252.0,96.0
a098_i075,C1056_ST,RESOLVED_PHYSICAL,3.0,128.0,False,252.0,128.0
a098_i075,C1056_ST,RESOLVED_PHYSICAL,10.0,148.0,False,252.0,148.0
a098_i075,C1056_ST,RESOLVED_PHYSICAL,30.0,152.0,False,252.0,152.0
a098_i075,C1056_ST,RESOLVED_PHYSICAL,100.0,156.0,False,252.0,156.0
a098_i075,C1056_ST,RESOLVED_PHYSICAL,300.0,164.0,False,252.0,164.0
a098_i075,C1056_ST,RESOLVED_PHYSICAL,1000.0,180.0,False,252.0,180.0
a098_i075,C1056_ST,RESOLVED_PHYSICAL,3000.0,184.0,False,252.0,184.0
a098_i075,C1056_ST,RESOLVED_PHYSICAL,10000.0,184.0,False,252.0,184.0
a098_i075,C1056_ST,RESOLVED_PHYSICAL,30000.0,184.0,False,252.0,184.0
a098_i075,C1056_ST,RESOLVED_PHYSICAL,100000.0,188.0,False,252.0,188.0
a098_i075,C1056_ST,RESOLVED_PHYSICAL,1000000.0,188.0,False,252.0,188.0
a098_i075,C1056_ST,DELAY_ONLY,1.0,96.0,False,252.0,96.0
a098_i075,C1056_ST,DELAY_ONLY,3.0,128.0,False,252.0,128.0
a098_i075,C1056_ST,DELAY_ONLY,10.0,156.0,False,252.0,156.0
a098_i075,C1056_ST,DELAY_ONLY,30.0,160.0,False,252.0,160.0
a098_i075,C1056_ST,DELAY_ONLY,100.0,160.0,False,252.0,160.0
a098_i075,C1056_ST,DELAY_ONLY,300.0,164.0,False,252.0,164.0
a098_i075,C1056_ST,DELAY_ONLY,1000.0,180.0,False,252.0,180.0
a098_i075,C1056_ST,DELAY_ONLY,3000.0,184.0,False,252.0,184.0
a098_i075,C1056_ST,DELAY_ONLY,10000.0,184.0,False,252.0,184.0
a098_i075,C1056_ST,DELAY_ONLY,30000.0,184.0,False,252.0,184.0
a098_i075,C1056_ST,DELAY_ONLY,100000.0,188.0,False,252.0,188.0
a098_i075,C1056_ST,DELAY_ONLY,1000000.0,188.0,False,252.0,188.0
a098_i075,C1056_ST,SPATIAL_ONLY,1.0,96.0,False,252.0,96.0
a098_i075,C1056_ST,SPATIAL_ONLY,3.0,136.0,False,252.0,136.0
a098_i075,C1056_ST,SPATIAL_ONLY,10.0,140.0,False,252.0,140.0
a098_i075,C1056_ST,SPATIAL_ONLY,30.0,140.0,False,252.0,140.0
a098_i075,C1056_ST,SPATIAL_ONLY,100.0,144.0,False,252.0,144.0
a098_i075,C1056_ST,SPATIAL_ONLY,300.0,144.0,False,252.0,144.0
a098_i075,C1056_ST,SPATIAL_ONLY,1000.0,144.0,False,252.0,144.0
a098_i075,C1056_ST,SPATIAL_ONLY,3000.0,148.0,False,252.0,148.0
a098_i075,C1056_ST,SPATIAL_ONLY,10000.0,148.0,False,252.0,148.0
a098_i075,C1056_ST,SPATIAL_ONLY,30000.0,148.0,False,252.0,148.0
a098_i075,C1056_ST,SPATIAL_ONLY,100000.0,148.0,False,252.0,148.0
a098_i075,C1056_ST,SPATIAL_ONLY,1000000.0,152.0,False,252.0,152.0
a098_i075,C1056_ST,UNRESOLVED_IMAGE,1.0,96.0,False,252.0,96.0
a098_i075,C1056_ST,UNRESOLVED_IMAGE,3.0,128.0,False,252.0,128.0
a098_i075,C1056_ST,UNRESOLVED_IMAGE,10.0,136.0,False,252.0,136.0
a098_i075,C1056_ST,UNRESOLVED_IMAGE,30.0,140.0,False,252.0,140.0
a098_i075,C1056_ST,UNRESOLVED_IMAGE,100.0,148.0,False,252.0,148.0
a098_i075,C1056_ST,UNRESOLVED_IMAGE,300.0,156.0,False,252.0,156.0
a098_i075,C1056_ST,UNRESOLVED_IMAGE,1000.0,160.0,False,252.0,160.0
a098_i075,C1056_ST,UNRESOLVED_IMAGE,3000.0,164.0,False,252.0,164.0
a098_i075,C1056_ST,UNRESOLVED_IMAGE,10000.0,176.0,False,252.0,176.0
a098_i075,C1056_ST,UNRESOLVED_IMAGE,30000.0,180.0,False,252.0,180.0
a098_i075,C1056_ST,UNRESOLVED_IMAGE,100000.0,184.0,False,252.0,184.0
a098_i075,C1056_ST,UNRESOLVED_IMAGE,1000000.0,184.0,False,252.0,184.0
a098_i075,C1056_ST,EQUALIZED_ORDER_SENSITIVITY,1.0,152.0,False,252.0,152.0
a098_i075,C1056_ST,EQUALIZED_ORDER_SENSITIVITY,3.0,156.0,False,252.0,156.0
a098_i075,C1056_ST,EQUALIZED_ORDER_SENSITIVITY,10.0,172.0,False,252.0,172.0
a098_i075,C1056_ST,EQUALIZED_ORDER_SENSITIVITY,30.0,180.0,False,252.0,180.0
a098_i075,C1056_ST,EQUALIZED_ORDER_SENSITIVITY,100.0,184.0,False,252.0,184.0
a098_i075,C1056_ST,EQUALIZED_ORDER_SENSITIVITY,300.0,184.0,False,252.0,184.0
a098_i075,C1056_ST,EQUALIZED_ORDER_SENSITIVITY,1000.0,184.0,False,252.0,184.0
a098_i075,C1056_ST,EQUALIZED_ORDER_SENSITIVITY,3000.0,188.0,False,252.0,188.0
a098_i075,C1056_ST,EQUALIZED_ORDER_SENSITIVITY,10000.0,188.0,False,252.0,188.0
a098_i075,C1056_ST,EQUALIZED_ORDER_SENSITIVITY,30000.0,188.0,False,252.0,188.0
a098_i075,C1056_ST,EQUALIZED_ORDER_SENSITIVITY,100000.0,188.0,False,252.0,188.0
a098_i075,C1056_ST,EQUALIZED_ORDER_SENSITIVITY,1000000.0,192.0,False,252.0,192.0
a098_i075,C1056_ST,PAIRING_DESTROYED,1.0,120.0,False,252.0,120.0
a098_i075,C1056_ST,PAIRING_DESTROYED,3.0,136.0,False,252.0,136.0
a098_i075,C1056_ST,PAIRING_DESTROYED,10.0,148.0,False,252.0,148.0
a098_i075,C1056_ST,PAIRING_DESTROYED,30.0,164.0,False,252.0,164.0
a098_i075,C1056_ST,PAIRING_DESTROYED,100.0,176.0,False,252.0,176.0
a098_i075,C1056_ST,PAIRING_DESTROYED,300.0,180.0,False,252.0,180.0
a098_i075,C1056_ST,PAIRING_DESTROYED,1000.0,184.0,False,252.0,184.0
a098_i075,C1056_ST,PAIRING_DESTROYED,3000.0,184.0,False,252.0,184.0
a098_i075,C1056_ST,PAIRING_DESTROYED,10000.0,184.0,False,252.0,184.0
a098_i075,C1056_ST,PAIRING_DESTROYED,30000.0,188.0,False,252.0,188.0
a098_i075,C1056_ST,PAIRING_DESTROYED,100000.0,188.0,False,252.0,188.0
a098_i075,C1056_ST,PAIRING_DESTROYED,1000000.0,188.0,False,252.0,188.0
