family,index,class,off_manifold,canary,n_multi_before,n_merged,merger_rate,representation_floor_median,representation_floor_max
circular_hotspot_trajectory,0,L448_contrast,False,False,0,0,0.0,22.169807437556546,22.169807437556546
circular_hotspot_trajectory,0,L896_radial_enriched,False,False,0,0,0.0,0.2380952380952389,0.2380952380952389
circular_hotspot_trajectory,1,L448_contrast,False,False,0,0,0.0,22.407902675651787,22.469538723179237
circular_hotspot_trajectory,1,L896_radial_enriched,False,False,0,0,0.0,0.47619047619047566,0.5378265237179285
circular_hotspot_trajectory,2,L448_contrast,False,False,0,0,0.0,1.42857142857143,1.45028146458907
circular_hotspot_trajectory,2,L896_radial_enriched,False,False,0,0,0.0,0.2380952380952389,0.34523809523809845
circular_hotspot_trajectory,3,L448_contrast,False,False,0,0,0.0,0.9523809523809527,0.9846468800834388
circular_hotspot_trajectory,3,L896_radial_enriched,False,False,0,0,0.0,0.0,0.24999999999999914
circular_hotspot_trajectory,4,L448_contrast,False,False,0,0,0.0,22.16980743755655,22.276950294699407
circular_hotspot_trajectory,4,L896_radial_enriched,False,False,0,0,0.0,22.16980743755655,22.276950294699407
circular_hotspot_trajectory,5,L448_contrast,False,False,0,0,0.0,22.169807437556546,22.169807437556546
circular_hotspot_trajectory,5,L896_radial_enriched,False,False,0,0,0.0,0.0,0.0
circular_hotspot_trajectory,6,L448_contrast,False,False,0,0,0.0,1.4285714285714288,1.4285714285714288
circular_hotspot_trajectory,6,L896_radial_enriched,False,False,0,0,0.0,0.0,0.0
circular_hotspot_trajectory,7,L448_contrast,False,False,0,0,0.0,1.4285714285714284,1.4502814645890685
circular_hotspot_trajectory,7,L896_radial_enriched,False,False,0,0,0.0,0.23809523809523697,0.3452380952380971
circular_hotspot_trajectory,8,L448_contrast,False,False,0,0,0.0,22.407902675651787,22.469538723179237
circular_hotspot_trajectory,8,L896_radial_enriched,False,False,0,0,0.0,0.47619047619047566,0.5378265237179285
circular_hotspot_trajectory,9,L448_contrast,False,False,0,0,0.0,21.93171219946131,22.18171219946131
circular_hotspot_trajectory,9,L896_radial_enriched,False,False,0,0,0.0,22.169807437556546,22.276950294699404
circular_hotspot_trajectory,10,L448_contrast,False,False,0,0,0.0,0.0,0.0
circular_hotspot_trajectory,10,L896_radial_enriched,False,False,0,0,0.0,0.0,0.0
circular_hotspot_trajectory,11,L448_contrast,False,False,0,0,0.0,1.904761904761904,1.921098101043306
circular_hotspot_trajectory,11,L896_radial_enriched,False,False,0,0,0.0,0.47619047619047566,0.5378265237179285
circular_hotspot_trajectory,12,L448_contrast,False,False,0,0,0.0,0.4761904761904758,0.4761904761904758
circular_hotspot_trajectory,12,L896_radial_enriched,False,False,0,0,0.0,0.4761904761904758,0.4761904761904758
circular_hotspot_trajectory,13,L448_contrast,False,False,0,0,0.0,0.7142857142857142,0.7567721464434671
circular_hotspot_trajectory,13,L896_radial_enriched,False,False,0,0,0.0,0.0,0.24999999999999914
circular_hotspot_trajectory,14,L448_contrast,False,False,0,0,0.0,22.407902675651783,22.469538723179237
circular_hotspot_trajectory,14,L896_radial_enriched,False,False,0,0,0.0,0.0,0.24999999999999914
circular_hotspot_trajectory,15,L448_contrast,False,False,0,0,0.0,1.6666666666666676,1.6853123680130582
circular_hotspot_trajectory,15,L896_radial_enriched,False,False,0,0,0.0,0.0,0.2500000000000014
circular_hotspot_trajectory,16,L448_contrast,False,False,0,0,0.0,22.407902675651787,22.407902675651787
circular_hotspot_trajectory,16,L896_radial_enriched,False,False,0,0,0.0,21.93171219946131,21.93171219946131
circular_hotspot_trajectory,17,L448_contrast,False,False,0,0,0.0,22.407902675651787,22.407902675651787
circular_hotspot_trajectory,17,L896_radial_enriched,False,False,0,0,0.0,22.16980743755655,22.16980743755655
circular_hotspot_trajectory,18,L448_contrast,False,False,0,0,0.0,0.23809523809523656,0.23809523809523656
circular_hotspot_trajectory,18,L896_radial_enriched,False,False,0,0,0.0,0.23809523809523656,0.23809523809523656
circular_hotspot_trajectory,19,L448_contrast,False,False,0,0,0.0,0.23809523809523656,0.23809523809523656
circular_hotspot_trajectory,19,L896_radial_enriched,False,False,0,0,0.0,0.23809523809523656,0.23809523809523656
circular_hotspot_trajectory,20,L448_contrast,False,False,0,0,0.0,1.6666666666666676,1.6666666666666676
circular_hotspot_trajectory,20,L896_radial_enriched,False,False,0,0,0.0,0.23809523809523872,0.23809523809523872
circular_hotspot_trajectory,21,L448_contrast,False,False,0,0,0.0,1.4285714285714288,1.4285714285714288
circular_hotspot_trajectory,21,L896_radial_enriched,False,False,0,0,0.0,0.23809523809523925,0.23809523809523925
circular_hotspot_trajectory,22,L448_contrast,False,False,0,0,0.0,22.407902675651787,22.46953872317924
circular_hotspot_trajectory,22,L896_radial_enriched,False,False,0,0,0.0,0.476190476190478,0.5378265237179306
circular_hotspot_trajectory,23,L448_contrast,False,False,0,0,0.0,44.33961487511309,44.40125092264054
circular_hotspot_trajectory,23,L896_radial_enriched,False,False,0,0,0.0,0.2380952380952389,0.3452380952380952
two_hotspot_trajectories,0,L448_contrast,False,False,61,0,0.0,23.63064479383046,23.673131225988215
two_hotspot_trajectories,0,L896_radial_enriched,False,False,61,0,0.0,0.48809523809523514,0.5952380952380969
two_hotspot_trajectories,1,L448_contrast,False,False,61,0,0.0,14.12557820076092,14.623558971812733
two_hotspot_trajectories,1,L896_radial_enriched,False,False,61,0,0.0,0.7918906356958553,1.024981089031461
two_hotspot_trajectories,2,L448_contrast,False,False,61,0,0.0,0.4761904761904753,0.6904761904761902
two_hotspot_trajectories,2,L896_radial_enriched,False,False,61,0,0.0,0.7142857142857122,0.8214285714285708
two_hotspot_trajectories,3,L448_contrast,False,False,0,0,0.0,22.276950294699404,22.48550759706193
two_hotspot_trajectories,3,L896_radial_enriched,False,False,0,0,0.0,0.34523809523809507,0.5537953976006201
two_hotspot_trajectories,4,L448_contrast,False,False,61,0,0.0,24.344930508116178,24.344930508116178
two_hotspot_trajectories,4,L896_radial_enriched,False,False,61,0,0.0,0.7142857142857149,0.8214285714285711
two_hotspot_trajectories,5,L448_contrast,False,False,61,61,1.0,22.169807437556546,22.276950294699407
two_hotspot_trajectories,5,L896_radial_enriched,False,False,61,61,1.0,22.169807437556546,22.276950294699407
two_hotspot_trajectories,6,L448_contrast,False,False,61,0,0.0,2.1688239473834723,2.5891973403227926
two_hotspot_trajectories,6,L896_radial_enriched,False,False,61,0,0.0,0.7142857142857157,1.1020102416815623
two_hotspot_trajectories,7,L448_contrast,False,False,0,0,0.0,22.169807437556546,22.276950294699407
two_hotspot_trajectories,7,L896_radial_enriched,False,False,0,0,0.0,22.16980743755655,22.276950294699407
two_hotspot_trajectories,8,L448_contrast,False,False,61,61,1.0,22.469538723179237,22.6221883899375
two_hotspot_trajectories,8,L896_radial_enriched,False,False,61,0,0.0,0.8830646189560243,1.035714285714288
two_hotspot_trajectories,9,L448_contrast,False,False,61,19,0.3114754098360656,23.360283628032736,24.36459818946635
two_hotspot_trajectories,9,L896_radial_enriched,False,False,61,0,0.0,0.3452380952380952,0.7380952380952395
two_hotspot_trajectories,10,L448_contrast,False,False,61,61,1.0,23.1221883899375,23.1221883899375
two_hotspot_trajectories,10,L896_radial_enriched,False,False,61,0,0.0,0.5378265237179277,0.7878265237179268
two_hotspot_trajectories,11,L448_contrast,False,False,61,0,0.0,2.3809523809523796,2.4589246247612344
two_hotspot_trajectories,11,L896_radial_enriched,False,False,61,0,0.0,22.407902675651783,22.75314077088988
two_hotspot_trajectories,12,L448_contrast,False,False,57,53,0.9298245614035088,22.276950294699404,22.967426485175597
two_hotspot_trajectories,12,L896_radial_enriched,False,False,57,46,0.8070175438596491,22.169807437556546,22.276950294699407
two_hotspot_trajectories,13,L448_contrast,False,False,61,0,0.0,22.945729199369715,22.945729199369715
two_hotspot_trajectories,13,L896_radial_enriched,False,False,61,0,0.0,0.7759217618131652,0.8214285714285694
two_hotspot_trajectories,14,L448_contrast,False,False,61,0,0.0,23.978812078273332,24.428256389571118
two_hotspot_trajectories,14,L896_radial_enriched,False,False,61,0,0.0,22.645997913747024,22.860283628032736
two_hotspot_trajectories,15,L448_contrast,False,False,61,0,0.0,22.645997913747024,22.916359079544748
two_hotspot_trajectories,15,L896_radial_enriched,False,False,61,0,0.0,0.0,0.24999999999999914
two_hotspot_trajectories,16,L448_contrast,False,False,61,61,1.0,23.18171219946131,23.43171219946131
two_hotspot_trajectories,16,L896_radial_enriched,False,False,61,61,1.0,22.18171219946131,22.18171219946131
two_hotspot_trajectories,17,L448_contrast,False,False,61,0,0.0,12.427822518962742,13.011871358590469
two_hotspot_trajectories,17,L896_radial_enriched,False,False,61,61,1.0,22.967426485175594,23.37140108308605
two_hotspot_trajectories,18,L448_contrast,False,False,61,0,0.0,24.8148218611305,24.83346756247689
two_hotspot_trajectories,18,L896_radial_enriched,False,False,61,0,0.0,1.1904761904761916,1.2521122380036465
two_hotspot_trajectories,19,L448_contrast,False,False,61,61,1.0,23.593098392263165,23.821872002661202
two_hotspot_trajectories,19,L896_radial_enriched,False,False,61,61,1.0,24.194274760453517,24.43171219946131
two_hotspot_trajectories,20,L448_contrast,False,False,61,61,1.0,23.503185864037984,23.70851536201423
two_hotspot_trajectories,20,L896_radial_enriched,False,False,61,61,1.0,24.194274760453517,24.44302447442905
two_hotspot_trajectories,21,L448_contrast,False,False,61,0,0.0,24.32456934231845,24.64289878428178
two_hotspot_trajectories,21,L896_radial_enriched,False,False,61,0,0.0,22.64599791374702,22.81477681841733
two_hotspot_trajectories,22,L448_contrast,False,False,61,38,0.6229508196721312,23.852810300504615,24.641656774306096
two_hotspot_trajectories,22,L896_radial_enriched,False,False,61,0,0.0,22.88409315184226,23.041704267251813
two_hotspot_trajectories,23,L448_contrast,False,False,61,0,0.0,22.407902675651783,22.6221883899375
two_hotspot_trajectories,23,L896_radial_enriched,False,False,61,0,0.0,0.47619047619047544,0.5833333333333325
m1_rotating_crescent,0,L448_contrast,False,False,0,0,0.0,22.169807437556546,22.169807437556546
m1_rotating_crescent,0,L896_radial_enriched,False,False,0,0,0.0,0.23809523809523603,0.23809523809523603
m1_rotating_crescent,1,L448_contrast,False,False,0,0,0.0,66.03323183647916,66.03323183647916
m1_rotating_crescent,1,L896_radial_enriched,False,False,0,0,0.0,22.16980743755655,22.16980743755655
m1_rotating_crescent,2,L448_contrast,False,False,0,0,0.0,1.6666666666666676,1.685312368013058
m1_rotating_crescent,2,L896_radial_enriched,False,False,0,0,0.0,22.169807437556546,22.276950294699404
m1_rotating_crescent,3,L448_contrast,False,False,0,0,0.0,66.03323183647916,66.03323183647916
m1_rotating_crescent,3,L896_radial_enriched,False,False,0,0,0.0,22.16980743755655,22.16980743755655
m1_rotating_crescent,4,L448_contrast,False,False,0,0,0.0,1.666666666666667,1.685312368013058
m1_rotating_crescent,4,L896_radial_enriched,False,False,0,0,0.0,0.23809523809523708,0.3452380952380972
m1_rotating_crescent,5,L448_contrast,False,False,0,0,0.0,2.380952380952379,2.3940414032265194
m1_rotating_crescent,5,L896_radial_enriched,False,False,0,0,0.0,0.47619047619047566,0.5378265237179285
m1_rotating_crescent,6,L448_contrast,False,False,0,0,0.0,0.4761904761904758,0.4761904761904758
m1_rotating_crescent,6,L896_radial_enriched,False,False,0,0,0.0,0.4761904761904758,0.4761904761904758
m1_rotating_crescent,7,L448_contrast,False,False,0,0,0.0,22.169807437556546,22.169807437556546
m1_rotating_crescent,7,L896_radial_enriched,False,False,0,0,0.0,0.0,0.0
m1_rotating_crescent,8,L448_contrast,False,False,0,0,0.0,1.904761904761904,1.921098101043306
m1_rotating_crescent,8,L896_radial_enriched,False,False,0,0,0.0,0.47619047619047566,0.5378265237179285
m1_rotating_crescent,9,L448_contrast,False,False,0,0,0.0,1.6666666666666676,1.6666666666666676
m1_rotating_crescent,9,L896_radial_enriched,False,False,0,0,0.0,22.169807437556546,22.169807437556546
m1_rotating_crescent,10,L448_contrast,False,False,0,0,0.0,44.33961487511309,44.33961487511309
m1_rotating_crescent,10,L896_radial_enriched,False,False,0,0,0.0,0.23809523809523697,0.23809523809523697
m1_rotating_crescent,11,L448_contrast,False,False,0,0,0.0,1.1904761904761898,1.1904761904761898
m1_rotating_crescent,11,L896_radial_enriched,False,False,0,0,0.0,0.0,0.0
m1_rotating_crescent,12,L448_contrast,False,False,0,0,0.0,2.3809523809523796,2.3940414032265203
m1_rotating_crescent,12,L896_radial_enriched,False,False,0,0,0.0,0.47619047619047566,0.5378265237179296
m1_rotating_crescent,13,L448_contrast,False,False,0,0,0.0,0.0,0.0
m1_rotating_crescent,13,L896_radial_enriched,False,False,0,0,0.0,0.0,0.0
m1_rotating_crescent,14,L448_contrast,False,False,0,0,0.0,2.1428571428571432,2.1573911872198512
m1_rotating_crescent,14,L896_radial_enriched,False,False,0,0,0.0,0.2380952380952389,0.3452380952380952
m1_rotating_crescent,15,L448_contrast,False,False,0,0,0.0,22.169807437556546,22.276950294699404
m1_rotating_crescent,15,L896_radial_enriched,False,False,0,0,0.0,0.23809523809523603,0.34523809523809645
m1_rotating_crescent,16,L448_contrast,False,False,0,0,0.0,1.4285714285714288,1.4285714285714288
m1_rotating_crescent,16,L896_radial_enriched,False,False,0,0,0.0,0.0,0.0
m1_rotating_crescent,17,L448_contrast,False,False,0,0,0.0,0.23809523809523656,0.23809523809523656
m1_rotating_crescent,17,L896_radial_enriched,False,False,0,0,0.0,0.23809523809523656,0.23809523809523656
m1_rotating_crescent,18,L448_contrast,False,False,0,0,0.0,0.7142857142857142,0.7142857142857142
m1_rotating_crescent,18,L896_radial_enriched,False,False,0,0,0.0,0.4761904761904775,0.4761904761904775
m1_rotating_crescent,19,L448_contrast,False,False,0,0,0.0,66.03323183647916,66.03323183647916
m1_rotating_crescent,19,L896_radial_enriched,False,False,0,0,0.0,0.23809523809523975,0.23809523809523975
m1_rotating_crescent,20,L448_contrast,False,False,0,0,0.0,22.169807437556546,22.169807437556546
m1_rotating_crescent,20,L896_radial_enriched,False,False,0,0,0.0,0.4761904761904775,0.4761904761904775
m1_rotating_crescent,21,L448_contrast,False,False,0,0,0.0,1.1904761904761898,1.1904761904761898
m1_rotating_crescent,21,L896_radial_enriched,False,False,0,0,0.0,0.0,0.0
m1_rotating_crescent,22,L448_contrast,False,False,0,0,0.0,22.88409315184226,22.88409315184226
m1_rotating_crescent,22,L896_radial_enriched,False,False,0,0,0.0,0.23809523809523697,0.23809523809523697
m1_rotating_crescent,23,L448_contrast,False,False,0,0,0.0,23.360283628032736,23.381993664050377
m1_rotating_crescent,23,L896_radial_enriched,False,False,0,0,0.0,0.0,0.24999999999999914
m2_structural_mode,0,L448_contrast,False,False,61,0,0.0,2.3809523809523796,2.3809523809523796
m2_structural_mode,0,L896_radial_enriched,False,False,61,0,0.0,0.0,0.0
m2_structural_mode,1,L448_contrast,False,False,61,0,0.0,88.6792297502262,88.6792297502262
m2_structural_mode,1,L896_radial_enriched,False,False,61,0,0.0,0.0,0.0
m2_structural_mode,2,L448_contrast,False,False,61,0,0.0,0.9523809523809516,0.9523809523809516
m2_structural_mode,2,L896_radial_enriched,False,False,61,0,0.0,0.9523809523809516,0.9523809523809516
m2_structural_mode,3,L448_contrast,False,False,61,0,0.0,88.67922975022618,88.67922975022618
m2_structural_mode,3,L896_radial_enriched,False,False,61,0,0.0,0.4761904761904778,0.4761904761904778
m2_structural_mode,4,L448_contrast,False,False,61,0,0.0,1.4285714285714284,1.4285714285714284
m2_structural_mode,4,L896_radial_enriched,False,False,61,0,0.0,0.0,0.0
m2_structural_mode,5,L448_contrast,False,False,61,0,0.0,1.4285714285714284,1.5135442928869343
m2_structural_mode,5,L896_radial_enriched,False,False,61,0,0.0,0.0,0.4999999999999983
m2_structural_mode,6,L448_contrast,False,False,61,0,0.0,87.72684879784524,87.72684879784524
m2_structural_mode,6,L896_radial_enriched,False,False,61,0,0.0,43.86342439892262,43.86342439892262
m2_structural_mode,7,L448_contrast,False,False,61,0,0.0,3.8095238095238075,3.8095238095238075
m2_structural_mode,7,L896_radial_enriched,False,False,61,0,0.0,44.81580535130357,44.81580535130357
m2_structural_mode,8,L448_contrast,False,False,61,0,0.0,87.72684879784524,87.72684879784524
m2_structural_mode,8,L896_radial_enriched,False,False,61,0,0.0,0.0,0.0
m2_structural_mode,9,L448_contrast,False,False,61,0,0.0,3.809523809523808,3.8421962020866127
m2_structural_mode,9,L896_radial_enriched,False,False,61,0,0.0,0.9523809523809513,1.0756530474358592
m2_structural_mode,10,L448_contrast,False,False,61,0,0.0,3.3333333333333353,3.370624736026117
m2_structural_mode,10,L896_radial_enriched,False,False,61,0,0.0,0.0,0.5000000000000028
m2_structural_mode,11,L448_contrast,False,False,61,0,0.0,44.81580535130357,44.81580535130357
m2_structural_mode,11,L896_radial_enriched,False,False,61,0,0.0,0.4761904761904778,0.4761904761904778
m2_structural_mode,12,L448_contrast,False,False,61,0,0.0,1.9692937601668776,1.9692937601668787
m2_structural_mode,12,L896_radial_enriched,False,False,61,0,0.0,1.0756530474358583,1.0756530474358605
m2_structural_mode,13,L448_contrast,False,False,61,0,0.0,0.4761904761904731,0.4761904761904731
m2_structural_mode,13,L896_radial_enriched,False,False,61,0,0.0,0.4761904761904731,0.4761904761904731
m2_structural_mode,14,L448_contrast,False,False,61,0,0.0,3.3333333333333353,3.3333333333333353
m2_structural_mode,14,L896_radial_enriched,False,False,61,0,0.0,0.0,0.0
m2_structural_mode,15,L448_contrast,False,False,61,0,0.0,44.33961487511309,44.33961487511309
m2_structural_mode,15,L896_radial_enriched,False,False,61,0,0.0,0.0,0.0
m2_structural_mode,16,L448_contrast,False,False,61,0,0.0,2.3809523809523796,2.3809523809523796
m2_structural_mode,16,L896_radial_enriched,False,False,61,0,0.0,0.0,0.0
m2_structural_mode,17,L448_contrast,False,False,61,0,0.0,87.72684879784524,87.72684879784524
m2_structural_mode,17,L896_radial_enriched,False,False,61,0,0.0,0.47619047619047744,0.47619047619047744
m2_structural_mode,18,L448_contrast,False,False,61,0,0.0,4.285714285714286,4.314782374439702
m2_structural_mode,18,L896_radial_enriched,False,False,61,0,0.0,0.9523809523809513,1.075653047435858
m2_structural_mode,19,L448_contrast,False,False,61,0,0.0,3.3333333333333353,3.370624736026116
m2_structural_mode,19,L896_radial_enriched,False,False,61,0,0.0,0.47619047619047744,0.6904761904761918
m2_structural_mode,20,L448_contrast,False,False,61,0,0.0,3.8095238095238075,3.8095238095238075
m2_structural_mode,20,L896_radial_enriched,False,False,61,0,0.0,0.47619047619047206,0.47619047619047206
m2_structural_mode,21,L448_contrast,False,False,61,0,0.0,88.2030392740357,88.2030392740357
m2_structural_mode,21,L896_radial_enriched,False,False,61,0,0.0,0.47619047619047394,0.47619047619047394
m2_structural_mode,22,L448_contrast,False,False,61,0,0.0,0.0,0.0
m2_structural_mode,22,L896_radial_enriched,False,False,61,0,0.0,0.0,0.0
m2_structural_mode,23,L448_contrast,False,False,61,0,0.0,132.06646367295832,132.06646367295832
m2_structural_mode,23,L896_radial_enriched,False,False,61,0,0.0,88.2030392740357,88.2030392740357
flare_birth_motion_decay,0,L448_contrast,False,False,0,0,0.0,0.0,0.4761904761904758
flare_birth_motion_decay,0,L896_radial_enriched,False,False,0,0,0.0,0.0,0.4761904761904758
flare_birth_motion_decay,1,L448_contrast,False,False,0,0,0.0,0.0,21.93171219946131
flare_birth_motion_decay,1,L896_radial_enriched,False,False,0,0,0.0,0.0,0.0
flare_birth_motion_decay,2,L448_contrast,False,False,0,0,0.0,0.0,21.93171219946131
flare_birth_motion_decay,2,L896_radial_enriched,False,False,0,0,0.0,0.0,21.93171219946131
flare_birth_motion_decay,3,L448_contrast,False,False,0,0,0.0,0.0,21.93171219946131
flare_birth_motion_decay,3,L896_radial_enriched,False,False,0,0,0.0,0.0,21.93171219946131
flare_birth_motion_decay,4,L448_contrast,False,False,0,0,0.0,0.0,0.24999999999999914
flare_birth_motion_decay,4,L896_radial_enriched,False,False,0,0,0.0,0.0,0.24999999999999914
flare_birth_motion_decay,5,L448_contrast,False,False,0,0,0.0,1.666666666666667,21.93171219946131
flare_birth_motion_decay,5,L896_radial_enriched,False,False,0,0,0.0,0.7142857142857133,21.93171219946131
flare_birth_motion_decay,6,L448_contrast,False,False,0,0,0.0,1.1904761904761898,1.1904761904761898
flare_birth_motion_decay,6,L896_radial_enriched,False,False,0,0,0.0,0.0,0.0
flare_birth_motion_decay,7,L448_contrast,False,False,0,0,0.0,0.0,0.7567721464434671
flare_birth_motion_decay,7,L896_radial_enriched,False,False,0,0,0.0,0.0,0.24999999999999914
flare_birth_motion_decay,8,L448_contrast,False,False,0,0,0.0,0.0,0.7567721464434671
flare_birth_motion_decay,8,L896_radial_enriched,False,False,0,0,0.0,0.0,0.24999999999999914
flare_birth_motion_decay,9,L448_contrast,False,False,0,0,0.0,0.0,22.46953872317924
flare_birth_motion_decay,9,L896_radial_enriched,False,False,0,0,0.0,0.0,0.3452380952380954
flare_birth_motion_decay,10,L448_contrast,False,False,0,0,0.0,0.0,43.86342439892262
flare_birth_motion_decay,10,L896_radial_enriched,False,False,0,0,0.0,0.0,21.93171219946131
flare_birth_motion_decay,11,L448_contrast,False,False,0,0,0.0,0.0,1.685312368013058
flare_birth_motion_decay,11,L896_radial_enriched,False,False,0,0,0.0,0.0,0.34523809523809507
flare_birth_motion_decay,12,L448_contrast,False,False,0,0,0.0,0.0,22.407902675651783
flare_birth_motion_decay,12,L896_radial_enriched,False,False,0,0,0.0,0.0,0.2380952380952389
flare_birth_motion_decay,13,L448_contrast,False,False,0,0,0.0,0.0,22.16980743755655
flare_birth_motion_decay,13,L896_radial_enriched,False,False,0,0,0.0,0.0,22.16980743755655
flare_birth_motion_decay,14,L448_contrast,False,False,0,0,0.0,0.0,1.5135442928869343
flare_birth_motion_decay,14,L896_radial_enriched,False,False,0,0,0.0,0.0,0.6904761904761889
flare_birth_motion_decay,15,L448_contrast,False,False,0,0,0.0,0.0,22.276950294699404
flare_birth_motion_decay,15,L896_radial_enriched,False,False,0,0,0.0,0.0,0.3452380952380952
flare_birth_motion_decay,16,L448_contrast,False,False,0,0,0.0,0.0,22.16980743755655
flare_birth_motion_decay,16,L896_radial_enriched,False,False,0,0,0.0,0.0,0.0
flare_birth_motion_decay,17,L448_contrast,False,False,0,0,0.0,0.0,43.86342439892262
flare_birth_motion_decay,17,L896_radial_enriched,False,False,0,0,0.0,0.0,21.93171219946131
flare_birth_motion_decay,18,L448_contrast,False,False,0,0,0.0,1.1904761904761898,1.1904761904761898
flare_birth_motion_decay,18,L896_radial_enriched,False,False,0,0,0.0,0.0,0.0
flare_birth_motion_decay,19,L448_contrast,False,False,0,0,0.0,0.0,22.276950294699404
flare_birth_motion_decay,19,L896_radial_enriched,False,False,0,0,0.0,0.0,22.18171219946131
flare_birth_motion_decay,20,L448_contrast,False,False,0,0,0.0,0.9523809523809527,0.9846468800834388
flare_birth_motion_decay,20,L896_radial_enriched,False,False,0,0,0.0,0.2380952380952389,0.3452380952380952
flare_birth_motion_decay,21,L448_contrast,False,False,0,0,0.0,0.0,22.18171219946131
flare_birth_motion_decay,21,L896_radial_enriched,False,False,0,0,0.0,0.0,0.3452380952380932
flare_birth_motion_decay,22,L448_contrast,False,False,0,0,0.0,0.0,22.169807437556546
flare_birth_motion_decay,22,L896_radial_enriched,False,False,0,0,0.0,0.0,22.169807437556546
flare_birth_motion_decay,23,L448_contrast,False,False,0,0,0.0,0.0,0.23809523809523656
flare_birth_motion_decay,23,L896_radial_enriched,False,False,0,0,0.0,0.0,0.23809523809523656
plunging_feature,0,L448_contrast,False,False,0,0,0.0,23.00736524689717,23.312664580413692
plunging_feature,0,L896_radial_enriched,False,False,0,0,0.0,0.5000000000000006,1.000000000000001
plunging_feature,1,L448_contrast,False,False,0,0,0.0,2.6891326185896456,2.814060098925186
plunging_feature,1,L896_radial_enriched,False,False,0,0,0.0,1.3376312532288195,1.5737717018724555
plunging_feature,2,L448_contrast,False,False,0,0,0.0,2.615690489085793,3.107142857142858
plunging_feature,2,L896_radial_enriched,False,False,0,0,0.0,1.573771701872451,2.2998385529455145
plunging_feature,3,L448_contrast,False,False,0,0,0.0,22.6221883899375,22.82011378073777
plunging_feature,3,L896_radial_enriched,False,False,0,0,0.0,0.5537953976006181,0.7868858509362279
plunging_feature,4,L448_contrast,False,False,0,0,0.0,22.803609029156576,23.160615809038827
plunging_feature,4,L896_radial_enriched,False,False,0,0,0.0,0.6904761904761921,1.1075907952012396
plunging_feature,5,L448_contrast,False,False,0,0,0.0,1.9150022350093243,2.7689769880030974
plunging_feature,5,L896_radial_enriched,False,False,0,0,0.0,1.5187788984587696,2.511312274967737
plunging_feature,6,L448_contrast,False,False,0,0,0.0,2.278292762976742,2.761904761904763
plunging_feature,6,L896_radial_enriched,False,False,0,0,0.0,1.3376312532288233,2.055907918564088
plunging_feature,7,L448_contrast,False,False,0,0,0.0,22.469538723179237,22.622188389937502
plunging_feature,7,L896_radial_enriched,False,False,0,0,0.0,0.34523809523809385,0.5537953976006215
plunging_feature,8,L448_contrast,False,False,0,0,0.0,23.445256492348243,23.67550585885184
plunging_feature,8,L896_radial_enriched,False,False,0,0,0.0,0.5000000000000006,1.000000000000001
plunging_feature,9,L448_contrast,False,False,0,0,0.0,22.485507597061925,22.718598050397535
plunging_feature,9,L896_radial_enriched,False,False,0,0,0.0,0.5537953976006174,0.7868858509362273
plunging_feature,10,L448_contrast,False,False,0,0,0.0,2.1165381074033855,2.9966203563499185
plunging_feature,10,L896_radial_enriched,False,False,0,0,0.0,1.7661226861131791,2.7602879093318577
plunging_feature,11,L448_contrast,False,False,0,0,0.0,1.7261904761904763,2.1165381074033855
plunging_feature,11,L896_radial_enriched,False,False,0,0,0.0,1.2724737099066639,1.7661226861131791
plunging_feature,12,L448_contrast,False,False,0,0,0.0,2.2422706745122842,3.0046260628866577
plunging_feature,12,L896_radial_enriched,False,False,0,0,0.0,1.5737717018724506,2.5449474198133277
plunging_feature,13,L448_contrast,False,False,0,0,0.0,2.2422706745122842,3.004626062886656
plunging_feature,13,L896_radial_enriched,False,False,0,0,0.0,1.5737717018724506,2.5449474198133255
plunging_feature,14,L448_contrast,False,False,0,0,0.0,2.496284086469889,2.5824279738964293
plunging_feature,14,L896_radial_enriched,False,False,0,0,0.0,0.8884015812764569,1.10759079520124
plunging_feature,15,L448_contrast,False,False,0,0,0.0,1.3809523809523814,1.7768031625529188
plunging_feature,15,L896_radial_enriched,False,False,0,0,0.0,1.0279539592820441,1.5187788984587696
plunging_feature,16,L448_contrast,False,False,0,0,0.0,1.2289036095775172,1.6613861928018618
plunging_feature,16,L896_radial_enriched,False,False,0,0,0.0,1.1075907952012376,1.5737717018724553
plunging_feature,17,L448_contrast,False,False,0,0,0.0,22.68171219946131,23.18171219946131
plunging_feature,17,L896_radial_enriched,False,False,0,0,0.0,0.7868858509362257,1.272473709906664
plunging_feature,18,L448_contrast,False,False,0,0,0.0,2.416666666666665,3.0046260628866577
plunging_feature,18,L896_radial_enriched,False,False,0,0,0.0,1.766122686113177,2.511312274967737
plunging_feature,19,L448_contrast,False,False,0,0,0.0,1.8901598031998903,2.600039246171614
plunging_feature,19,L896_radial_enriched,False,False,0,0,0.0,1.7499999999999987,2.5000000000000004
plunging_feature,20,L448_contrast,False,False,0,0,0.0,22.48550759706193,22.718598050397535
plunging_feature,20,L896_radial_enriched,False,False,0,0,0.0,0.5537953976006201,0.7868858509362279
plunging_feature,21,L448_contrast,False,False,0,0,0.0,23.75935488274975,23.87536283107641
plunging_feature,21,L896_radial_enriched,False,False,0,0,0.0,22.820113780737767,23.03930299466255
plunging_feature,22,L448_contrast,False,False,0,0,0.0,1.74379365939053,2.071428571428573
plunging_feature,22,L896_radial_enriched,False,False,0,0,0.0,1.0279539592820444,1.5187788984587698
plunging_feature,23,L448_contrast,False,False,0,0,0.0,23.486457696348406,23.846714434470634
plunging_feature,23,L896_radial_enriched,False,False,0,0,0.0,1.027953959282044,1.5187788984587693
three_hotspot_cluster,0,L448_contrast,True,False,61,0,0.0,33.11646742034851,34.963662565726366
three_hotspot_cluster,0,L896_radial_enriched,True,False,61,0,0.0,1.4472483369196554,2.3643629416447
three_hotspot_cluster,1,L448_contrast,True,False,61,30,0.4918032786885246,22.688484345904776,44.84807127900606
three_hotspot_cluster,1,L896_radial_enriched,True,False,61,37,0.6065573770491803,22.645997913747024,45.07986739392514
three_hotspot_cluster,2,L448_contrast,True,False,61,0,0.0,24.397637444729195,26.352556765240745
three_hotspot_cluster,2,L896_radial_enriched,True,False,61,0,0.0,22.88409315184226,23.03372244114287
three_hotspot_cluster,3,L448_contrast,True,False,61,0,0.0,23.360283628032736,23.493393289701924
three_hotspot_cluster,3,L896_radial_enriched,True,False,61,0,0.0,0.5833333333333333,1.0418906356958582
three_hotspot_cluster,4,L448_contrast,True,False,61,0,0.0,1.3298849753215316,26.018246008293154
three_hotspot_cluster,4,L896_radial_enriched,True,False,61,0,0.0,0.5833333333333306,23.20552172327083
three_hotspot_cluster,5,L448_contrast,True,False,61,12,0.19672131147540983,22.830745692300024,45.09232800850013
three_hotspot_cluster,5,L896_radial_enriched,True,False,61,0,0.0,22.71859805039753,23.209666158743353
three_hotspot_cluster,6,L448_contrast,True,False,61,0,0.0,23.598378866127973,23.814932725114375
three_hotspot_cluster,6,L896_radial_enriched,True,False,61,0,0.0,22.169807437556546,22.526950294699404
three_hotspot_cluster,7,L448_contrast,True,False,61,30,0.4918032786885246,35.64999687659601,45.53009106558928
three_hotspot_cluster,7,L896_radial_enriched,True,False,61,35,0.5737704918032787,44.10151963701785,44.55390058939881
counter_rotating_pair,0,L448_contrast,True,False,61,57,0.9344262295081968,23.1221883899375,23.222926186409524
counter_rotating_pair,0,L896_radial_enriched,True,False,61,43,0.7049180327868853,22.169807437556546,22.407902675651783
counter_rotating_pair,1,L448_contrast,True,False,47,0,0.0,21.201557325161065,46.46346364509423
counter_rotating_pair,1,L896_radial_enriched,True,False,47,0,0.0,22.75314077088988,44.746489017878645
counter_rotating_pair,2,L448_contrast,True,False,61,61,1.0,23.360283628032736,23.445256492348246
counter_rotating_pair,2,L896_radial_enriched,True,False,61,47,0.7704918032786885,22.645997913747024,23.00736524689717
counter_rotating_pair,3,L448_contrast,True,False,0,0,0.0,44.33961487511309,44.40125092264055
counter_rotating_pair,3,L896_radial_enriched,True,False,0,0,0.0,0.23809523809523697,0.34523809523809545
counter_rotating_pair,4,L448_contrast,True,False,61,61,1.0,22.803609029156572,22.967426485175597
counter_rotating_pair,4,L896_radial_enriched,True,False,61,61,1.0,23.160615809038823,23.160615809038827
counter_rotating_pair,5,L448_contrast,True,False,61,0,0.0,16.8490814258236,17.574836784027287
counter_rotating_pair,5,L896_radial_enriched,True,False,61,61,1.0,22.169807437556546,22.276950294699407
counter_rotating_pair,6,L448_contrast,True,False,61,61,1.0,22.88409315184226,22.916359079544748
counter_rotating_pair,6,L896_radial_enriched,True,False,61,0,0.0,16.38095238095238,16.488095238095237
counter_rotating_pair,7,L448_contrast,True,False,0,0,0.0,0.7567721464434671,0.7567721464434679
counter_rotating_pair,7,L896_radial_enriched,True,False,0,0,0.0,0.7567721464434671,0.7567721464434679
radially_drifting_arc,0,L448_contrast,True,False,0,0,0.0,1.4285714285714288,1.9047619047619038
radially_drifting_arc,0,L896_radial_enriched,True,False,0,0,0.0,22.169807437556546,22.407902675651783
radially_drifting_arc,1,L448_contrast,True,False,0,0,0.0,22.407902675651783,22.645997913747024
radially_drifting_arc,1,L896_radial_enriched,True,False,0,0,0.0,0.47619047619047566,0.7142857142857142
radially_drifting_arc,2,L448_contrast,True,False,0,0,0.0,44.10151963701786,44.57771011320833
radially_drifting_arc,2,L896_radial_enriched,True,False,0,0,0.0,21.93171219946131,22.407902675651787
radially_drifting_arc,3,L448_contrast,True,False,0,0,0.0,44.10151963701786,66.2713270745744
radially_drifting_arc,3,L896_radial_enriched,True,False,0,0,0.0,22.16980743755655,44.33961487511309
radially_drifting_arc,4,L448_contrast,True,False,0,0,0.0,22.169807437556546,44.10151963701785
radially_drifting_arc,4,L896_radial_enriched,True,False,0,0,0.0,0.47619047619047566,0.7142857142857142
radially_drifting_arc,5,L448_contrast,True,False,0,0,0.0,1.1904761904761898,1.4285714285714288
radially_drifting_arc,5,L896_radial_enriched,True,False,0,0,0.0,0.0,0.23809523809523925
radially_drifting_arc,6,L448_contrast,True,False,0,0,0.0,22.407902675651787,44.33961487511309
radially_drifting_arc,6,L896_radial_enriched,True,False,0,0,0.0,0.4761904761904775,43.86342439892262
radially_drifting_arc,7,L448_contrast,True,False,0,0,0.0,0.4761904761904758,0.7142857142857142
radially_drifting_arc,7,L896_radial_enriched,True,False,0,0,0.0,0.4761904761904758,0.7142857142857142
two_hotspot_trajectories,-1,L448_contrast,False,True,0,0,0.0,0.6904761904761906,0.8884015812764583
two_hotspot_trajectories,-1,L896_radial_enriched,False,True,0,0,0.0,0.5378265237179286,0.5378265237179286
